P1. Boende,P2. Bebyggd miljö,P3. Tjänster för familjer,P4. Socialtjänster,"P5. Hälso- och sjukvård, näring",P6. Utbildning,P7. Rättssäkerhet,P8. Demokrati,P9. Förvaltning (inaktiv),P10. Arbete och arbetslöshet,P11. Näringar,P12. Arbetsgivares tjänster,P13. Pensioner,P14. Beskattning och offentlig ekonomi,P15. Privat ekonomi och finansiering,P16. Trafik,P17. Turism,P18. Kartor,P19. Säkerhet,P20. Ordning,P21. Konsumentärenden,P22. Immigration och emigration,P23. Miljö,"P24. Naturresurser, djur och växter",P25. Kultur,P26. Kommunikation,P27. Motion och friluftsliv
"Denna servicegrupp omfattar hur man söker, hittar och skaffar en bostad, olika boendeformer, ekonomiskt stöd för boende, processer och tjänster i anslutning till flyttning inom Finland samt tjänster som berör befolkningsdatasystemet.",I denna serviceundergrupp behandlas byggnader ämnade för offentligt och boendebruk samt kommunal infrastruktur och dess tjänster allmänt i anslutning till fastigheter och dess bruk.,"I denna servicegrupp behandlas tjänster för barnfamiljer, som i huvudsak omfattar perioden från graviditeten till att en ung person blir myndig. I innehållet i servicegruppen granskas tjänsterna för familjer och situationer ofta via aktörer, situationer och synvinklar.","I den här servicegruppen behandlas både allmänna socialtjänster och socialtjänster för specialgrupper, vilka avsetts som stöd för medborgarnas vardag, boende och försörjning.",I denna serviceundergrupp behandlas både allmänna och hälso- och sjukvårdstjänster för vissa grupper. Till gruppen hör också tjänster i anslutning till läkemedel och näring samt rehabilitering för hälso- och sjukvårdens och medicinska rehabiliteringens del.,"I denna serviceundergrupp behandlas utbildningstjänster som omfattas av den allmänna läroplikten, andra gradens utbildningstjänster, utbildning av högre graden samt vuxen-, fortsättnings- och kompletteringsutbildning. Ekonomiskt stöd för studierna, studier utomlands och tjänster i samband med vetenskapligt arbete hör också till denna grupp.","I denna servicegrupp behandlas service relaterad till grundläggande rättigheter, lagstiftning, rättsprocesser och -instanser, skydd för privatlivet, medborgarskap och minoriteter samt upphovsrätt. Konsumentärenden behandlas inte i denna grupp, utan i en egen huvudgrupp.","Denna servicegrupp omfattar tjänster och information relaterade till representativ demokrati. Fokus ligger på partier, valsystem och röstning samt service som tillhandahålls av medborgarsamhället och tredje sektorn.",Innehållet till denna kategori produceras senare. Använd därför inte kategorin när du beskriver tjänster.,"I denna servicegrupp behandlas jobbsökning och rekrytering, avtal och regler relaterade till arbetslivet, upprätthållande av arbetsförmågan, stöd för arbetslöshetstiden och sysselsättning samt föreningsverksamhet för arbetslösa.",Denna servicegrupp omfattar alla tjänster relaterade till företagsverksamhet från etablering av företag till utveckling av affärsverksamheten och nedläggning av företag.,Huvudgruppen Arbetsgivares tjänster omfattar alla arbetsgivarrelaterade ärenden såsom rekrytering och utveckling av personalen.,I denna servicegrupp behandlas ur ett serviceperspektiv typer av lagstadgade pensioner i Finland samt pensionsskyddet för personer som är permanent bosatta i utlandet med tanke på både finländare bosatta utomlands och invandrare bosatta i Finland.,I denna servicegrupp behandlas de centrala slagen av person- och företagsbeskattningen samt ärenden relaterade till statens och kommunernas ekonomi ur ett serviceperspektiv.,"I denna servicegrupp behandlas privatpersoners och företags finansierings- och skuldfrågor, konkurs och utsökning samt bankernas och finansmarknadens funktion med tanke på insättningar, placeringar och finansiering.","I denna servicegrupp behandlas kollektivtrafik, registrerings-, beskattnings- och tillståndsärenden för fordon, yrkestrafik och trafiksäkerhet ur ett serviceperspektiv. Rese- och karttjänster ingår inte i denna grupp utan behandlas i egna servicegrupper.","I denna servicegrupp behandlas resetjänster, resedokument, gränstjänster, turisters säkerhet och finländska beskickningars tjänster.",I denna servicegrupp behandlas olika karttjänster och tjänster för geodatamaterial.,"I denna servicegrupp behandlas tjänster relaterade till olyckor, brott och säkerhet i kristider med tanke på både medborgarna och samhället. Gruppen omfattar all förebyggande verksamhet, räddningstjänster och verksamhet som fokuserar på hela landets säkerhet.",I denna grupp behandlas upprätthållande av samhällsordningen och säkerheten under normala förhållanden. Gruppen omfattar främst tjänster som tillhandahålls av polisen och andra parter som ansvarar för övervakningen av ordningen.,I denna servicegrupp behandlas konsumentskydd och konsumenters rättigheter inom varuhandel och service samt försäkring.,I denna servicegrupp behandlas utländska medborgares immigration till Finland och finska medborgares emigration till utlandet och återvändande till Finland. Gruppen omfattar lagstadgade förfaranden såsom tillstånd och anmälningar samt dessutom olika slags stöd- och rådgivningstjänster.,I denna servicegrupp behandlas miljörelaterade tjänster med tanke på såväl naturliga miljöer som boendemiljöer och övriga bebyggda miljöer.,I denna servicegrupp behandlas naturresurser såsom växter och djur främst ur produktionsekonomins perspektiv.,"I denna servicegrupp behandlas kulturtjänster på ett omfattande plan inom ramen för olika konstarter, biblioteksväsendet, religiösa samfund och fritt bildningsarbete. Även olika fritidstjänster hör till denna grupp.","I denna servicegrupp behandlas kommunikation utifrån masskommunikation och elektronisk kommunikation, och den omfattar YLE, operatörer, opinionsnämnden för massmedier, yttrandefrihet, integritet, domännamn och posttjänster med tanke på författningar och primärservice. Gruppen omfattar bland annat Rundradion, opinionsnämnden för massmedier, tele- och internetoperatörer samt författningar om kommunikation.","I denna servicegrupp behandlas tjänster relaterade till motion, friluftsliv och fritidsverksamhet ute i naturen."
P1.1. Hyresboende,P2.1. Byggande,P3.1. Parförhållande,P4.1. Boendetjänster,P5.1. Primärvård,P6.1. Förskoleundervisning,P7.1. Medborgarnas grundläggande rättigheter,P8.1. Partier,,P10.1. Jobbsökning och arbetsplatser,P11.1. Etablering av företag,P12.1. Arbetsgivartjänster,P13.1. Folkpension,P14.1. Personbeskattning,P15.1. Ekonomi- och skuldrådgivning för privatpersoner,P16.1. Fordon och registrering för vägtrafik,P17.1. Turism i Finland,P18.1. Kartor och karttjänster,P19.1. Brand- och räddningsverksamhet,P20.1. Övervakning av ordning och tillstånd som beviljas av polisen,P21.1. Konsumentskydd,P22.1. Immigrationstillstånd och handlingar,P23.1. Miljö- och naturskydd,P24.1. Vilda växter och djur,P25.1. Biblioteks- och informationstjänster,P26.1. Massmedier,P27.1. Motion och idrott
"I denna serviceundergrupp behandlas tjänster för hyresbostäders tillgänglighet och prisuppgifter, hyresavtalsärenden, hyrestagarens rättigheter och skyldigheter samt uthyrning och återuthyrning av bostad. Till gruppen hör också tjänster i anslutning till sökande och anskaffande av hyresbostad.","I denna serviceundergrupp behandlas ärenden i samband med byggande utgående från tjänster för en privat byggare. Centrala ärenden är t.ex. bygglov och tillståndsprocesser, sörjande för byggnadstillsyn, renovering och ombyggnad samt skatteärenden i anslutning till byggande.","I denna serviceundergrupp behandlas äktenskap, samboförhållande och registrerat partnerskap, lagstadgade skyldigheter och rättigheter för olika förhållandeformer, eventuella juridiska avtal i anslutning till förhållandet samt processer för att upplösa förhållandet.","Till denna serviceundergrupp hör bostads- och serviceboendelösningar särskilt för äldre och personer med nedsatt funktionsförmåga (subventionerat boende, serviceboende och effektiverat serviceboende), bidrag i samband med dessa samt hjälp- och stödmedel som används hemma. Till denna grupp hör inte t.ex. hem- och hemsjukvårdstjänster, som finns i sina egna grupper.","Denna serviceundergrupp omfattar tjänster som svarar mot definitionen av primärvård: ""Primärvården främjar, stöder och upprätthåller befolkningens hälsa, välfärd och funktionsförmåga genom att erbjuda hälso- och sjukvårdstjänster. Huvudsakliga serviceformer är kommuninvånarnas besök på olika graders skötar- och läkarmottagningar och dygnet runt sjukvård på hälsovårdscentralen. Verksamheten grundar sig i huvudsak på lagstiftning som reglerar den kommunala hälso- och sjukvården.""",Till denna servicearbetsgrupp hör både den egentliga förskoleundervisningen med innehåll och det lokala ordnandet av förskoleundervisning och alternativ med tanke på barnen och deras familjer.,"Denna serviceundergrupp omfattar tjänster som föranleds av Finlands nationella lagstiftning och som anknyter till rösträtt, yttrande-, religions- och mötesfrihet samt national- och minoritetsspråk. Gruppen omfattar också tjänster relaterade till EU-medborgares rättigheter.",Denna serviceundergrupp omfattar ärenden relaterade till grundande och registrering av partier samt partistöd.,,"Denna serviceundergrupp omfattar flera tjänster för arbetslösa. Med hjälp av dem kan arbetssökande bland annat söka lediga arbetsplatser i Finland och utomlands, anmäla sig som arbetslös arbetssökande, skriva CV och lämna öppna ansökningar till rekryteringstjänster. Även tjänster av typen jobbsökningscoachning och arbetskraftsutbildning hör till denna grupp.","Denna underservicegrupp omfattar bidrag, finansiella tjänster och rådgivning samt informationsmöten avsedda för etablering av företag.",Denna underservicegrupp omfattar arbetsgivarrelaterade ärenden såsom arbetsgivarskyldigheter.,Denna underservicegrupp omfattar ärenden relaterade till folkpension och garantipension ur ett serviceperspektiv.,"Denna underservicegrupp omfattar tjänster som anknyter till förskottsskatt på förvärvsinkomst, ändring av skattekort och skattesats, skatteförslag och -avdrag samt skattekalkylatorer. Även kyrkoskatt hör till denna grupp.",Denna serviceundergrupp omfattar tjänster som antingen proaktivt stöder privatpersoners eller hushålls ekonomiplanering och -hantering eller som bistår i betalningsproblem.,"Denna serviceundergrupp omfattar tjänster relaterade till ägande, import och registrering av fordon för vägtrafik samt fordonens trafikduglighet.","Denna serviceundergrupp omfattar informations-, rutt- och logitjänster i Finland.","Denna serviceundergrupp omfattar allmänna elektroniska tjänster, såsom nationella och regionala terräng- och guidekartor, tematiska karttjänster såsom vandringskartor, ruttjänster samt särskilda karttjänster för vatten- och lufttrafik.",Denna serviceundergrupp omfattar lokala och nationella brand- och räddningstjänster.,Denna serviceundergrupp omfattar tjänster relaterade till upprätthållande och övervakning av ordning som utförs av myndigheter och parter som de befullmäktigat. Denna grupp omfattar också tillståndsärenden som polisen ansvarar för.,"Denna serviceundergrupp omfattar konsumenters rättigheter och relaterade informationstjänster, reklamationer, återlämning och behandling av tvister. I gruppen beaktas såväl varuhandel (butiks- och nätinköp) och resetjänster som andra immateriella tjänster.",Denna serviceundergrupp omfattar handlingar som inresa till Finland förutsätter samt ansökan och användning av dem.,"Denna serviceundergrupp omfattar i första hand förfaranden som förebygger miljöolägenheter, såsom reglering av kända skadliga faktorer, skydd av olika arter, etablering av områden i naturtillstånd samt utbildnings- och rådgivningstjänster.","Denna serviceundergrupp omfattar tjänster relaterade till vilda växter och djur, såsom tillstånd, anmälningar om observationer och olika informationstjänster.",Denna serviceundergrupp anknyter till kommunala och nationella allmän- och specialbibliotek samt olika organisationers specialiserade informationstjänster på både webben och serviceställen.,"Denna serviceundergrupp omfattar traditionella massmedier (radio, tv, pressen) med olika tjänster, koncessioner relaterade till massmedier samt frågor om yttrandefrihet.","Denna serviceundergrupp omfattar motionsställen, idrottsinstitut och deras tjänster, informationstjänster för motion samt idrottsföreningars och motionsorganisationers verksamhet."
P1.2. Ägarboende,P2.2. Reparations- och energibidrag,P3.2. Att få barn,P4.2. Äldretjänster,P5.2. Rådgivningstjänster,P6.2. Grundläggande utbildning,P7.2. Lagar och förordningar,P8.2. Val,,P10.2. Yrkesval och karriärplanering,P11.2. Branschspecifika tillstånd och skyldigheter,P12.2. Rekrytering,P13.2. Arbetspensioner,P14.2. Egendomsbeskattning,P15.2. Ekonomi- och skuldrådgivning för företag,P16.2. Körundervisning och körtillstånd i vägtrafik,P17.2. Turism i EU-området,P18.2. Geodatatjänster,P19.2. Befolkningsskydd,P20.2. Ordnande av evenemang,P21.2. Försäkringar,P22.2. Invandrares arbete och studier,P23.2. Avfallshantering,P24.2. Växtproduktion,P25.2. Konst,P26.2. Posttjänster,P27.2. Camping
"Till denna serviceundergrupp hör ärenden i anslutning till finansiering och beskattning, tjänster som gäller uppgifter om försäljningspriser samt affärens villkor och eventuella tvistemål.  Till gruppen hör också tjänster i anslutning till sökande och anskaffande av ägarbostad.","I denna underservicegrupp behandlas ur servicesynpunkt bidrag i anslutning till ombyggnad och till ökningen av byggnadens energieffektivitet, ansökningsprocesser för bidragen och ärendehanteringstjänster i samband med dem.",I denna serviceundergrupp behandlas tjänster för graviditetstiden och barnets babytid och ekonomiska bidrag för familjen. Till denna serviceundergrupp hör också fertilitetsbehandlingar och adoptioner samt ärenden i samband med namngivning.,"Till denna serviceundergrupp hör andra än boendetjänster, bl.a. rehabiliterings-, transport- och väntjänster för de äldre.",I denna serviceundergrupp behandlas kommunens lagstadgade moderskaps- och barnrådgivningstjänster med olika verksamhetsformer.,"Till denna serviceundergrupp hör både den egentliga grundläggande utbildningen med innehåll och mål samt direkta tjänster som erbjuds i anslutning till grundläggande utbildningen och för att stöda den, t.ex. skoltransporter, skolmat och assistanstjänster. Till denna grupp hör också ärenden i anslutning till avläggande av grundläggande utbildning utomlands i enlighet med den finska grundläggande utbildningen.","I denna serviceundergrupp behandlas tjänster, vars syfte är att göra gällande lagstiftning tillgänglig för medborgare, informera om lagstiftningsarbetet och på olika sätt underlätta medborgarnas deltagande i lagstiftningens processer för beredning och hörande.","Denna serviceundergrupp omfattar tjänster och uppföljning relaterade till förutsättningar för rösträtt, förfaranden för kandidatuppställning i nationella och kommunala val eller Europaparlamentsval, information om val till väljare, valfinansiering samt informationstjänster för valresultat.",,I denna serviceundergrupp behandlas tjänster som primärt anlitas antingen i början av arbetskarriären eller i situationer av arbetslösheten för att hjälpa arbetssökande att hitta en lämplig arbets- eller utbildningskarriär. Yrkesvalstjänster för skolelever och studerande finns i en egen undergrupp under huvudgruppen Utbildning.,"Denna underservicegrupp omfattar obligatoriska ärenden relaterade till företagsverksamhet, såsom tillstånd, anmälningar och registrering.",Denna underservicegrupp omfattar tjänster relaterade till rekrytering och löner.,I denna underservicegrupp behandlas arbetsbaserade pensioner ur ett serviceperspektiv: arbetspension samt kommunernas och statens pensioner. Även pensionsförsäkring hör till denna grupp.,"Denna underservicegrupp omfattar tjänster som anknyter till beskattning av egendom. Hit hör bland annat beskattning av arv, gåvor, hyresintäkter, försäljningsvinster och fastigheter. Kalkylatorer för egendomsskatt och motsvarande verktyg hör till denna grupp.","Denna grupp omfattar ärenden relaterade till ekonomiska problem hos företag, såsom sanerings- och skuldrådgivning.","Denna serviceundergrupp omfattar körtillstånd, undervisning och tillståndsexamina för fordon i vägtrafik.",Denna serviceundergrupp omfattar EU-medborgares rättigheter som turist i EU-området samt regler för och begränsningar i privat import och export.,Denna serviceundergrupp omfattar geodatatjänster i dataformat om den bebyggda och naturliga miljön i Finland.,"Denna serviceundergrupp omfattar skyddsrum, utbildning i befolkningsskydd och övriga tjänster och funktioner relaterade till skyddet av befolkningen i krissituationer samt försörjningsberedskap.",I denna serviceundergrupp behandlas tjänster och förpliktande förfaranden relaterade till ordnande av allmänna evenemang och allmänna möten på allmänna platser såsom demonstrationer.,"I denna serviceundergrupp behandlas lagstadgade och frivilliga försäkringar, teckning av och villkor för dem, ersättningsförfaranden och överklagande av försäkringsbeslut.",I denna serviceundergrupp behandlas tillstånd som utländska medborgare behöver för att kunna arbeta eller studera samt utbildnings- och stödtjänster för invandrare på arbetsmarknaden.,"I denna serviceundergrupp behandlas kommunal lagstadgad avfallshantering, lokal forskning i och utredning av avfall samt relaterade informationstjänster.","I denna serviceundergrupp behandlas tjänster relaterade till professionell växtproduktion, såsom produktionsstöd, bekämpning av skadedjur och ersättningar för missväxt.","I denna serviceundergrupp behandlas yrkesutbildning och utbildning på högre stadier som anknyter till utställningar och evenemang som riktar sig till allmänheten och som fokuserar på bildkonst, konstindustri, föreställande konstarter, musik och litteratur samt informationstjänster relaterade till konstsamlingar.",Denna serviceundergrupp omfattar tjänster som fastställts som offentliga enligt lagen om posttjänster.,"I denna serviceundergrupp behandlas användning av naturen för rekreation, vilket omfattar allemansrätt, campingområden och kartor, naturcentraler och nationalparker."
P1.3. Delägar- och bostadsrättsboende,"P2.3. Markanvändning, planering och tomter",P3.3. Fastställande av faderskap,P4.3. Hemvård och hemservice,P5.3. Vaccinationer,P6.3. Morgon- och eftermiddagsverksamhet,P7.3. Rättssäkerhet och lagenlighet,P8.3. Medborgarnas medverkan,,P10.3. Arbetslivets regler och kollektivavtal,P11.3. Utveckling av affärsverksamheten,P12.3. Hushåll som arbetsgivare,P13.3. Invalidpension,P14.3. Fordonsbeskattning,P15.3. Lån och kredituppgifter,P16.3. Trafiksäkerhet och trafikregler i vägtrafik,P17.3. Turism utanför EU-området,,P19.3. Nödnummer och olyckor,P20.3. Hittegods,,P22.3. Språkkurser,P23.3. Vattenförsörjning,P24.3. Produktionsdjur,P25.3. Museer,P26.3. Datakommunikation,P27.3. Båtliv
Till denna serviceundergrupp hör ansöknings- och finansieringsförfaranden i anslutning till dessa boendeformer samt förutsättningar för sökandet. Till gruppen hör också tjänster i anslutning till sökande och anskaffande av delägar- eller bostadsrättsbostad.,"I denna underservicegrupp behandlas landskapsplanering, detaljplaner och stadsplaner, påverkningsmöjligheter för dessa samt affärer med och hyrning av planerad mark och tomter, inklusive företagstomter.",I denna serviceundergrupp behandlas förfaranden och skyldigheter i anslutning till erkännande och fastställande av faderskap.,"Till denna serviceundergrupp hör tjänster som ansluter sig särskilt till hemvård och hemservice för de äldre och personer med funktionsnedsättning och som ger stöd för städning, personlig hygien, matlagning osv. Till denna grupp hör inte egentliga hemsjukvårdstjänster, som finns i sin egen serviceundergrupp.","I denna serviceundergrupp behandlas vaccinationer som primärvårdstjänster, program som hör till folkhälsan och som ett ärende som hör till medborgarens hälsohistoria.",I denna serviceundergrupp behandlas den morgon- och eftermiddagsverksamhet som ordnas av kommunen och vars syfte är att stöda hemmets och skolans uppfostringsarbete och barnets balanserade tillväxt samt erbjuda möjligheter till handledd verksamhet och övervakad vila utanför hemmet.,"Denna serviceundergrupp omfattar tjänster med vars hjälp medborgare kan följa upp myndighetsverksamhetens lagenlighet, läsa offentliga handlingar och anmäla fel i myndigheternas verksamhet. Även skyddet för de grundläggande rättigheterna och behandlingen av brott mot dem hör till denna grupp, liksom också ärenden relaterade till begränsning av företagens rättigheter.",Denna serviceundergrupp omfattar medborgarnas och frivilligorganisationernas politiska och samhälleliga medverkan utanför val ur ett serviceperspektiv. Gruppen omfattar bland annat förfaranden för grundande och registrering av föreningar samt medborgar- och kommuninvånarinitiativ.,,"Denna serviceundergrupp omfattar ärenden relaterade till arbetsavtal och -villkor, löner, jämställdhet och flexibilitet i arbetslivet, såsom distans- och deltidsarbete.","Denna underservicegrupp omfattar bidrag och andra finansiella tjänster som stöder utveckling, program för utveckling av affärsverksamheten och företagsrådgivning.",Denna underservicegrupp omfattar tjänster med vars hjälp hushåll kan låta utföra arbeten i hemmet eller fritidsbostaden och sköta ärenden relaterade till anställdas löner och beskattning samt hushållsavdrag.,Denna underservicegrupp omfattar tjänster relaterade till konstaterande av arbetsoförmåga och olika typer av invalidpension.,Denna underservicegrupp omfattar tjänster som anknyter till engångsskatter på köp och import av bilar och fordon samt skatter relaterade till ägande av fordon (fordonsskatt).,"I denna serviceundergrupp behandlas tjänster som anknyter till upptagande av lån, säkerheter och återbetalning, social kreditgivning och kreditupplysningsregister och betalningsstörningar. Gruppen omfattar också tjänster relaterade till företagens lån.","I denna serviceundergrupp behandlas trafiksäkerhet med tanke på trafikregler, rekommendationer och anvisningar. Gruppen omfattar också trafikinformationstjänster för störningar och risker samt meteorologiska tjänster för trafiken.","Denna serviceundergrupp omfattar bland annat resemeddelanden och rekommenderade vacciner, säkerhetsanvisningar, internationellt körkort, visumpraxis och elektroniska resenärsmeddelanden såsom ESTA och eTA.",,"I denna serviceundergrupp behandlas det allmänna nödnumret 112, olika myndigheters särskilda nödnummer samt räddnings- och kristjänster i samband med olyckor både omedelbart och efter olyckan. Även tjänster som siktar på att förebygga olyckor och olycksutredning hör till denna grupp.","Denna grupp omfattar leverans av hittegods till hittegodstjänster samt förfaranden för förvaring, förfrågningar och överlämnande till ägaren avseende hittegods.",,Denna serviceundergrupp omfattar språkkurser i finska och svenska i synnerhet avsedda för personer som deltar i integrationsprogram men också för andra invandrare i början av vistelsen i Finland samt ansökan till dem.,Denna serviceundergrupp omfattar i första hand ärenden relaterade till hantering av bebyggda miljöers avfallsvatten från såväl affärslokaler och permanenta bostäder som från semester- och fritidsbostäder.,"I denna serviceundergrupp behandlas tjänster relaterade till produktionsdjur, såsom produktionsstöd, anmälningsskyldigheter, ersättningar för djurskador och allmänna skyldigheter avseende djurens välbefinnande.","Denna serviceundergrupp anknyter till museernas fysiska serviceställen och utställningsverksamhet, frågor relaterade till skyddet av byggnadsarvet samt museernas e-tjänster, såsom informationstjänster och digitalisering av kulturarvet.","Denna serviceundergrupp omfattar nätoperatörernas tjänster, information om störningar på nätet, nätsäkerhet, tillgång till och användning av domännamn samt konsumentens ställning som användare av datakommunikationstjänster.","Denna serviceundergrupp omfattar båthamnar och -platser, säkerhet till sjöss, regler och författningar, sjökort och båtförarutbildning."
P1.4. Stöd för boende,P2.4. Fastigheter,P3.4. Barndagvård,P4.4. Andra än boende- och hemservice för personer med funktionsnedsättning,"P5.4. Röntgen, laboratorium och övriga undersökningstjänster",P6.4. Yrkesval och studiehandledning,P7.4. Rättegång och brottsärenden,P8.4. Frivilligorganisationers verksamhet,,P10.4. Arbetsförmåga och yrkesinriktad rehabilitering,P11.4. Utveckling av produkter och tjänster,P12.4. Personalutveckling,P13.4. Finländares pensionsskydd utomlands,P14.4. Företagsbeskattning,P15.4. Konkurs,P16.4. Parkering,,,P19.4. Brott,,,P22.4. Ansökan om medborgarskap,P23.4. Miljöanmälan och -tillstånd,P24.4. Livsmedelsproduktion,P25.4. Arkiv,,P27.4. Jakt
"Till denna serviceundergrupp hör olika typer av stöd, forutsättningar för beviljande av stöd inom olika befolkningsgrupper och situationer samt grunder för storleken på stödet och räknare för beräkning av stöd.",I denna underservicegrupp behandlas ur servicesynvinkeln fastighetsuppgifter samt fastighetsaffärer och -beskattning.,"Till denna serviceundergrupp hör barnets rättigheter i anslutning till dagvård för små barn, förutsättningar för dagvård, ärendehanteringstjänster och ansökningsförfaranden, olika genomföringsformer och servicekanaler för dagvård, vårdavgifter och bidrag i anslutning till dem.","Till denna serviceundergrupp hör andra än boendeservice, bl.a. rehabiliterings-, tolknings- och färdtjänster för personer med funktionsnedsättning.",I denna serviceundergrupp behandlas olika kliniska patientundersökningstjänster som erbjuds på hälso- och sjukvårdens verksamhetsställen. Till denna grupp hör inte undersökningstjänster i anslutning till vetenskaplig forskning.,"Till denna serviceundergrupp hör de tjänster som erbjuds inom ramarna för Finlands utbildningssystem och som guidar, ger råd och handleder elever eller studerande att fatta motiverade beslut för att välja yrke och/eller utbildningsinriktning. Karriärvägledningstjänster för en person som redan är i arbetslivet finns i den egna undergruppen under huvudgruppen Arbete och arbetslöshet.","Denna serviceundergrupp omfattar brottsanmälan, rättsväsendets och åklagarämbetets service, rättshjälp och brottspåföljdsärenden.","Denna serviceundergrupp omfattar ärenden relaterade till organisationers och föreningars verksamhet och dess lagenlighet, såsom tillståndsförfaranden för insamling av namn och medel för kampanjer.",,"I denna serviceundergrupp behandlas tjänster som på ett förebyggande sätt siktar på att upprätthålla arbetsförmågan eller, om arbetsförmågan redan minskat, återställa den genom yrkesinriktad rehabilitering.","Denna underservicegrupp omfattar bidrag och andra finansiella tjänster som stöder företagens utveckling av produkter, produktutvecklingsprogram och rådgivning i anslutning till bland annat uppfinningar patent.",Denna underservicegrupp omfattar tjänster för arbetsgivare som till exempel handlar om utbildning av personalen.,I denna underservicegrupp behandlas pensionskonsekvenserna för finska medborgares arbete utomlands och situationer där personer intjänat pension för arbete i Finland men som senare flyttat utomlands. Gruppen omfattar också pensionsavtal mellan länder och beskattning av pension som intjänats utomlands.,"Denna underservicegrupp omfattar ärenden relaterade till företagsbeskattning, såsom skattedeklarationstjänster.","I denna serviceundergrupp behandlas tjänster relaterade till försättande i konkurs, konkursansökan, konkursombudsmannens uppgifter och olika faser i konkursprocessen. Gruppen omfattar både fysiska personers och företags konkurser.",Denna serviceundergrupp omfattar lokala parkeringsområden och information om dem samt elektroniska parkeringstjänster.,,,"Denna serviceundergrupp omfattar brottsanmälan, tipstelefoner samt rättshjälps- och stödtjänster för offer.",,,"I denna serviceundergrupp behandlas förfaranden, skyldigheter och tjänster relaterade till ansökan om finskt medborgarskap.","Denna serviceundergrupp omfattar anmälnings- och tillståndsförfaranden relaterade till åtgärder som förändrar miljön permanent eller som eventuellt är skadliga för miljön, såsom gruvdrift eller miljöfarliga kemikalier.","Denna serviceundergrupp omfattar tjänster relaterade till bland annat livsmedelssäkerhet, tillsyn av livsmedelsproduktion och ekologisk produktion.","Denna serviceundergrupp omfattar i första hand tjänster som tillhandahålls av Nationalarkivet, landskapsarkiven under Nationalarkivet och övriga arkiv som regleras av författningar.",,"Denna serviceundergrupp omfattar jaktsäsonger och -kvoter, jägarexamina och jaktlicenser, viltvårdsföreningar och anmälan om observationer av stora rovdjur."
P1.5. Flyttning inom Finland och befolkningsuppgifter,P2.5. Kontorslokaler,P3.5. Medling i familjeärenden och familjerätten,P4.5. Personlig assistans,P5.5. Förstahjälpen och jouren,P6.5. Hur man söker till utbildning,P7.5. Datasekretess och personuppgifter,,,P10.5. Arbetarskydd,P11.5. Företagssamarbete och nätverkande,,P13.5. Pensionsskydd för utländska medborgare som är permanent bosatta i Finland,P14.5. Offentlig ekonomi och upphandling,P15.5. Utsökning,P16.5. Kollektivtrafik,,,P19.5. Försvar,,,P22.5. Flyttning från Finland till ett annat nordiskt land,P23.5. Bebyggda miljöer och kulturmiljöer,P24.5. Veterinärtjänster,P25.5. Fritidstjänster,,P27.5. Fiske
"I denna serviceundergrupp behandlas skyldigheter i anslutning till flyttning och anmälnings- och ärendehanteringstjänster samt ärenden i samband med befolkningsdatasystemet, såsom namn och namnändringar, byggnadsuppgifter och spärrmarkeringar.",Till denna serviceundergrupp hör tjänster i anslutning till anskaffning och hyrning av företagens kontorslokaler såsom affärslokaler eller lagerutrymmen.,"I denna serviceundergrupp behandlas medling i familjeärenden med tanke på serviceinnehållet och -syftet, lagenligheten, särskilt familjerätten samt det kommunala utbudet och tillgängligheten.","Till denna serviceundergrupp hör ärenden i anslutning till förutsättningar för att få personlig assistans, tjänstens kostnader och uppgifter. Personlig assistans för både den som bor hemma och för den som bor på ett servicehem hör till denna grupp.",I denna serviceundergrupp behandlas tjänster i anslutning till brådskande vård av patienten och uppsökande av vård.,I denna serviceundergrupp behandlas sökningen till läroverk inom olika utbildningsstader och ärendehanteringstjänster i samband med detta samt förutsättningar för sökande.,"Denna serviceundergrupp omfattar tjänster relaterad till skyddet av personuppgifter och integritet, personbeteckningar och -koder, resedokument och register med personuppgifter samt medborgarnas möjligheter och rättigheter att begränsa användningen av deras personuppgifter.",,,"Denna serviceundergrupp omfattar tjänster som anknyter till lagstadgad arbetarskyddsverksamhet, ordnandet av den på arbetsplatser och anmälan om brister i arbetarskyddet. Även ärenden relaterade till arbetssäkerheten hör till denna grupp, liksom arbetarskyddstjänster avsedda för arbetsgivare. Däremot hör företagshälsovården till en egen undergrupp under huvudgruppen Hälsa, sjukvård och näring.","Denna underservicegrupp omfattar tjänster som främjar företagens nätverkande, värvning av samarbetspartner och verksamhet i gemensamma projekt.",,I denna underservicegrupp behandlas rätten till finländska pensionssystem och -förmåner för utländska medborgare som bor och arbetar i Finland.,I denna underservicegrupp behandlas tjänster som tillhandahåller information om läget för statens och kommunernas ekonomi. Dessutom omfattar denna grupp tjänster som tillhandahålls för företag och andra leverantörer och som hjälper dem att delta i offentliga upphandlingar och få information om dem.,I denna serviceundergrupp behandlas tjänster relaterade till indrivning av betalningar som är obetalda efter en officiell uppmaning via utsökningsmyndigheten.,"Denna serviceundergrupp omfattar tidtabeller, rutter, stationsuppgifter, priser och rabatter relaterade till kollektivtrafik.",,,"I denna serviceundergrupp behandlas värnplikt, tjänster och stödformer för värnpliktiga, sätt på vilka värnplikten kan fullgöras, ersättningar för olyckor i tjänst samt reservistverksamhet, frivilligt försvar och repetitionsövningar.",,,"Denna serviceundergrupp omfattar förfaranden och tjänster som är aktuella vid flyttning från Finland till ett annat nordiskt land. Dessa handlar i allmänhet om flyttningsanmälan, socialskydd och medborgarskap.",I denna serviceundergrupp behandlas tjänster och förfaranden som skyddar värdefulla byggnadsbestånd antingen som enskilda byggnader eller som byggnadshelheter.,"Denna serviceundergrupp omfattar tjänster inom vars ram både produktions- och sällskapsdjur skyddas mot lidande och som främjar djurens hälsa och välbefinnande. Hit hör regionala och lokala veterinärtjänster, förebyggande av sjukdomar, kvaliteten på djurens levnadsförhållanden och vården.","Denna serviceundergrupp omfattar tjänster relaterade till fritiden på ett omfattande plan. Denna grupp omfattar inte motions- och idrottstjänster, som har en egen huvudgrupp.",,Denna serviceundergrupp omfattar fisketillstånd och fiskevårdsavgift samt lokala och säsongsrelaterade begränsningar i fritidsfisket på grund av skydd av fiskarter.
,,P3.6. Socialtjänster för barnfamiljer,P4.6. Familjevård för en person med nedsatt funktionsförmåga eller en äldre person,P5.6. Specialiserad sjukvård,P6.6. Yrkesutbildning på andra stadiet,P7.6. Medborgarskap,,,P10.6. Stöd och förmåner för arbetslösa,P11.6. Internationaliseringstjänster,,,,P15.6. Banker,P16.6. Professionell vägtrafik,,,P19.6. Gränsbevakning,,,P22.6. Flyttning från Finland till ett annat EU-land,P23.6. Miljötillsyn och -hälsovård,"P24.6. Skogs-, vatten och mineralresurser",P25.6. Religioner och livsåskådningar,,
,,I denna serviceundergrupp behandlas ekonomiska bidrag och förmåner särskilt för barnfamiljer samt de hem- och stödtjänster som inte omfattas av familjerådgivningen eller barnskyddet.,"Till denna serviceundergrupp hör familjevårdstjänster särskilt för personer med nedsatt funktionsförmågaeller en äldreperson och som omfattar bl.a. ordnande av tjänster, vårdavtal och utbildning för den som erbjuder tjänsterna.","Tjänster i denna serviceundergrupp behandlas enligt definitionen på specialiserad sjukvård: ""Med specialiserad sjukvård avses undersökningar och vård som ges av specialläkare"". Enligt definitionen hör också obduktioner och patologtjänster till denna grupp.","I denna serviceundergrupp behandlas strukturen på andra gradens yrkesutbildning, examenskrav och utföringssätt för utbildningen. Det ekonomiska stödet för studierna behandlas i sin egen serviceundergrupp.",Denna serviceundergrupp omfattar tjänster relaterade till beviljande av finskt medborgarskap och lagliga förutsättningar för detta samt ärenden relaterade till dubbelt medborgarskap.,,,"I denna serviceundergrupp behandlas olika ekonomiska stödformer för arbetslösa arbetssökande, förutsättningar för beviljande av dem och tjänster för ansökan om stöd.","Denna grupp omfattar bidrag och andra finansiella tjänster som stöder internationalisering, rådgivning relaterad till internationalisering och utbildning i internationalisering.",,,,"Denna serviceundergrupp omfattar tjänster relaterade till bankernas in- och utlåning samt placeringsverksamhet, placeringsrådgivning samt tillsynen av bankernas verksamhet.",I denna serviceundergrupp behandlas utbildning av och behörighet för yrkesförare i vägtrafik och andra trafikrelaterade yrken samt specialtransporter.,,,"Denna serviceundergrupp omfattar gränsbevakningsväsendets verksamhet: ärenden relaterade till gränsövergång, gränskontroller, tillstånd för gränszon.",,,"Denna serviceundergrupp omfattar förfaranden och tjänster som är aktuella vid flyttning från Finland till ett annat nordiskt land. Dessa handlar i allmänhet om flyttningsanmälan, socialskydd och medborgarskap.",Denna serviceundergrupp omfattar lagstadgade myndighetsförfaranden med vars hjälp man på kommunnivå tar hand om den naturliga miljöns tillstånd och livsmiljöns sundhet.,I denna serviceundergrupp behandlas tjänster relaterade till utnyttjande av andra resurser än växt- och djurresurser i administrativt eller kommersiellt syfte.,"I denna serviceundergrupp behandlas tjänster som tillhandahålls av folkkyrkor, andra registrerade religiösa samfund och icke-religiösa registrerade livsåskådningsmässiga samfund. Exempel på dessa utgörs av tjänster för anslutning till och utträde ur samfund samt pedagogiska och sociala tjänster.",,
,,P3.7. Rådgivning i uppfostrings- och familjefrågor,P4.7. Omsorgen om utvecklingsstörda,P5.7. Tjänster för missbrukare och mentalvårdstjänster,P6.7. Läroavtal,P7.7. Minoriteter,,,P10.7. Beredskapsarbete,P11.7. Import och export,,,,P15.7. Insättnings- och placeringsskydd,P16.7. Väghållning,,,P19.7. Strålsäkerhet,,,P22.7. Flyttning från Finland till ett land utanför EU,,,P25.7. Fritt bildningsarbete och konstfostran,,
,,"I denna serviceundergrupp behandlas rådgivningstjänster för barnfamiljer, familjernas föräldrar och ungdomar.","Till denna serviceundergrupp hör tjänster för utvecklingsstörda, som omfattar rättigheter, olika rehabiliteringsformer, socialt stöd, boendelösningar och symtomanknuten specialiserad sjukvård.","Tjänster som hör till denna serviceundergrupp har anvisats för personer som insjuknat i missbrukar- och övriga beroendsjukdomar och för de som lider av mentala problem. Gruppens tjänster kan vara såväl vårdande, stödjande som förebyggande.","I denna serviceundergrupp behandlas läroavtalsutbildningen som ett sätt att avlägga en yrkesexamen: utbildningens struktur, avläggande av examen, typ av avtal för utbildningen. Det ekonomiska stödet för studierna behandlas i sin egen serviceundergrupp.",Denna serviceundergrupp omfattar tjänster relaterade till minoriteters rättigheter samt likabehandlings- och språklagar.,,,"Denna serviceundergrupp omfattar strukturer, förfaranden och tjänster relaterade till sysselsättning av personer med funktionsnedsättning. Denna grupp omfattar också stöd och rådgivning för arbetsgivare i anslutning till beredskapsarbete.","Denna grupp omfattar till exempel bidrag och andra finansiella tjänster som stöder företagens import- eller exporthandel, rådgivnings- och informationstjänster relaterade till import och export.",,,,I denna serviceundergrupp behandlas tjänster relaterade till insättningsskydd för sparare och småplacerare.,Denna serviceundergrupp omfattar vägarnas underhållsklasser och grundläggande vägunderhåll enligt dem samt förbättringsarbeten på vägar och bidrag för dem.,,,"Denna serviceundergrupp omfattar Strålskyddscentralens mätnings-, rådgivnings- och informationstjänster samt lokala tjänster för mätning av strålning i boendemiljöer.",,,"Denna serviceundergrupp omfattar förfaranden och tjänster som är aktuella vid flyttning från Finland till ett annat nordiskt land. Dessa handlar i allmänhet om flyttningsanmälan, socialskydd och medborgarskap.",,,"Denna serviceundergrupp omfattar instituts- och högskoleundervisning som är öppen för alla, öppen undervisning i olika konstarter samt läroanstalter som ordnar konstfostran för barn och ungdomar.",,
,,P3.8. Barnskydd,P4.8. Ekonomiskt stöd för sysselsättning,P5.8. Hälsoundersökningar,P6.8. Gymnasieutbildning,P7.8. Immateriella rättigheter,,,P10.8. Föreningar och kamratstöd för arbetslösa,P11.8. Ägarbyten,,,,P15.8. Företagsfinansiering,P16.8. Vattentrafik,,,,,,P22.8. Finländare i utlandet,,,,,
,,"I denna serviceundergrupp behandlas tjänster som ansluter sig till förebyggande av familjekriser, en trygg uppväxtmiljö för barn och ungdomar och olika fosterhemslösningar.","Till denna serviceundergrupp hör bl.a. tjänster i anslutning till arbetskraftsutbildning, jobbsökarträning, den arbetslösas frivilliga studier och arbetsverksamhet i rehabiliteringssyfte.","Till denna serviceundergrupp hör både regelbundna hälsoundersökningar (t.ex. i skolan) och godtyckliga hälsoundersökningar (t.ex. i företagshälsovården) och sållningsliknande, sjukdomsbaserade undersökningar, som erbjuds till omfattande befolkningsgrupper.","Till denna serviceundergrupp hör gymnasieutbildningens innehåll och syfte, hur man söker till gymnasieutbildningen, sätt att genomföra gymnasieutbildning samt studentexamen. Det ekonomiska stödet för studierna behandlas i sin egen serviceundergrupp.","Denna grupp omfattar ärenden relaterade till upphovsrätt och industriella rättigheter. Immateriella rättigheter skyddar bland annat konstverk, teknik, design och varumärken.",,,Denna serviceundergrupp omfattar de tjänster och verksamhetsformer som produceras av tredje sektorn och som syftar till att stödja arbetslösas jobbsökning och bevara deras funktionsförmåga.,"Denna grupp omfattar ärenden relaterade till processer för byte av ägare, såsom köp och försäljning av företag, generationsväxling och relaterade tjänster.",,,,"Denna grupp omfattar alla ärenden relaterade till företagsfinansiering såsom företagsstöd, utvecklingsbidrag, lån, garantier samt projekt- och internationaliseringsfinansiering.","Denna serviceundergrupp omfattar behörighets- och säkerhetskrav på vattenfordon, registrerings- och innehavsärenden, hamntjänster för fartyg, säkerhet i vattentrafik och förarbehörighet och -tillstånd för vissa fartygstyper.",,,,,,Denna serviceundergrupp omfattar tjänster som i synnerhet är avsedda för finska medborgare som bor utomlands.,,,,,
,,P3.9. Underhåll,P4.9. Socialtjänster för skol- och studerandevård,P5.9. Skol- och studerandehälsovården,P6.9. Högskoleutbildning,P7.9. Intressebevakning,,,,P11.9. Nedläggning av företagsverksamhet,,,,P15.9. Finansmarknaden,P16.9. Luftfart,,,,,,P22.9. Återvändande,,,,,
,,I denna serviceundergrupp behandlas både underhåll som betalas av den underhållsskyldiga och underhållsbidrag som beviljas av Fpa.,Till denna underservicegrupp hör socialtjänster som är avsedda för skolelever och studeranden på heltid såsom skolkuratortjänster samt tjänster som stöder studeranden inom andra gradens utbildning och yrkesutbildning på högre nivå att klara sig i vardagen. Sådana är t.ex. kamratstöd och rådgivningstjänster som inte är hälso- eller sjukvårdstjänster.,Till denna serviceundergrupp hör hälsovårdstjänster för skolelever och studeranden på heltid. Till gruppen hör inte socialtjänster för dessa grupper.,"Till denna serviceundergrupp hör innehåll och syfte för en utbildning av högre nivå, hur man söker till utbildning av högre nivå samt examenskrav och -strukturer. Det ekonomiska stödet för studierna behandlas i sin egen serviceundergrupp.",Denna serviceundergrupp omfattar tjänster relaterade till bevakning av omyndiga medborgares intressen och processer för befullmäktigande.,,,,Denna grupp omfattar tjänster för nedläggning av företagsverksamhet.,,,,"Denna serviceundergrupp omfattar tjänster relaterade till utlåning och placeringsrådgivning utanför bankerna, tillsyn av denna verksamhet samt konsumenternas rättigheter som användare av dessa tjänster. Gruppen omfattar också informationstjänster relaterade till räntenivån.","Denna serviceundergrupp omfattar flygutbildning och flyglicenser, utbildning i flygledaruppgifter, registrerings- och innehavsärenden för luftfartyg, säkerhet i luftfart och flygplatstjänster för flygare.",,,,,,Denna serviceundergrupp omfattar förfaranden och tjänster som tillämpas när en finsk medborgare återvänder till Finland efter att ha varit permanent bosatt i utlandet.,,,,,
,,,P4.10. Inkomststöd,P5.10. Mun- och tandhälsovård,P6.10. Vuxen- och kompletteringsutbildning,,,,,,,,,,,,,,,,,,,,,
,,,"I denna serviceundergrupp behandlas ärenden i samband med inkomststöd, t.ex. olika stödformer, förutsättningar för beviljande, grunder för uträkning av stöd och ansökningsförfaranden.","Till denna serviceundergrupp hör tjänster i samband med mun- och tandhälsovård såsom kontroller, tandläkarens och -munhygienistens vårdåtgärder samt specialtandläkartjänster såsom ortodonti.","I denna serviceundergrupp behandlas fortsättnings- och kompletteringsutbildning för i första hand personer i arbetsför ålder som stöder utförandet av det nuvarande arbetet eller byte av yrke. Till gruppen hör former av vuxen- och kompletteringsutbildning, hur man söker till utbildningen, läroverk som ger utbildning och examensstrukturer. Även den vuxen- och kompletteringsutbildning som företaget erbjuder eller stöder för personalen hör till denna grupp.",,,,,,,,,,,,,,,,,,,,,
,,,P4.11. Integration,P5.11. Egen- och självvård,P6.11. Företagsutbildning,,,,,,,,,,,,,,,,,,,,,
,,,"Till denna serviceundergrupp hör i första hand tjänster som gäller lagstiftningen om främjande av integration. Sådana är bl.a. språkkurser, integrationsutbildning, arbetskraftstjänster, stöd för minderåriga invandrare osv.",Till denna servicearbetsgrupp hör tjänster vars syfte är att möjliggöra och stöda klienten att själv vårda sjukdomen som konstaterats till den del det är möjligt enligt vårdanvisningarna.,Till denna grupp hör utbildnings- och skolningsevenemang som företagen arrangerar eller skaffar själva för att utveckla personalens kompetens samt rådgivningstjänster i samband med sådana ärenden.,,,,,,,,,,,,,,,,,,,,,
,,,P4.12. Stöd av likställda och frivilligverksamhet inom socialtjänsterna,P5.12. Företagshälsovården,P6.12. Företagarutbildning,,,,,,,,,,,,,,,,,,,,,
,,,"Till denna servicearbetsgrupp hör stöd av likställda som erbjuds klienten som socialtjänst samt övriga socialtjänster som stöder sig på frivilligverksamhet. Verksamheten med stöd av likställda är en socialtjänst som erbjuds en individ eller en grupp, där en klient hos socialtjänsten får stöd och handledning av människor i en liknande livssituation eller som har likadana personliga erfarenheter. Service som bygger på stöd av likställda erbjuds bl.a. för ett barn som behöver specialstöd eller dennes familj för att trygga barnets hälsa eller utveckling. Av övriga socialtjänster kan t.ex. stödförhållandeverksamhet och tjänster som stöder rörlighet genomföras med hjälp av frivilligverksamhet.","I denna serviceundergrupp behandlas de tjänster som arbetsgivaren ordnar för att upprätthålla arbetstagarnas arbetsförmåga, för att främja hälsan och för att förebygga arbetsrelaterade sjukdomar.",Till denna grupp hör ärenden i anslutning till utbildning i entreprenörskap och företagarskolning.,,,,,,,,,,,,,,,,,,,,,
,,,P4.13. Socialtjänsternas rådgivnings- och handledningstjänster,P5.13. Rehabilitering,P6.13. Studier utomlands,,,,,,,,,,,,,,,,,,,,,
,,,"Till denna serviceundergrupp hör allmän rådgivning och handledning gällande socialtjänster som erbjuds medborgarna samt stöd till socialtjänstklienter i frågor som gäller socialtjänster, t.ex. rättsskydd och kundförhållande. Till exempel socialombudsmannens verksamhet hör till denna grupp.","I denna serviceundergrupp behandlas lagstadgade och övriga tjänster vars primära syfte är att återställa personens arbets- eller funktionsförmåga, som av olika anledningar blivit nedsatt, med hjälp av olika terapeutiska och/eller medicinska metoder.",I denna serviceundergrupp behandlas genomförande av i första hand andra gradens studier och studier av högre nivå utomlands antingen genom utbytesprogram eller inom ramen för något annat förfarande. Till detta anknyter ansökningsförfaranden och godkännandet av examen som avlagts utomlands samt deras motsvarigheter i Finland.,,,,,,,,,,,,,,,,,,,,,
,,,P4.14. Socialtjänsternas sido- och stödtjänster,P5.14. Hemsjukvård och närståendevård,P6.14. Stöd för studier,,,,,,,,,,,,,,,,,,,,,
,,,"Till denna serviceundergrupp hör tjänster som kompletterar socialtjänster, med hjälp av vilka man stöder serviceenhetens grunduppgift, kundens vardag och socialtjänsternas tillgänglighet. Sådana är bl.a. måltidstjänster, klädvårdstjänster, städningstjänster, tjänster som främjar social växelverkan och elektroniska servicekanaler för serviceenhetens klienter.","I denna serviceundergrupp behandlas hemsjukvård som en tjänst som stöder patientens boende hemma. Till detta hör både hemsjukvårdsfunktioner och hemvårdsstöd och dess ansökningsförfaranden. Till denna grupp hör också närståendevård och närståendevårdarens arvoden och förmåner, rätt till familjeledighet samt avtal om närståendevård.","Till denna serviceundergrupp hör ekonomiska stödformer för den studerande, ansökningsprocesser och -tjänster för stöd samt förutsättningar för beviljande av stöd. Gruppen omfattar alla utbildningsnivåer där den studerande kan få offentligt ekonomiskt stöd.",,,,,,,,,,,,,,,,,,,,,
,,,,P5.15. Läkemedel och apotek,P6.15. Vetenskap och undersökning,,,,,,,,,,,,,,,,,,,,,
,,,,"Till denna serviceundergrupp hör ärenden i samband med information om läkemedel, läkemedelsrecept, läkemedelsersättning och behandling av läkemedelsskador.","Till denna serviceundergrupp hör tjänster i samband med vetenskapligt forskningsarbete, särskilt beträffande forskningens finansiering, förfaranden angående forskningstillstånd samt publikationsverksamhet.",,,,,,,,,,,,,,,,,,,,,
,,,,P5.16. Hälsovårdens stöd av likställda och frivilligverksamhet,,,,,,,,,,,,,,,,,,,,,,
,,,,"Till denna serviceundergrupp hör både stödverksamhet av likställda (stöd och handledning som grundar sig på frivillighet och som personer eller grupper som lever med en viss sjukdom eller har erfarit den själva erbjuder andra i samma situation) och frivilligverksamhet (stöd och handledning som baserar sig på frivillighet, som personer eller samfund ger insjuknade personer utan arrangemang av stöd av likställda). Stödverksamhet av likställda ges bl.a. för hasardspelproblem, infertilitet, närståendevård, missbruksproblem, sjukdomar, sexualitet, sorgearbete, ätstörningar, att sluta röka eller stöd av likställda när det gäller en skada.",,,,,,,,,,,,,,,,,,,,,,
,,,,P5.17. Hälsovårdens rådgivnings- och handledningstjänster,,,,,,,,,,,,,,,,,,,,,,
,,,,"Tjänster i anslutning till en separat servicehändelse, besök till en serviceenhet eller tjänster i samband med en servicehelhet eller dess hantering, med hjälp av vilken klienten får rådgivning och handledning när han eller hon söker hälsovårdstjänster i problemsituationer. Sådana är t.ex. patientombudsmannens tjänster, tidsbeställningar, påminnelsetjänster, egenvårdstjänster och servicestyrning.",,,,,,,,,,,,,,,,,,,,,,
,,,,P5.18. Hälsovårdens stödtjänster,,,,,,,,,,,,,,,,,,,,,,
,,,,"Klient- och patienttjänster som stöder serviceenhetens grunduppgift eller en individuell klient och som utgörs av tjänster i anslutning till exempelvis inkvartering, näring, rekreation och tillgång till information för serviceenhetens klienter och patienter.",,,,,,,,,,,,,,,,,,,,,,
,,,,P5.19. Patientombudsmannen och patientens rättigheter,,,,,,,,,,,,,,,,,,,,,,
,,,,Till denna serviceundergrupp hör patientombudsmannens tjänster samt de data- och övriga tjänster genom vilka och inom ramen för vilka patienten kan utöva sina rättigheter.,,,,,,,,,,,,,,,,,,,,,,
,,,,P5.20. Näring,,,,,,,,,,,,,,,,,,,,,,
,,,,I denna serviceundergrupp behandlas ärenden i anslutning till näring som upprätthåller hälsan såsom näringsrekommendationer och näringsrådgivning.,,,,,,,,,,,,,,,,,,,,,,
,,,,P5.21. Livsmedelssäkerhet,,,,,,,,,,,,,,,,,,,,,,
,,,,Till denna serviceundergrupp hör ärenden i anslutning till näringssäkerhet samt livsmedelsövervakning och -information. Denna grupp innehåller också tillstånd och anmälningar i anslutning till livsmedelssäkerhet som behövs inom företagsverksamhet.,,,,,,,,,,,,,,,,,,,,,,