http://urn.fi/URN:NBN:fi:au:slm:s1154_1	http://urn.fi/URN:NBN:fi:au:slm:s1214	2018-05-04 15:23:40
http://urn.fi/URN:NBN:fi:au:slm:s102_1	http://urn.fi/URN:NBN:fi:au:slm:s1213	2018-05-04 15:23:40
http://urn.fi/URN:NBN:fi:au:slm:s281_1	http://urn.fi/URN:NBN:fi:au:slm:s1212	2018-05-04 15:23:40
http://urn.fi/URN:NBN:fi:au:slm:s332_1	http://urn.fi/URN:NBN:fi:au:slm:s1211	2018-05-04 15:23:40
http://urn.fi/URN:NBN:fi:au:slm:s477_1	http://urn.fi/URN:NBN:fi:au:slm:s1210	2018-05-04 15:23:40
http://urn.fi/URN:NBN:fi:au:slm:s406_1	http://urn.fi/URN:NBN:fi:au:slm:s1208	2018-05-04 15:23:40
http://urn.fi/URN:NBN:fi:au:slm:s354_1	http://urn.fi/URN:NBN:fi:au:slm:s1209	2018-05-04 15:23:40
http://urn.fi/URN:NBN:fi:au:slm:s897_1	http://urn.fi/URN:NBN:fi:au:slm:s1207	2018-05-04 15:23:40
http://urn.fi/URN:NBN:fi:au:slm:s250_1	http://urn.fi/URN:NBN:fi:au:slm:s1205	2018-05-04 15:23:40
http://urn.fi/URN:NBN:fi:au:slm:s964_1	http://urn.fi/URN:NBN:fi:au:slm:s1206	2018-05-04 15:23:40
http://urn.fi/URN:NBN:fi:au:slm:s58_1	http://urn.fi/URN:NBN:fi:au:slm:s1204	2018-05-04 15:23:40
http://urn.fi/URN:NBN:fi:au:slm:s59_1	http://urn.fi/URN:NBN:fi:au:slm:s1203	2018-05-04 15:23:40
http://urn.fi/URN:NBN:fi:au:slm:s437_1	http://urn.fi/URN:NBN:fi:au:slm:s1201	2018-05-04 15:23:40
http://urn.fi/URN:NBN:fi:au:slm:s205_1	http://urn.fi/URN:NBN:fi:au:slm:s1202	2018-05-04 15:23:40
http://urn.fi/URN:NBN:fi:au:slm:a8baa36f-5bee-40b6-9ca5-1b7cdea1343d	http://urn.fi/URN:NBN:fi:au:slm:s1215	2018-07-11 06:07:49
http://urn.fi/URN:NBN:fi:au:slm:705e31c2-923a-42f3-842e-8a79a06d5840	http://urn.fi/URN:NBN:fi:au:slm:s1216	2018-07-11 06:07:49
http://urn.fi/URN:NBN:fi:au:slm:f5f4f356-951d-44f0-8599-ba560ec5d721	http://urn.fi/URN:NBN:fi:au:slm:s1217	2018-08-14 06:27:50
http://urn.fi/URN:NBN:fi:au:slm:63bf853c-d7e3-4c9a-a5a6-69485ab97b3e	http://urn.fi/URN:NBN:fi:au:slm:s1218	2018-08-14 06:27:50
http://urn.fi/URN:NBN:fi:au:slm:34f7237c-48ce-4c0e-925c-218d0f146e22	http://urn.fi/URN:NBN:fi:au:slm:s1219	2018-08-14 06:27:50
http://urn.fi/URN:NBN:fi:au:slm:788368b0-4c54-43ba-b6d5-fe90a0507245	http://urn.fi/URN:NBN:fi:au:slm:s1220	2018-08-14 06:27:50
http://urn.fi/URN:NBN:fi:au:slm:61105e6f-4794-44cc-8d3b-9da92f76c02f	http://urn.fi/URN:NBN:fi:au:slm:s1221	2018-08-14 06:27:50
http://urn.fi/URN:NBN:fi:au:slm:a5cff1be-4329-41c0-b9f1-b65580466d69	http://urn.fi/URN:NBN:fi:au:slm:s1222	2018-08-14 06:27:50
http://urn.fi/URN:NBN:fi:au:slm:6a7d1cb1-7e9c-4003-b0fb-8827706309e0	http://urn.fi/URN:NBN:fi:au:slm:s1223	2018-08-14 06:27:50
http://urn.fi/URN:NBN:fi:au:slm:af72652b-706d-4eb6-b70a-9c04816bb952	http://urn.fi/URN:NBN:fi:au:slm:s1224	2018-08-14 06:27:50
http://urn.fi/URN:NBN:fi:au:slm:ba33263b-374e-4ccb-96a2-167c816c9dfb	http://urn.fi/URN:NBN:fi:au:slm:s1225	2018-08-15 06:30:28
http://urn.fi/URN:NBN:fi:au:slm:a4e026d9-f593-481d-8e46-e5ace1b1fac4	http://urn.fi/URN:NBN:fi:au:slm:s1226	2018-08-15 06:30:28
http://urn.fi/URN:NBN:fi:au:slm:40722010-9d04-4035-8a6f-6a8705bcdcc3	http://urn.fi/URN:NBN:fi:au:slm:s1227	2018-11-09 05:32:01
http://urn.fi/URN:NBN:fi:au:slm:c36cd4f3-1470-4087-ac23-6d1c65633b73	http://urn.fi/URN:NBN:fi:au:slm:s1228	2018-11-09 05:32:01
http://urn.fi/URN:NBN:fi:au:slm:7f33bbc6-6ccd-44f9-9782-0c14bddedfa2	http://urn.fi/URN:NBN:fi:au:slm:s1229	2018-11-09 05:32:01
http://urn.fi/URN:NBN:fi:au:slm:f3c2d46d-a5fe-4d29-b391-daca146b71a8	http://urn.fi/URN:NBN:fi:au:slm:s1230	2018-11-09 05:32:02
http://urn.fi/URN:NBN:fi:au:slm:02c77f6d-da2b-4417-abc5-5321904b7884	http://urn.fi/URN:NBN:fi:au:slm:s1231	2018-11-09 05:32:02
http://urn.fi/URN:NBN:fi:au:slm:df5a71f9-c9ab-4005-88de-431c9f07b675	http://urn.fi/URN:NBN:fi:au:slm:s1232	2018-11-09 05:32:02
http://urn.fi/URN:NBN:fi:au:slm:a938fe8d-8e9c-4f34-8662-a647b12ffc39	http://urn.fi/URN:NBN:fi:au:slm:s1233	2018-11-09 05:32:02
http://urn.fi/URN:NBN:fi:au:slm:00053c90-7c30-41b7-a118-5fea8bdcfa25	http://urn.fi/URN:NBN:fi:au:slm:s1234	2018-11-09 05:32:02
http://urn.fi/URN:NBN:fi:au:slm:229096d0-56b7-4777-a6f9-0c7ebac49731	http://urn.fi/URN:NBN:fi:au:slm:s1235	2018-11-09 05:32:02
http://urn.fi/URN:NBN:fi:au:slm:769b5f7b-3846-41ce-a26d-6ccdff2b50f8	http://urn.fi/URN:NBN:fi:au:slm:s1236	2018-11-09 05:32:02
http://urn.fi/URN:NBN:fi:au:slm:527be29f-dbde-44ff-9fe7-0464d2252de3	http://urn.fi/URN:NBN:fi:au:slm:s1237	2018-11-09 05:32:02
http://urn.fi/URN:NBN:fi:au:slm:843fb9f3-1ced-4820-acc1-8ecd6f454424	http://urn.fi/URN:NBN:fi:au:slm:s1238	2018-11-09 05:32:02
http://urn.fi/URN:NBN:fi:au:slm:e8061ca0-edda-41bc-8493-8293d53a00ad	http://urn.fi/URN:NBN:fi:au:slm:s1239	2018-11-09 05:32:02
http://urn.fi/URN:NBN:fi:au:slm:2cdbd195-6fa2-44b0-9b5d-3a817a7601c3	http://urn.fi/URN:NBN:fi:au:slm:s1240	2018-11-09 05:32:02
http://urn.fi/URN:NBN:fi:au:slm:a81b2f77-2428-4e8f-b347-7297fdbb8a3b	http://urn.fi/URN:NBN:fi:au:slm:s1241	2018-11-09 05:32:02
http://urn.fi/URN:NBN:fi:au:slm:243ee01b-2e6b-4d1d-9e13-eebd863b8277	http://urn.fi/URN:NBN:fi:au:slm:s1242	2018-11-09 05:32:02
http://urn.fi/URN:NBN:fi:au:slm:a96ae2c5-9fb6-44b0-a490-edd5f805981f	http://urn.fi/URN:NBN:fi:au:slm:s1243	2018-11-09 05:32:02
http://urn.fi/URN:NBN:fi:au:slm:a798c0c8-39a3-4d41-9776-7dade44c0a26	http://urn.fi/URN:NBN:fi:au:slm:s1244	2018-11-09 05:32:02
http://urn.fi/URN:NBN:fi:au:slm:4eac5d92-9aa0-4c03-88e8-a8eef46486d1	http://urn.fi/URN:NBN:fi:au:slm:s1245	2018-11-10 06:36:56
http://urn.fi/URN:NBN:fi:au:slm:17cb5b35-5a92-4497-bbd1-c1f4ff408344	http://urn.fi/URN:NBN:fi:au:slm:s1246	2018-11-10 06:36:56
http://urn.fi/URN:NBN:fi:au:slm:d021cba6-123a-44f3-b2a7-f9c143c37ca7	http://urn.fi/URN:NBN:fi:au:slm:s1247	2018-11-10 06:36:56
http://urn.fi/URN:NBN:fi:au:slm:b2923ead-6a8f-4fcc-94b2-fc7f5b5b2cb4	http://urn.fi/URN:NBN:fi:au:slm:s1248	2018-11-10 06:36:56
http://urn.fi/URN:NBN:fi:au:slm:bfa0833e-001b-496a-89ba-15edf70165ab	http://urn.fi/URN:NBN:fi:au:slm:s1249	2018-11-10 06:36:56
http://urn.fi/URN:NBN:fi:au:slm:e017c457-6a67-44c9-809f-a929bad54dd8	http://urn.fi/URN:NBN:fi:au:slm:s1250	2018-11-10 06:36:56
http://urn.fi/URN:NBN:fi:au:slm:d70d4b00-ba3b-40a4-93dd-48bc831e1cc9	http://urn.fi/URN:NBN:fi:au:slm:s1251	2018-11-10 06:36:56
http://urn.fi/URN:NBN:fi:au:slm:25fd055d-3342-41aa-832c-d4e73549b26d	http://urn.fi/URN:NBN:fi:au:slm:s1252	2018-11-10 06:36:56
http://urn.fi/URN:NBN:fi:au:slm:5cc5b7fb-1593-4917-9056-67b603bcddae	http://urn.fi/URN:NBN:fi:au:slm:s1253	2018-11-10 06:36:56
http://urn.fi/URN:NBN:fi:au:slm:c781b41e-7d8c-416a-b81f-e5ef389eab21	http://urn.fi/URN:NBN:fi:au:slm:s1254	2018-11-10 06:36:56
http://urn.fi/URN:NBN:fi:au:slm:407c4063-e57a-4543-8f34-4fba7877be10	http://urn.fi/URN:NBN:fi:au:slm:s1255	2018-11-10 06:36:56
http://urn.fi/URN:NBN:fi:au:slm:9e08d1fd-b879-43df-a9a5-6c4412a05b21	http://urn.fi/URN:NBN:fi:au:slm:s1256	2018-11-10 06:36:57
http://urn.fi/URN:NBN:fi:au:slm:3d419e74-b725-4792-aaec-f26d2262cb65	http://urn.fi/URN:NBN:fi:au:slm:s1257	2018-11-10 06:36:57
http://urn.fi/URN:NBN:fi:au:slm:3f1e5b51-318f-4776-945a-ce111c97eb68	http://urn.fi/URN:NBN:fi:au:slm:s1258	2018-11-10 06:36:57
http://urn.fi/URN:NBN:fi:au:slm:44aa089b-91e0-49bc-96a9-5631d180e060	http://urn.fi/URN:NBN:fi:au:slm:s1259	2018-11-10 06:36:57
http://urn.fi/URN:NBN:fi:au:slm:9ec75a5c-53ee-430d-a3a9-f9226fe8b0a6	http://urn.fi/URN:NBN:fi:au:slm:s1260	2018-11-10 06:36:57
http://urn.fi/URN:NBN:fi:au:slm:8e559b19-2e29-4430-b236-fc2441d7ac19	http://urn.fi/URN:NBN:fi:au:slm:s1261	2018-11-10 06:36:57
http://urn.fi/URN:NBN:fi:au:slm:4ee14c50-7d70-4728-a292-055aa0258f87	http://urn.fi/URN:NBN:fi:au:slm:s1262	2018-11-10 06:36:57
http://urn.fi/URN:NBN:fi:au:slm:15d48852-bfb8-43a5-b6c2-489755d9d860	http://urn.fi/URN:NBN:fi:au:slm:s1263	2018-11-10 06:36:57
http://urn.fi/URN:NBN:fi:au:slm:d1f9c47d-ecec-4c61-89b7-7843282cd1a4	http://urn.fi/URN:NBN:fi:au:slm:s1264	2018-11-10 06:36:57
http://urn.fi/URN:NBN:fi:au:slm:2030cb7b-1791-49e5-80d5-aa7fec3cd0d4	http://urn.fi/URN:NBN:fi:au:slm:s1265	2018-11-10 06:36:57
http://urn.fi/URN:NBN:fi:au:slm:e5a85a29-e103-4535-aa26-17c5b2301ca1	http://urn.fi/URN:NBN:fi:au:slm:s1266	2018-11-10 06:36:57
http://urn.fi/URN:NBN:fi:au:slm:2aa6df68-5565-46ee-bb4b-e259ce4f6e24	http://urn.fi/URN:NBN:fi:au:slm:s1267	2018-12-28 06:02:04
http://urn.fi/URN:NBN:fi:au:slm:769343ad-49e0-482b-b4d0-c7aa6e440997	http://urn.fi/URN:NBN:fi:au:slm:s1268	2018-12-28 06:02:05
http://urn.fi/URN:NBN:fi:au:slm:0819540f-f4a8-4462-afb7-d0e965616bdf	http://urn.fi/URN:NBN:fi:au:slm:s1269	2018-12-28 06:02:05
http://urn.fi/URN:NBN:fi:au:slm:5b6cffff-4ae3-407b-b382-d5f79c03edf2	http://urn.fi/URN:NBN:fi:au:slm:s1270	2018-12-28 06:02:05
http://urn.fi/URN:NBN:fi:au:slm:5662d377-0f3a-476d-b7e5-20389b0fade2	http://urn.fi/URN:NBN:fi:au:slm:s1271	2018-12-28 06:02:05
http://urn.fi/URN:NBN:fi:au:slm:28c7cd41-ed9b-40be-a67b-0aa6c06c842e	http://urn.fi/URN:NBN:fi:au:slm:s1272	2019-01-12 06:52:04
http://urn.fi/URN:NBN:fi:au:slm:4960bdea-dc7a-4768-856f-7da2c6bf8438	http://urn.fi/URN:NBN:fi:au:slm:s1273	2019-02-01 13:17:32
http://urn.fi/URN:NBN:fi:au:slm:365383ea-9af5-4578-a1b3-1e688b43177b	http://urn.fi/URN:NBN:fi:au:slm:s1274	2019-02-01 13:17:32
http://urn.fi/URN:NBN:fi:au:slm:656f6b3e-9be5-4c60-a9bc-88a0fafd02e4	http://urn.fi/URN:NBN:fi:au:slm:s1275	2019-02-01 13:17:32
http://urn.fi/URN:NBN:fi:au:slm:cac581ac-2c8f-4251-98a4-0e3a44edb25d	http://urn.fi/URN:NBN:fi:au:slm:s1276	2019-02-01 13:17:32
http://urn.fi/URN:NBN:fi:au:slm:1055f9b2-23c4-42be-9041-2b77074662d5	http://urn.fi/URN:NBN:fi:au:slm:s1277	2019-02-01 13:17:32
http://urn.fi/URN:NBN:fi:au:slm:5de7ddcf-1ea7-4202-986d-11f6a17bacd3	http://urn.fi/URN:NBN:fi:au:slm:s1278	2019-02-01 13:17:32
http://urn.fi/URN:NBN:fi:au:slm:22c6112b-75ef-423d-b31e-e90740fc104d	http://urn.fi/URN:NBN:fi:au:slm:s1279	2019-02-01 13:17:32
http://urn.fi/URN:NBN:fi:au:slm:90bc5065-b887-4c26-ae5e-bec440abbe4c	http://urn.fi/URN:NBN:fi:au:slm:s1280	2019-02-01 13:17:32
http://urn.fi/URN:NBN:fi:au:slm:847a2482-a884-4b0c-a4b2-c9ee0921a0fc	http://urn.fi/URN:NBN:fi:au:slm:s1281	2019-02-01 13:17:32
http://urn.fi/URN:NBN:fi:au:slm:97f9617f-ede4-400c-992b-124b387dd1c3	http://urn.fi/URN:NBN:fi:au:slm:s1282	2019-02-01 13:17:32
http://urn.fi/URN:NBN:fi:au:slm:2467967d-1de2-4611-bce1-85ca8d2ab687	http://urn.fi/URN:NBN:fi:au:slm:s1283	2019-02-01 13:17:32
http://urn.fi/URN:NBN:fi:au:slm:cd8556bd-9d85-48f2-ade1-1c282b6d195c	http://urn.fi/URN:NBN:fi:au:slm:s1284	2019-02-01 13:17:32
http://urn.fi/URN:NBN:fi:au:slm:a63d6f92-4da2-4c22-84cd-d60a226be36f	http://urn.fi/URN:NBN:fi:au:slm:s1285	2019-02-01 13:17:32
http://urn.fi/URN:NBN:fi:au:slm:19a744d0-6015-4af0-87b4-4abd92c7ddc0	http://urn.fi/URN:NBN:fi:au:slm:s1286	2019-02-01 13:17:32
http://urn.fi/URN:NBN:fi:au:slm:c3d688fb-5ada-4806-8d2f-51e6a8028868	http://urn.fi/URN:NBN:fi:au:slm:s1287	2019-02-01 13:17:32
http://urn.fi/URN:NBN:fi:au:slm:7526e8d4-b2cb-4d97-9f83-99b7be8cc856	http://urn.fi/URN:NBN:fi:au:slm:s1288	2019-02-01 13:17:32
http://urn.fi/URN:NBN:fi:au:slm:64660e96-ae47-49aa-af7d-92a1daa1196d	http://urn.fi/URN:NBN:fi:au:slm:s1289	2019-02-01 13:17:32
http://urn.fi/URN:NBN:fi:au:slm:0ca98702-f522-4431-8822-864f90fcfd61	http://urn.fi/URN:NBN:fi:au:slm:s1290	2019-02-01 13:17:32
http://urn.fi/URN:NBN:fi:au:slm:3e2791cf-1c4d-413e-a1f4-528800ade3d4	http://urn.fi/URN:NBN:fi:au:slm:s1291	2019-02-01 13:17:32
http://urn.fi/URN:NBN:fi:au:slm:4039a08d-3685-4f97-82bc-c982e68ad1d7	http://urn.fi/URN:NBN:fi:au:slm:s1292	2019-02-01 13:17:32
http://urn.fi/URN:NBN:fi:au:slm:3778a3c7-4100-4872-b329-71b20961cbe1	http://urn.fi/URN:NBN:fi:au:slm:s1293	2019-02-01 13:17:32
http://urn.fi/URN:NBN:fi:au:slm:56624613-408b-47db-99e7-c5a558130d1b	http://urn.fi/URN:NBN:fi:au:slm:s1294	2019-02-01 13:17:32
http://urn.fi/URN:NBN:fi:au:slm:714beeda-fb0f-4088-815a-46a190046098	http://urn.fi/URN:NBN:fi:au:slm:s1295	2019-02-01 13:17:32
http://urn.fi/URN:NBN:fi:au:slm:0836158c-6b4e-4e6e-9a2f-42d924b9814d	http://urn.fi/URN:NBN:fi:au:slm:s1296	2019-02-01 13:17:32
http://urn.fi/URN:NBN:fi:au:slm:2b796c30-f11e-42e4-b8cb-a6f6b3c75e89	http://urn.fi/URN:NBN:fi:au:slm:s1297	2019-02-01 13:17:32
http://urn.fi/URN:NBN:fi:au:slm:68156944-9040-499e-a2aa-5e05d29d33b3	http://urn.fi/URN:NBN:fi:au:slm:s1298	2019-02-01 13:17:32
http://urn.fi/URN:NBN:fi:au:slm:e32a902f-3761-42fe-a260-83411581c18e	http://urn.fi/URN:NBN:fi:au:slm:s1299	2019-02-01 13:17:32
http://urn.fi/URN:NBN:fi:au:slm:c3c32ec3-e15c-4ffb-b220-ec19fcb4f2e1	http://urn.fi/URN:NBN:fi:au:slm:s1300	2019-02-23 06:42:01
http://urn.fi/URN:NBN:fi:au:slm:23962286-72d8-43f2-bf57-211998c85852	http://urn.fi/URN:NBN:fi:au:slm:s1301	2019-03-22 05:27:05
http://urn.fi/URN:NBN:fi:au:slm:1338deb9-23d7-491d-a53f-13eda6961359	http://urn.fi/URN:NBN:fi:au:slm:s1302	2019-03-22 05:27:05
http://urn.fi/URN:NBN:fi:au:slm:a6025c5b-b260-41f3-ad65-7db0c7b32a9e	http://urn.fi/URN:NBN:fi:au:slm:s1303	2019-03-22 05:27:05
http://urn.fi/URN:NBN:fi:au:slm:e8467ae4-41f0-4726-b897-2048b379248c	http://urn.fi/URN:NBN:fi:au:slm:s1304	2019-03-22 05:27:05
http://urn.fi/URN:NBN:fi:au:slm:d2c4b35a-0a52-478c-9f35-1b7aff0b245c	http://urn.fi/URN:NBN:fi:au:slm:s1305	2019-03-22 05:27:05
http://urn.fi/URN:NBN:fi:au:slm:c6921621-de7a-4981-9230-375c8b54a0f6	http://urn.fi/URN:NBN:fi:au:slm:s1306	2019-03-22 05:27:05
http://urn.fi/URN:NBN:fi:au:slm:07945b54-8c9a-45e6-a0f9-dc2b31f19aa8	http://urn.fi/URN:NBN:fi:au:slm:s1307	2019-03-22 05:27:05
http://urn.fi/URN:NBN:fi:au:slm:604f647f-8154-4d8c-ae06-1af32810f37f	http://urn.fi/URN:NBN:fi:au:slm:s1308	2019-03-22 05:27:05
http://urn.fi/URN:NBN:fi:au:slm:a4b6dd6d-09de-4594-9441-bdf33736ac86	http://urn.fi/URN:NBN:fi:au:slm:s1309	2019-03-22 05:27:05
http://urn.fi/URN:NBN:fi:au:slm:ef4845d7-7e32-46ea-b116-fce26004295c	http://urn.fi/URN:NBN:fi:au:slm:s1310	2019-03-22 05:27:05
http://urn.fi/URN:NBN:fi:au:slm:de425d34-a90b-47cf-a796-caa6f83e45ef	http://urn.fi/URN:NBN:fi:au:slm:s1311	2019-03-22 05:27:05
http://urn.fi/URN:NBN:fi:au:slm:ff5d1472-ba20-483d-af9c-ed5cbbd2bfc4	http://urn.fi/URN:NBN:fi:au:slm:s1312	2019-03-22 05:27:05
http://urn.fi/URN:NBN:fi:au:slm:dade3acd-0656-4661-9d29-45dbc2c0619e	http://urn.fi/URN:NBN:fi:au:slm:s1313	2019-03-22 05:27:05
http://urn.fi/URN:NBN:fi:au:slm:a0c4583c-f3c9-469e-81ac-06e82b41f10b	http://urn.fi/URN:NBN:fi:au:slm:s1314	2019-03-22 05:27:05
http://urn.fi/URN:NBN:fi:au:slm:57f6a7ca-0f75-4c27-beba-932dfe6c80fc	http://urn.fi/URN:NBN:fi:au:slm:s1315	2019-03-22 05:27:05
http://urn.fi/URN:NBN:fi:au:slm:db3d9c20-f08c-42ac-8d7c-255213028d82	http://urn.fi/URN:NBN:fi:au:slm:s1316	2019-06-11 10:14:36
http://urn.fi/URN:NBN:fi:au:slm:64faa9dc-d0fc-4461-8244-4481968af38c	http://urn.fi/URN:NBN:fi:au:slm:s1317	2019-06-11 10:14:36
http://urn.fi/URN:NBN:fi:au:slm:5658cedb-dece-44a5-a354-963a8d187fe1	http://urn.fi/URN:NBN:fi:au:slm:s1318	2019-06-11 10:14:36
http://urn.fi/URN:NBN:fi:au:slm:bbd560ca-a7fb-4881-bf39-df4a29eabd08	http://urn.fi/URN:NBN:fi:au:slm:s1319	2019-06-11 10:14:36
http://urn.fi/URN:NBN:fi:au:slm:c56db267-4b88-4d4b-9223-ea6562236358	http://urn.fi/URN:NBN:fi:au:slm:s1320	2019-06-11 10:14:36
http://urn.fi/URN:NBN:fi:au:slm:403f10a2-3441-4895-bfd5-c3299055a86d	http://urn.fi/URN:NBN:fi:au:slm:s1321	2019-06-11 10:14:36
http://urn.fi/URN:NBN:fi:au:slm:105e8f8c-a1f3-4e11-9c61-42d67b4004ed	http://urn.fi/URN:NBN:fi:au:slm:s1322	2019-06-11 10:14:36
http://urn.fi/URN:NBN:fi:au:slm:06a03427-8c24-43b5-8dfe-12a799cd078d	http://urn.fi/URN:NBN:fi:au:slm:s1323	2019-06-11 10:14:36
http://urn.fi/URN:NBN:fi:au:slm:8fa01000-f036-447f-86ac-57d56c4abd3d	http://urn.fi/URN:NBN:fi:au:slm:s1324	2019-06-11 10:14:36
http://urn.fi/URN:NBN:fi:au:slm:84bab324-7f3f-489a-83d0-a9466a108b3b	http://urn.fi/URN:NBN:fi:au:slm:s1325	2019-06-11 10:14:37
http://urn.fi/URN:NBN:fi:au:slm:bac63065-87c4-4386-abb4-33202b12eea5	http://urn.fi/URN:NBN:fi:au:slm:s1326	2019-06-11 10:14:37
http://urn.fi/URN:NBN:fi:au:slm:982d4f05-400d-4e4d-a95d-ff98542cfe10	http://urn.fi/URN:NBN:fi:au:slm:s1327	2019-06-11 10:14:37
http://urn.fi/URN:NBN:fi:au:slm:9e7f4896-88e0-4a31-811f-f3f910ec16fd	http://urn.fi/URN:NBN:fi:au:slm:s1328	2019-06-11 10:14:37
http://urn.fi/URN:NBN:fi:au:slm:066d95c1-b15a-47c6-b81c-657f53f0c35a	http://urn.fi/URN:NBN:fi:au:slm:s1329	2019-06-11 10:14:37
http://urn.fi/URN:NBN:fi:au:slm:00ba77d7-771f-4104-aed7-56facc9557e2	http://urn.fi/URN:NBN:fi:au:slm:s1330	2019-06-11 10:14:37
http://urn.fi/URN:NBN:fi:au:slm:22bb6153-d317-4f5c-8d7a-3844e69231ba	http://urn.fi/URN:NBN:fi:au:slm:s1331	2019-06-11 10:14:37
http://urn.fi/URN:NBN:fi:au:slm:493be559-d961-413f-9f0c-a80ad67df4eb	http://urn.fi/URN:NBN:fi:au:slm:s1332	2019-06-28 03:40:59
http://urn.fi/URN:NBN:fi:au:slm:56eaefd8-6fa0-40f0-84ee-31f41196c6aa	http://urn.fi/URN:NBN:fi:au:slm:s1333	2019-06-29 03:57:18
http://urn.fi/URN:NBN:fi:au:slm:b4a88335-9303-4a4f-955b-5da13366b2c6	http://urn.fi/URN:NBN:fi:au:slm:s1334	2019-06-29 03:57:18
http://urn.fi/URN:NBN:fi:au:slm:a76de59d-7bd9-4a99-9a17-982a516c44d7	http://urn.fi/URN:NBN:fi:au:slm:s1335	2019-06-29 03:57:18
http://urn.fi/URN:NBN:fi:au:slm:584de3e5-2ee0-412d-9710-59baa01f9ab5	http://urn.fi/URN:NBN:fi:au:slm:s1336	2019-09-04 03:42:08
http://urn.fi/URN:NBN:fi:au:slm:8103ba96-caae-4ed2-b859-fd8d287b803f	http://urn.fi/URN:NBN:fi:au:slm:s1337	2019-09-04 03:42:08
http://urn.fi/URN:NBN:fi:au:slm:e2df1d64-177d-42a4-bfa9-61c1b8e48a2a	http://urn.fi/URN:NBN:fi:au:slm:s1338	2019-09-04 03:42:08
http://urn.fi/URN:NBN:fi:au:slm:f11d2a2d-4fcd-47e4-b972-e69f8c009a6d	http://urn.fi/URN:NBN:fi:au:slm:s1339	2019-09-04 03:42:08
http://urn.fi/URN:NBN:fi:au:slm:03f92642-ec8d-45bf-8805-19e04ec24ecd	http://urn.fi/URN:NBN:fi:au:slm:s1340	2019-09-04 03:42:08
http://urn.fi/URN:NBN:fi:au:slm:a0996390-795e-4993-9f30-b3c1cc9d49ba	http://urn.fi/URN:NBN:fi:au:slm:s1341	2019-09-19 03:19:40
http://urn.fi/URN:NBN:fi:au:slm:cbd70ba3-e42e-45fa-a8c3-65d81ebac90a	http://urn.fi/URN:NBN:fi:au:slm:s1342	2019-11-09 03:26:26
http://urn.fi/URN:NBN:fi:au:slm:7c2595ca-77c7-444f-be92-4f5b1437ed98	http://urn.fi/URN:NBN:fi:au:slm:s1343	2019-11-09 03:26:26
http://urn.fi/URN:NBN:fi:au:slm:78866877-b38d-463b-ae0b-6037a6d0963e	http://urn.fi/URN:NBN:fi:au:slm:s1344	2019-11-09 03:26:26
http://urn.fi/URN:NBN:fi:au:slm:7753fe09-6ebd-46f9-83a8-8b42129f8330	http://urn.fi/URN:NBN:fi:au:slm:s1345	2019-11-09 03:26:26
http://urn.fi/URN:NBN:fi:au:slm:49d730ba-8e01-42b0-a7e0-4bfd82811291	http://urn.fi/URN:NBN:fi:au:slm:s1346	2019-11-09 03:26:26
http://urn.fi/URN:NBN:fi:au:slm:dd42ddf8-394e-4722-b2fb-11c02856ebaf	http://urn.fi/URN:NBN:fi:au:slm:s1347	2019-11-09 03:26:26
http://urn.fi/URN:NBN:fi:au:slm:e78300f2-0049-4f57-beb7-b0136c2ef460	http://urn.fi/URN:NBN:fi:au:slm:s1348	2019-11-09 03:26:26
http://urn.fi/URN:NBN:fi:au:slm:c71360e0-1145-4230-92eb-85e01bd2b8e9	http://urn.fi/URN:NBN:fi:au:slm:s1349	2019-11-09 03:26:26
http://urn.fi/URN:NBN:fi:au:slm:9b4a116d-aaa7-423e-94a0-38575967d636	http://urn.fi/URN:NBN:fi:au:slm:s1350	2019-11-09 03:26:26
http://urn.fi/URN:NBN:fi:au:slm:b7028c42-5af7-4750-9446-3675a9ea727c	http://urn.fi/URN:NBN:fi:au:slm:s1351	2019-11-09 03:26:26
http://urn.fi/URN:NBN:fi:au:slm:0b147612-4082-4fe1-af68-fae9044902d8	http://urn.fi/URN:NBN:fi:au:slm:s1352	2019-11-09 03:26:26
http://urn.fi/URN:NBN:fi:au:slm:1dd460ee-d98a-4016-b813-3abf732238b7	http://urn.fi/URN:NBN:fi:au:slm:s1353	2020-02-21 04:18:30
http://urn.fi/URN:NBN:fi:au:slm:fa5cb927-ca6d-42c7-b28f-453b369c2ff3	http://urn.fi/URN:NBN:fi:au:slm:s1354	2020-02-21 04:18:30
http://urn.fi/URN:NBN:fi:au:slm:cdf333f0-0e89-4eeb-933a-b0a482eee39e	http://urn.fi/URN:NBN:fi:au:slm:s1355	2020-02-21 04:18:30
http://urn.fi/URN:NBN:fi:au:slm:05df93d9-7db9-4c0e-a501-1dd3ca226ccf	http://urn.fi/URN:NBN:fi:au:slm:s1356	2020-02-21 04:18:30
http://urn.fi/URN:NBN:fi:au:slm:194f606c-0288-4dc7-8cb1-f82a138739bd	http://urn.fi/URN:NBN:fi:au:slm:s1357	2020-02-21 04:18:30
http://urn.fi/URN:NBN:fi:au:slm:56668de5-f79d-4fa9-b5f6-535d52257d79	http://urn.fi/URN:NBN:fi:au:slm:s1358	2020-02-21 04:18:30
http://urn.fi/URN:NBN:fi:au:slm:f5f79286-12e9-4ab2-9072-058a691ed057	http://urn.fi/URN:NBN:fi:au:slm:s1359	2020-02-21 04:18:30
http://urn.fi/URN:NBN:fi:au:slm:b3506ae5-1eda-484d-b525-af2663f0237a	http://urn.fi/URN:NBN:fi:au:slm:s1360	2020-02-21 04:18:30
http://urn.fi/URN:NBN:fi:au:slm:7de895e0-c085-4026-9c4e-5fa9529ecedd	http://urn.fi/URN:NBN:fi:au:slm:s1361	2020-02-21 04:18:30
http://urn.fi/URN:NBN:fi:au:slm:46b845da-dc57-4dd0-aab5-686154fa4fb7	http://urn.fi/URN:NBN:fi:au:slm:s1362	2020-02-21 04:18:30
http://urn.fi/URN:NBN:fi:au:slm:534d5a97-5032-4c48-aa21-4f627cbe1ca6	http://urn.fi/URN:NBN:fi:au:slm:s1363	2020-04-23 05:58:15
http://urn.fi/URN:NBN:fi:au:slm:66a38e35-6e7d-4f65-94a6-d6f108c6290b	http://urn.fi/URN:NBN:fi:au:slm:s1364	2020-04-23 05:58:16
http://urn.fi/URN:NBN:fi:au:slm:d1c54b9f-03dd-4e4c-98ef-033cf29dd65e	http://urn.fi/URN:NBN:fi:au:slm:s1365	2020-04-23 05:58:17
http://urn.fi/URN:NBN:fi:au:slm:fb494989-db25-437b-9c81-7971a96e4156	http://urn.fi/URN:NBN:fi:au:slm:s1366	2020-04-23 05:58:17
http://urn.fi/URN:NBN:fi:au:slm:24503285-8d28-4259-94a2-c6809b2273e5	http://urn.fi/URN:NBN:fi:au:slm:s1367	2020-04-23 05:58:18
http://urn.fi/URN:NBN:fi:au:slm:9449d1ce-2159-4123-97bf-9b710d00aaaa	http://urn.fi/URN:NBN:fi:au:slm:s1368	2020-04-23 05:58:18
http://urn.fi/URN:NBN:fi:au:slm:42dd4ff6-228e-4370-9c5c-4eea4392b5fd	http://urn.fi/URN:NBN:fi:au:slm:s1369	2020-04-23 05:58:18
http://urn.fi/URN:NBN:fi:au:slm:6b1ce598-953c-4c93-80d1-9b686c927e0c	http://urn.fi/URN:NBN:fi:au:slm:s1370	2020-04-23 05:58:18
http://urn.fi/URN:NBN:fi:au:slm:12e98a33-1402-49e8-9c0b-02a8d056c2d7	http://urn.fi/URN:NBN:fi:au:slm:s1371	2020-04-23 05:58:18
http://urn.fi/URN:NBN:fi:au:slm:d2ce9206-cd7a-4fcb-82e1-745aadcea0dc	http://urn.fi/URN:NBN:fi:au:slm:s1372	2020-04-23 05:58:18
http://urn.fi/URN:NBN:fi:au:slm:336ba58b-b1a3-41c4-8d67-e629e2aae563	http://urn.fi/URN:NBN:fi:au:slm:s1373	2020-04-23 05:58:18
http://urn.fi/URN:NBN:fi:au:slm:f618161a-7828-47bb-a7ec-278d30599e30	http://urn.fi/URN:NBN:fi:au:slm:s1374	2020-04-23 05:58:18
http://urn.fi/URN:NBN:fi:au:slm:2e10d14f-cd81-4b09-8969-ada26aa0c031	http://urn.fi/URN:NBN:fi:au:slm:s1375	2020-04-23 05:58:18
http://urn.fi/URN:NBN:fi:au:slm:727db135-82df-4c72-8a45-8db061cdb3c3	http://urn.fi/URN:NBN:fi:au:slm:s1376	2020-04-23 05:58:18
http://urn.fi/URN:NBN:fi:au:slm:c92e4aeb-7ace-4a06-a7b4-0ccf8a6472cc	http://urn.fi/URN:NBN:fi:au:slm:s1377	2020-06-27 04:21:44
http://urn.fi/URN:NBN:fi:au:slm:0c99d45a-0ca7-4af6-b9b3-5a548dd5c0bf	http://urn.fi/URN:NBN:fi:au:slm:s1378	2020-08-22 04:53:31
http://urn.fi/URN:NBN:fi:au:slm:cec3832a-a3b8-468f-af94-c2ae04711c4c	http://urn.fi/URN:NBN:fi:au:slm:s1379	2020-08-22 04:53:31
http://urn.fi/URN:NBN:fi:au:slm:d00897ec-a13d-46d0-996a-2717337efe07	http://urn.fi/URN:NBN:fi:au:slm:s1380	2020-08-22 04:53:31
http://urn.fi/URN:NBN:fi:au:slm:c28bf159-63d5-48f4-8104-dead34c68eeb	http://urn.fi/URN:NBN:fi:au:slm:s1381	2020-08-22 04:53:31
http://urn.fi/URN:NBN:fi:au:slm:5cd1828a-572e-4c6c-853b-aacc0bdc39b6	http://urn.fi/URN:NBN:fi:au:slm:s1382	2020-08-22 04:53:31
http://urn.fi/URN:NBN:fi:au:slm:88fbe600-a666-4c8f-a393-5a6c457b816f	http://urn.fi/URN:NBN:fi:au:slm:s1383	2020-08-22 04:53:31
http://urn.fi/URN:NBN:fi:au:slm:9aa74b22-a8e0-4e70-aa5a-8dea7cd9f6b8	http://urn.fi/URN:NBN:fi:au:slm:s1384	2020-08-22 04:53:31
http://urn.fi/URN:NBN:fi:au:slm:7277493f-fb0f-4861-801d-039b3d54798b	http://urn.fi/URN:NBN:fi:au:slm:s1385	2020-08-22 04:53:31
http://urn.fi/URN:NBN:fi:au:slm:5ee7c283-ff5b-4c2a-ab17-5ca8bbda115c	http://urn.fi/URN:NBN:fi:au:slm:s1386	2020-08-22 04:53:32
http://urn.fi/URN:NBN:fi:au:slm:5ebe49c3-5c5a-4294-aca2-53fde69eb52c	http://urn.fi/URN:NBN:fi:au:slm:s1387	2020-08-22 04:53:32
http://urn.fi/URN:NBN:fi:au:slm:ce70eb85-8a38-492f-bf6c-b93815339dc7	http://urn.fi/URN:NBN:fi:au:slm:s1388	2020-08-22 04:53:32
http://urn.fi/URN:NBN:fi:au:slm:df34ed0c-7937-42db-bd70-1fa6bac5f2c1	http://urn.fi/URN:NBN:fi:au:slm:s1389	2020-08-22 04:53:32
http://urn.fi/URN:NBN:fi:au:slm:71c0020a-6cff-4390-a4b7-56172d8dc4a7	http://urn.fi/URN:NBN:fi:au:slm:s1390	2020-11-02 15:39:18
http://urn.fi/URN:NBN:fi:au:slm:d71edad8-eac5-408b-902b-b2972bab514b	http://urn.fi/URN:NBN:fi:au:slm:s1391	2020-11-02 15:39:18
http://urn.fi/URN:NBN:fi:au:slm:d5eec187-9e3c-477c-9f15-af305b7813ae	http://urn.fi/URN:NBN:fi:au:slm:s1392	2020-11-02 15:39:18
http://urn.fi/URN:NBN:fi:au:slm:b80965be-caf3-4273-ac5e-5713dc32090b	http://urn.fi/URN:NBN:fi:au:slm:s1393	2020-11-02 15:39:18
http://urn.fi/URN:NBN:fi:au:slm:8ffbeec4-87ab-4f7b-8039-f239a6c62710	http://urn.fi/URN:NBN:fi:au:slm:s1394	2020-11-02 15:39:18
http://urn.fi/URN:NBN:fi:au:slm:9e230622-2253-4023-9919-99a065c3eabd	http://urn.fi/URN:NBN:fi:au:slm:s1395	2020-11-02 15:39:18
http://urn.fi/URN:NBN:fi:au:slm:60bc4f12-0a6f-4998-81be-97c75e6bdd2e	http://urn.fi/URN:NBN:fi:au:slm:s1396	2020-11-02 15:39:18
http://urn.fi/URN:NBN:fi:au:slm:e9afef6e-6241-4b20-9a11-abf002f2687a	http://urn.fi/URN:NBN:fi:au:slm:s1397	2020-11-02 15:39:18
http://urn.fi/URN:NBN:fi:au:slm:f068719a-5dd2-499b-a6ce-99b2b07574ab	http://urn.fi/URN:NBN:fi:au:slm:s1398	2020-11-02 15:39:18
http://urn.fi/URN:NBN:fi:au:slm:d9854306-5ad9-4151-b3b4-3cc0f1e14965	http://urn.fi/URN:NBN:fi:au:slm:s1399	2020-11-02 15:39:18
http://urn.fi/URN:NBN:fi:au:slm:074312db-1e52-45b6-88fa-873599e82c70	http://urn.fi/URN:NBN:fi:au:slm:s1400	2020-11-02 15:39:18
http://urn.fi/URN:NBN:fi:au:slm:3873d6ca-c6fa-4484-9ed2-3648e7ad7100	http://urn.fi/URN:NBN:fi:au:slm:s1401	2020-11-02 15:39:18
http://urn.fi/URN:NBN:fi:au:slm:50179e1e-71b4-4a02-bd06-980366e46157	http://urn.fi/URN:NBN:fi:au:slm:s1402	2020-11-02 15:39:18
http://urn.fi/URN:NBN:fi:au:slm:24ad8613-1151-4957-804f-6fc2c4401fe1	http://urn.fi/URN:NBN:fi:au:slm:s1403	2021-01-05 06:27:01
http://urn.fi/URN:NBN:fi:au:slm:41383d3f-f7d6-4396-9b7d-ef45f2a0b4d0	http://urn.fi/URN:NBN:fi:au:slm:s1404	2021-01-05 06:27:01
http://urn.fi/URN:NBN:fi:au:slm:56a2cfb3-f2e3-450e-aa0e-9d9bd2e6779a	http://urn.fi/URN:NBN:fi:au:slm:s1405	2021-01-05 06:27:01
http://urn.fi/URN:NBN:fi:au:slm:9539395e-a7be-457c-a4a0-9810284694f5	http://urn.fi/URN:NBN:fi:au:slm:s1406	2021-01-05 06:27:01
http://urn.fi/URN:NBN:fi:au:slm:7625fe2d-f315-4649-8193-21bee4abdac9	http://urn.fi/URN:NBN:fi:au:slm:s1407	2021-01-05 06:27:01
http://urn.fi/URN:NBN:fi:au:slm:b1402a5c-1781-4169-bdfd-77752488c413	http://urn.fi/URN:NBN:fi:au:slm:s1408	2021-01-05 06:27:01
http://urn.fi/URN:NBN:fi:au:slm:e4d2669e-09bc-4396-9e9a-56c1e5248069	http://urn.fi/URN:NBN:fi:au:slm:s1409	2021-01-05 06:27:01
http://urn.fi/URN:NBN:fi:au:slm:5c632346-05c0-460e-a132-1d65bf7810a2	http://urn.fi/URN:NBN:fi:au:slm:s1410	2021-03-02 03:03:30
http://urn.fi/URN:NBN:fi:au:slm:a1d9ed61-6d98-402d-94b9-158c07b580da	http://urn.fi/URN:NBN:fi:au:slm:s1411	2021-03-02 03:03:30
http://urn.fi/URN:NBN:fi:au:slm:f390be94-97a7-447d-8524-0b467fa9911b	http://urn.fi/URN:NBN:fi:au:slm:s1412	2021-05-06 03:00:17
http://urn.fi/URN:NBN:fi:au:slm:5da711a0-b5df-4638-b451-f3ce70d47930	http://urn.fi/URN:NBN:fi:au:slm:s1413	2021-05-19 03:00:07
http://urn.fi/URN:NBN:fi:au:slm:f77cdfed-9ff4-40a5-94a8-c7ae99197ef5	http://urn.fi/URN:NBN:fi:au:slm:s1414	2021-05-19 03:00:07
http://urn.fi/URN:NBN:fi:au:slm:9bb57beb-d743-4bab-83e3-b9c8ac5b20ac	http://urn.fi/URN:NBN:fi:au:slm:s1415	2021-05-19 03:00:07
http://urn.fi/URN:NBN:fi:au:slm:393267f5-5dfa-426c-8faf-c1c4700c739c	http://urn.fi/URN:NBN:fi:au:slm:s1416	2021-05-20 03:00:38
http://urn.fi/URN:NBN:fi:au:slm:ac951a2d-7aaf-42f8-9d09-2d27f48f7b9c	http://urn.fi/URN:NBN:fi:au:slm:s1417	2021-05-20 03:00:38
http://urn.fi/URN:NBN:fi:au:slm:aaadaecf-b05a-490f-a742-24164d1358af	http://urn.fi/URN:NBN:fi:au:slm:s1418	2021-05-20 03:00:38
http://urn.fi/URN:NBN:fi:au:slm:81643f69-5128-4afa-8422-503dc315d635	http://urn.fi/URN:NBN:fi:au:slm:s1419	2021-05-20 03:00:38
http://urn.fi/URN:NBN:fi:au:slm:91894cb7-d20a-4d0f-8ae1-31a2d3058795	http://urn.fi/URN:NBN:fi:au:slm:s1420	2021-05-20 03:00:38
http://urn.fi/URN:NBN:fi:au:slm:1eccb39a-e754-4e03-8cf8-031adceab031	http://urn.fi/URN:NBN:fi:au:slm:s1421	2021-05-20 03:00:38
http://urn.fi/URN:NBN:fi:au:slm:6e7ea695-9a83-4540-a744-b812a422444f	http://urn.fi/URN:NBN:fi:au:slm:s1422	2021-05-20 03:00:38
http://urn.fi/URN:NBN:fi:au:slm:eaef4ffc-7557-4f49-aeae-ce76e7ab2e1d	http://urn.fi/URN:NBN:fi:au:slm:s1423	2021-06-23 02:50:35
http://urn.fi/URN:NBN:fi:au:slm:bbe08308-d837-4fb5-bfd6-d65389639859	http://urn.fi/URN:NBN:fi:au:slm:s1424	2021-06-23 02:50:35
http://urn.fi/URN:NBN:fi:au:slm:c0f9c569-6ab6-4d80-b0cd-de1778843f74	http://urn.fi/URN:NBN:fi:au:slm:s1425	2021-08-21 02:48:46
http://urn.fi/URN:NBN:fi:au:slm:8d2e9c72-3248-4cc7-9e26-bcdcd92acd6d	http://urn.fi/URN:NBN:fi:au:slm:s1426	2021-08-21 02:48:46
http://urn.fi/URN:NBN:fi:au:slm:5e8a7ae6-7293-4b43-9e81-2a4389380392	http://urn.fi/URN:NBN:fi:au:slm:s1427	2021-08-21 02:48:46
http://urn.fi/URN:NBN:fi:au:slm:606c39c1-9e6c-46f9-b6be-46a4e3732643	http://urn.fi/URN:NBN:fi:au:slm:s1428	2021-08-21 02:48:46
http://urn.fi/URN:NBN:fi:au:slm:64c7bfc6-706c-4b34-8bb3-e0be5772c5e3	http://urn.fi/URN:NBN:fi:au:slm:s1429	2021-08-21 02:48:46
http://urn.fi/URN:NBN:fi:au:slm:0d06fdf3-ab18-40a7-8122-5c78c321ce83	http://urn.fi/URN:NBN:fi:au:slm:s1430	2021-08-21 02:48:46
http://urn.fi/URN:NBN:fi:au:slm:5ee35c51-4834-490b-af9a-1792522d1107	http://urn.fi/URN:NBN:fi:au:slm:s1431	2021-10-13 02:50:46
http://urn.fi/URN:NBN:fi:au:slm:0f348b4a-7ed6-40a5-9110-e7d5b322dec2	http://urn.fi/URN:NBN:fi:au:slm:s1432	2021-10-13 02:50:46
http://urn.fi/URN:NBN:fi:au:slm:98393b3d-2b98-43e3-9593-9f70b3c9ea70	http://urn.fi/URN:NBN:fi:au:slm:s1433	2021-10-13 02:50:46
http://urn.fi/URN:NBN:fi:au:slm:12400c2e-b854-4009-886d-b6a6e982e3d1	http://urn.fi/URN:NBN:fi:au:slm:s1434	2021-10-13 02:50:46
http://urn.fi/URN:NBN:fi:au:slm:70a0ff6b-5ed4-49ff-a1e3-18ebfe1ce521	http://urn.fi/URN:NBN:fi:au:slm:s1435	2021-10-13 02:50:46
http://urn.fi/URN:NBN:fi:au:slm:80a32b7b-f6e6-4bdc-b101-0c89a827145d	http://urn.fi/URN:NBN:fi:au:slm:s1436	2021-12-21 03:14:10
http://urn.fi/URN:NBN:fi:au:slm:edd8110d-2781-4491-8802-a39a49aece7d	http://urn.fi/URN:NBN:fi:au:slm:s1437	2021-12-21 03:14:10
http://urn.fi/URN:NBN:fi:au:slm:8991d630-5783-4589-985b-a567af4e4424	http://urn.fi/URN:NBN:fi:au:slm:s1438	2022-02-01 03:07:34
http://urn.fi/URN:NBN:fi:au:slm:0c77981b-1e87-46fb-84b9-b4da3ee60e69	http://urn.fi/URN:NBN:fi:au:slm:s1439	2022-02-01 03:07:34
http://urn.fi/URN:NBN:fi:au:slm:e9fc800c-2f43-4950-9fbc-05af77e6b10c	http://urn.fi/URN:NBN:fi:au:slm:s1440	2022-02-01 03:07:34
http://urn.fi/URN:NBN:fi:au:slm:ef754f2b-3c46-4a81-be5f-1ba3975a0359	http://urn.fi/URN:NBN:fi:au:slm:s1441	2022-03-24 03:04:47
http://urn.fi/URN:NBN:fi:au:slm:c7aaa0c4-3b06-4d4a-904b-f7db5e5e12e2	http://urn.fi/URN:NBN:fi:au:slm:s1442	2022-03-24 03:04:47
http://urn.fi/URN:NBN:fi:au:slm:1ac41b97-e848-49ee-a92f-ef0a5bbd46b9	http://urn.fi/URN:NBN:fi:au:slm:s1443	2022-05-17 03:03:57
http://urn.fi/URN:NBN:fi:au:slm:5d3b5200-1106-4cbe-a587-2897a43fbd4b	http://urn.fi/URN:NBN:fi:au:slm:s1444	2022-05-17 03:03:57
http://urn.fi/URN:NBN:fi:au:slm:26b3645d-1de8-4b07-b57e-59f7157504f2	http://urn.fi/URN:NBN:fi:au:slm:s1445	2022-05-17 03:03:57
http://urn.fi/URN:NBN:fi:au:slm:032ba586-54e9-4db0-8f17-9ac7e0b101ef	http://urn.fi/URN:NBN:fi:au:slm:s1446	2022-05-17 03:03:57
http://urn.fi/URN:NBN:fi:au:slm:72f72206-5f44-4744-b00a-b5279e4b9a1b	http://urn.fi/URN:NBN:fi:au:slm:s1447	2022-05-17 03:03:57
http://urn.fi/URN:NBN:fi:au:slm:414c9493-ddba-4fbf-99ab-69d95d9efdfe	http://urn.fi/URN:NBN:fi:au:slm:s1448	2022-05-17 03:03:57
http://urn.fi/URN:NBN:fi:au:slm:b76480d7-3325-40c1-88d8-684a267b0f0b	http://urn.fi/URN:NBN:fi:au:slm:s1449	2022-05-17 03:03:57
http://urn.fi/URN:NBN:fi:au:slm:6103bcb9-d622-404a-90a2-107cb046f000	http://urn.fi/URN:NBN:fi:au:slm:s1450	2022-05-17 03:03:57
http://urn.fi/URN:NBN:fi:au:slm:337102d5-b7d1-4d03-b12c-39ad0f39ce60	http://urn.fi/URN:NBN:fi:au:slm:s1451	2022-05-17 03:03:57
http://urn.fi/URN:NBN:fi:au:slm:c242dd40-923b-47bf-bdf7-0862bed4154a	http://urn.fi/URN:NBN:fi:au:slm:s1452	2022-06-14 03:03:47
http://urn.fi/URN:NBN:fi:au:slm:bc2268e2-befc-4f7d-a7c6-14c320a9bbad	http://urn.fi/URN:NBN:fi:au:slm:s1453	2022-06-14 03:03:47
http://urn.fi/URN:NBN:fi:au:slm:33aefe34-0865-445a-a336-74a1e85c538b	http://urn.fi/URN:NBN:fi:au:slm:s1454	2022-06-14 03:03:47
http://urn.fi/URN:NBN:fi:au:slm:db71f9d6-264f-4e46-b0ca-23fcaa704dc6	http://urn.fi/URN:NBN:fi:au:slm:s1455	2022-06-16 03:04:22
http://urn.fi/URN:NBN:fi:au:slm:8d86ea86-3fd3-4444-9069-17b3a8176fde	http://urn.fi/URN:NBN:fi:au:slm:s1456	2022-06-16 03:04:22
http://urn.fi/URN:NBN:fi:au:slm:c385f3e7-e15f-4562-950a-7f773aa80d98	http://urn.fi/URN:NBN:fi:au:slm:s1457	2022-08-27 03:11:27
http://urn.fi/URN:NBN:fi:au:slm:33710bc3-70fa-46f5-8f69-2cd950d091a5	http://urn.fi/URN:NBN:fi:au:slm:s1458	2022-08-27 03:11:27
http://urn.fi/URN:NBN:fi:au:slm:efa37776-ace2-4689-9383-ca4cc1af0ba8	http://urn.fi/URN:NBN:fi:au:slm:s1459	2022-10-05 03:08:40
http://urn.fi/URN:NBN:fi:au:slm:530df31e-3b71-483a-99e4-930a63136aa1	http://urn.fi/URN:NBN:fi:au:slm:s1460	2022-11-19 02:52:38
http://urn.fi/URN:NBN:fi:au:slm:3e2b9416-989a-4998-9d6c-671b5a1b2e5a	http://urn.fi/URN:NBN:fi:au:slm:s1461	2022-11-19 02:52:38
http://urn.fi/URN:NBN:fi:au:slm:b3198bdb-94a6-4f76-bae4-a5ac1e8ebd2b	http://urn.fi/URN:NBN:fi:au:slm:s1462	2022-11-19 02:52:38
http://urn.fi/URN:NBN:fi:au:slm:2da0beb2-5ad0-4d36-bf40-3da95d4a497d	http://urn.fi/URN:NBN:fi:au:slm:s1463	2022-11-19 02:52:38
http://urn.fi/URN:NBN:fi:au:slm:061dbd25-e8b3-4b16-9249-b47e296d4efb	http://urn.fi/URN:NBN:fi:au:slm:s1464	2022-11-19 02:52:38
http://urn.fi/URN:NBN:fi:au:slm:8ecf06e2-20f7-4327-8f33-49b04611cdd6	http://urn.fi/URN:NBN:fi:au:slm:s1465	2022-12-30 02:54:50
http://urn.fi/URN:NBN:fi:au:slm:2d09dd4f-5e39-48e7-bc43-c8b31b91af8d	http://urn.fi/URN:NBN:fi:au:slm:s1466	2022-12-30 02:54:50
http://urn.fi/URN:NBN:fi:au:slm:e8eec9fb-f863-48e3-b4cf-cedd53afc26f	http://urn.fi/URN:NBN:fi:au:slm:s1467	2023-02-22 02:57:27
http://urn.fi/URN:NBN:fi:au:slm:4aa3a70e-a054-4047-9fb6-8c492a75a3a8	http://urn.fi/URN:NBN:fi:au:slm:s1468	2023-02-22 02:57:27
http://urn.fi/URN:NBN:fi:au:slm:a817dd48-6bc9-4a87-ac02-585981a06cbf	http://urn.fi/URN:NBN:fi:au:slm:s1469	2023-02-22 02:57:27
http://urn.fi/URN:NBN:fi:au:slm:6fa929c8-3095-4bd0-af8c-710e7fafbf56	http://urn.fi/URN:NBN:fi:au:slm:s1470	2023-02-22 02:57:27
http://urn.fi/URN:NBN:fi:au:slm:ff69a57a-9731-491a-bf34-3eb487d4fd1c	http://urn.fi/URN:NBN:fi:au:slm:s1471	2023-02-22 02:57:27
http://urn.fi/URN:NBN:fi:au:slm:ca6d6f2e-9c02-4276-aa92-5a2f637d76b0	http://urn.fi/URN:NBN:fi:au:slm:s1472	2023-02-22 02:57:27
http://urn.fi/URN:NBN:fi:au:slm:4c2bac4a-60f0-4a32-ba06-0680ca033e25	http://urn.fi/URN:NBN:fi:au:slm:s1473	2023-02-22 02:57:27
http://urn.fi/URN:NBN:fi:au:slm:709fcf29-c61e-4c0c-b360-c7e0bb2e4c35	http://urn.fi/URN:NBN:fi:au:slm:s1474	2023-02-22 02:57:27
http://urn.fi/URN:NBN:fi:au:slm:62734c65-9215-410a-b388-de6e8459f65b	http://urn.fi/URN:NBN:fi:au:slm:s1475	2023-02-22 02:57:27
http://urn.fi/URN:NBN:fi:au:slm:47438163-bfde-4ea1-af43-a4bc86d6a7e4	http://urn.fi/URN:NBN:fi:au:slm:s1476	2023-03-29 02:52:52
http://urn.fi/URN:NBN:fi:au:slm:7c5045d9-31bc-4da6-af62-1961ed2f1f07	http://urn.fi/URN:NBN:fi:au:slm:s1477	2023-03-29 02:52:52
http://urn.fi/URN:NBN:fi:au:slm:7b2015e2-a8c3-4e11-9d8b-e591cfe41735	http://urn.fi/URN:NBN:fi:au:slm:s1478	2023-03-29 02:52:52
http://urn.fi/URN:NBN:fi:au:slm:546799f8-0ada-4eec-86ba-8532cdfd5321	http://urn.fi/URN:NBN:fi:au:slm:s1479	2023-03-29 02:52:52
http://urn.fi/URN:NBN:fi:au:slm:d8167629-2189-42bb-9779-66c10ea06684	http://urn.fi/URN:NBN:fi:au:slm:s1480	2023-03-29 02:52:52
http://urn.fi/URN:NBN:fi:au:slm:d36e4bb9-b580-43cf-9e77-e7e6678061c4	http://urn.fi/URN:NBN:fi:au:slm:s1481	2023-03-29 02:52:52
http://urn.fi/URN:NBN:fi:au:slm:de4ae205-db02-42bd-b806-b8f7b6a110f0	http://urn.fi/URN:NBN:fi:au:slm:s1482	2023-03-29 02:52:52
http://urn.fi/URN:NBN:fi:au:slm:2b567e52-924f-4be6-a5ff-ee6a3e9fef90	http://urn.fi/URN:NBN:fi:au:slm:s1483	2023-03-29 02:52:52
http://urn.fi/URN:NBN:fi:au:slm:70289943-39e0-42e2-b27d-a06185b0f02b	http://urn.fi/URN:NBN:fi:au:slm:s1484	2023-03-29 02:52:52
http://urn.fi/URN:NBN:fi:au:slm:e7408608-e2bb-447d-9f20-c48306041c8e	http://urn.fi/URN:NBN:fi:au:slm:s1485	2023-03-29 02:52:52
http://urn.fi/URN:NBN:fi:au:slm:cc053ed3-ebec-410f-95c0-21dc503c6761	http://urn.fi/URN:NBN:fi:au:slm:s1486	2023-03-29 02:52:52
http://urn.fi/URN:NBN:fi:au:slm:61be7c81-2b00-4a9c-bb3d-4973c4517735	http://urn.fi/URN:NBN:fi:au:slm:s1487	2023-06-06 09:43:13
http://urn.fi/URN:NBN:fi:au:slm:c56422e8-03cb-4792-86b9-6585cb4b2706	http://urn.fi/URN:NBN:fi:au:slm:s1488	2023-06-06 09:43:13
http://urn.fi/URN:NBN:fi:au:slm:83e8c962-a6fb-4009-be2e-00f5e4712e9b	http://urn.fi/URN:NBN:fi:au:slm:s1489	2023-06-06 09:43:13
http://urn.fi/URN:NBN:fi:au:slm:3a04ea7d-b1e0-4dd8-9c59-098ecde0cf43	http://urn.fi/URN:NBN:fi:au:slm:s1490	2023-06-06 09:43:13
