http://urn.fi/URN:NBN:fi:au:slm:s1	15998e489a02697f2042010c514cc04f	-	-
http://urn.fi/URN:NBN:fi:au:slm:s10	8dcbd7190708730d5f09a71916e05341	-	-
http://urn.fi/URN:NBN:fi:au:slm:s100	5be7b57d08d5ff31a4bda03268013466	-	-
http://urn.fi/URN:NBN:fi:au:slm:s1000	dce58b71459e07f4f4b5dadf7037f0f4	-	-
http://urn.fi/URN:NBN:fi:au:slm:s1001	fb30442f93cf76f787bed973171a7459	-	-
http://urn.fi/URN:NBN:fi:au:slm:s1002	2ece7cd752573c8f6680db3b976a30fb	-	-
http://urn.fi/URN:NBN:fi:au:slm:s1003	c504002730f2a304f559fda0d75fe41b	-	-
http://urn.fi/URN:NBN:fi:au:slm:s1004	7722e672e081066eef9bfede3655e23c	-	-
http://urn.fi/URN:NBN:fi:au:slm:s1005	1b2d725ca6c49108164c82d5ac5a86eb	-	-
http://urn.fi/URN:NBN:fi:au:slm:s1006	263ae546285c2d2447ce1fbd4b89d0eb	-	-
http://urn.fi/URN:NBN:fi:au:slm:s1007	5d5b7d3d1baea7da7b6fde620d70bbf2	-	-
http://urn.fi/URN:NBN:fi:au:slm:s1008	c2143eacdf734e9b476cd4c6d8c2dbf9	-	-
http://urn.fi/URN:NBN:fi:au:slm:s1009	b429e7f01ec84cce128c82410a1f63ee	-	-
http://urn.fi/URN:NBN:fi:au:slm:s101	493bf8e9a0ec7842b0b235491aecfaa1	-	-
http://urn.fi/URN:NBN:fi:au:slm:s1010	62806e900cf2223465ef2477d82b772d	-	-
http://urn.fi/URN:NBN:fi:au:slm:s1011	f504361e1e2bd2c0ac7a8dec3231c3aa	-	-
http://urn.fi/URN:NBN:fi:au:slm:s1012	af69d03f1da4876251f23989ab9ba9dc	2019-09-05	-
http://urn.fi/URN:NBN:fi:au:slm:s1014	671c03d6c5457e31f717241ffc5ef8de	-	-
http://urn.fi/URN:NBN:fi:au:slm:s1015	b0debe6e6aa50c2066e640b2c56254db	-	-
http://urn.fi/URN:NBN:fi:au:slm:s1016	5536848781b825c56cb646b58312ca71	-	-
http://urn.fi/URN:NBN:fi:au:slm:s1017	c0ab960bad3e88625f55ff374d1aa533	-	-
http://urn.fi/URN:NBN:fi:au:slm:s1018	b61c90d8bb8f8df75c47ff8bc2d50108	-	-
http://urn.fi/URN:NBN:fi:au:slm:s1019	c3a9164936588af8591c09ed45b9fc07	-	-
http://urn.fi/URN:NBN:fi:au:slm:s1020	25931891b1e55131b196dd028b090996	-	-
http://urn.fi/URN:NBN:fi:au:slm:s1021	e22d30b05b4fe4b89491de209d858987	-	-
http://urn.fi/URN:NBN:fi:au:slm:s1022	0c09ed7c0da296f903d20b79565ae688	-	-
http://urn.fi/URN:NBN:fi:au:slm:s1023	3e769374d81dfac8730b4ee58de8d84f	-	-
http://urn.fi/URN:NBN:fi:au:slm:s1024	8b42f6096c569a9eec1918ed6fbab1f7	-	-
http://urn.fi/URN:NBN:fi:au:slm:s1025	989e7eecb4d9dd9e44f352e0c32dc8d5	-	-
http://urn.fi/URN:NBN:fi:au:slm:s1026	66b75c9117982942b820563f6370b5d0	-	-
http://urn.fi/URN:NBN:fi:au:slm:s1027	7e521c5f83007f9c10b62058c6e08f17	-	-
http://urn.fi/URN:NBN:fi:au:slm:s1028	9b12f3b3964043d4e3e471d3e1ac359a	-	-
http://urn.fi/URN:NBN:fi:au:slm:s1029	6bd1e359f817ccc3bcf31c6429936d06	-	-
http://urn.fi/URN:NBN:fi:au:slm:s103	81a990dc6cc9249117ca5d758036dca2	2019-11-09	-
http://urn.fi/URN:NBN:fi:au:slm:s1030	f6430a9278213139863bc1efed0b3c73	-	-
http://urn.fi/URN:NBN:fi:au:slm:s1031	a6f625bdee32c2c782762af8f3129192	-	-
http://urn.fi/URN:NBN:fi:au:slm:s1032	4d4e1e8f6d130a4aa9c9d506e9f03235	-	-
http://urn.fi/URN:NBN:fi:au:slm:s1033	62c506c5216bcd3434876ca94784a151	-	-
http://urn.fi/URN:NBN:fi:au:slm:s1034	105c0a3d4bf0b3570a17d859a77f3e59	-	-
http://urn.fi/URN:NBN:fi:au:slm:s1035	4a1ac7cd42708771f7e6f9a68357b911	-	-
http://urn.fi/URN:NBN:fi:au:slm:s1036	bd5824d7f15949012931afe5a5d5ea60	-	-
http://urn.fi/URN:NBN:fi:au:slm:s1037	c7448cf2fae1d374a2009c4c034c608d	-	-
http://urn.fi/URN:NBN:fi:au:slm:s1038	8dc0829c4a96d7eb0dd85f228f0e1ce6	-	-
http://urn.fi/URN:NBN:fi:au:slm:s1039	d751275612b320abab735fbba97f1a1e	-	-
http://urn.fi/URN:NBN:fi:au:slm:s104	e7a3317641828522b4145c92d5bac7da	-	-
http://urn.fi/URN:NBN:fi:au:slm:s1040	fceb3f1474ae0b546b177b00dd49dad2	-	-
http://urn.fi/URN:NBN:fi:au:slm:s1041	c272ac8fc6ca4b0b0c57678a23961c1a	-	-
http://urn.fi/URN:NBN:fi:au:slm:s1042	fcac6191982fc0d0f51882790f1d6ce3	-	-
http://urn.fi/URN:NBN:fi:au:slm:s1043	a5b21281d6b25ebbc994a48a6eef0165	-	-
http://urn.fi/URN:NBN:fi:au:slm:s1044	b6f917d6e4ea07d9c0cc78c374453cb5	-	-
http://urn.fi/URN:NBN:fi:au:slm:s1045	fe1e94f2c49c5b6a0d62e52e1c818191	-	-
http://urn.fi/URN:NBN:fi:au:slm:s1046	c6f953025bddb1533f8d01628839990f	-	-
http://urn.fi/URN:NBN:fi:au:slm:s1047	5fb762a8f08b944a6e0a20ffa5091343	-	-
http://urn.fi/URN:NBN:fi:au:slm:s1048	cfeb94f916da21f63a9b4ab6df39a839	-	-
http://urn.fi/URN:NBN:fi:au:slm:s1049	1ddafedca5b83d1114f86658cb98513f	-	-
http://urn.fi/URN:NBN:fi:au:slm:s105	45623e103c9e4427f4334c9038e8a219	-	-
http://urn.fi/URN:NBN:fi:au:slm:s1050	a608631d368cd2f06e0ca14b520a3cdd	-	-
http://urn.fi/URN:NBN:fi:au:slm:s1051	ffb0cef8e550a3d895081e62ca1101c4	-	-
http://urn.fi/URN:NBN:fi:au:slm:s1052	255e6690a956cfa41f21761354917080	-	-
http://urn.fi/URN:NBN:fi:au:slm:s1053	3e84c8dcf3f1cfed0250fa2dfede1ee3	-	-
http://urn.fi/URN:NBN:fi:au:slm:s1054	11560e7d129da8d9bbfe62e7f2c6617d	-	-
http://urn.fi/URN:NBN:fi:au:slm:s1055	5f6f482e6df137e0586d0a8341313508	-	-
http://urn.fi/URN:NBN:fi:au:slm:s1056	8bdfc52a00e4a874d2b760b6c314a0d9	-	-
http://urn.fi/URN:NBN:fi:au:slm:s1057	3d310e7c2bfdf8ce53ce0624f839c625	-	-
http://urn.fi/URN:NBN:fi:au:slm:s1058	8ff022472c6a4d752ff532c88543f5de	2019-03-22	-
http://urn.fi/URN:NBN:fi:au:slm:s1059	a27392d1b000f240d0920719e46538ed	-	-
http://urn.fi/URN:NBN:fi:au:slm:s106	77ee5b3fac19b47987d47eddb7f0f4e2	2019-03-22	-
http://urn.fi/URN:NBN:fi:au:slm:s1061	6545c448fc3dd391ad29ddf66a3e7d1c	-	-
http://urn.fi/URN:NBN:fi:au:slm:s1062	bdf44ce8482980c1bd2fcd7e9bf7254c	-	-
http://urn.fi/URN:NBN:fi:au:slm:s1063	53cd21d2e7c28c84554e5f862ae0da66	-	-
http://urn.fi/URN:NBN:fi:au:slm:s1064	6786543814e8faae9c4c1988a2db6a19	-	-
http://urn.fi/URN:NBN:fi:au:slm:s1065	e2a292e6a7f7bbad7291d329c6f83b65	-	-
http://urn.fi/URN:NBN:fi:au:slm:s1066	5b0dfad14b3641304cec511b9cc339e5	-	-
http://urn.fi/URN:NBN:fi:au:slm:s1067	0a999025f51edf4459c678ca5afdc11b	2019-11-09	-
http://urn.fi/URN:NBN:fi:au:slm:s1068	d685709a734d01c7b622d4de4a2095de	-	-
http://urn.fi/URN:NBN:fi:au:slm:s1069	f7eb516b7389a586971d0d0ae0fe7c0d	-	-
http://urn.fi/URN:NBN:fi:au:slm:s107	4d80d36da40b777153928de829930f4f	-	-
http://urn.fi/URN:NBN:fi:au:slm:s1070	b3fda03e48729bfe0d7a5bba7bb09644	-	-
http://urn.fi/URN:NBN:fi:au:slm:s1071	cd917ce95534e06a997f3d0996d9d771	-	-
http://urn.fi/URN:NBN:fi:au:slm:s1072	67c99a0276b246ebbb077a38e6484203	-	-
http://urn.fi/URN:NBN:fi:au:slm:s1073	4f9511a7f0ea0d21895801afd1ceeddd	-	-
http://urn.fi/URN:NBN:fi:au:slm:s1074	5b58ff93abbd178456725cad33c6e61f	-	-
http://urn.fi/URN:NBN:fi:au:slm:s1075	c043e8136e271ce675fb3eb3cee73d1a	-	-
http://urn.fi/URN:NBN:fi:au:slm:s1076	efc36a904f8906af147af0d41ec8acfc	-	-
http://urn.fi/URN:NBN:fi:au:slm:s1077	ef4ce8cad5e0fff1eb5e512aa1a0654d	-	-
http://urn.fi/URN:NBN:fi:au:slm:s1078	ffec47099618b7ec7cd8e3aaf10c43e7	-	-
http://urn.fi/URN:NBN:fi:au:slm:s1079	aba6cd60cfff941dbcdbdf8377b25dce	-	-
http://urn.fi/URN:NBN:fi:au:slm:s108	399acfc172b45e500c2ed5285fa77976	-	-
http://urn.fi/URN:NBN:fi:au:slm:s1081	4d0c0e9c36f70da7c113f6eae89ecd7e	2019-11-09	-
http://urn.fi/URN:NBN:fi:au:slm:s1082	49d70ac8c2eed40da05103c4b171b87d	-	-
http://urn.fi/URN:NBN:fi:au:slm:s1083	56f80f977eef30c933472cb2f286adc5	-	-
http://urn.fi/URN:NBN:fi:au:slm:s1084	3abad6652b340e04ad86c8fdc1867e1d	-	-
http://urn.fi/URN:NBN:fi:au:slm:s1085	64837d977fe31f6ac3cf4e9a521399d2	-	-
http://urn.fi/URN:NBN:fi:au:slm:s1086	3df2cad59e0a8c22a0d1742dc1ed71ed	-	-
http://urn.fi/URN:NBN:fi:au:slm:s1087	c9fe1fb7b856db20654a2877edf53a70	-	-
http://urn.fi/URN:NBN:fi:au:slm:s1088	f8d97e89028fb8ef2334c894976c6f1b	-	-
http://urn.fi/URN:NBN:fi:au:slm:s1089	4b98934e3d97d523a97738d66f51acab	-	-
http://urn.fi/URN:NBN:fi:au:slm:s109	36af3d15f59043d8e94919925851fe28	-	-
http://urn.fi/URN:NBN:fi:au:slm:s1090	33b5d78de1438d0a41d2d4c734d50dfa	-	-
http://urn.fi/URN:NBN:fi:au:slm:s1091	c6b28ee71e93e4db4a31a49817f50a04	-	-
http://urn.fi/URN:NBN:fi:au:slm:s1092	47af5dfd8105989ae19ddda0a8a526db	-	-
http://urn.fi/URN:NBN:fi:au:slm:s1093	0caa2de6c5d9f479519c9808b2acc39c	-	-
http://urn.fi/URN:NBN:fi:au:slm:s1094	c392a9906a57fa3399950e026814c935	-	-
http://urn.fi/URN:NBN:fi:au:slm:s1095	0ceb6d9ad9f9ba239d27e226bb8bb637	-	-
http://urn.fi/URN:NBN:fi:au:slm:s1096	3d4310853b92ee13bbee122e4b8224f3	-	-
http://urn.fi/URN:NBN:fi:au:slm:s1097	761298bbac0459c6866ad08d120386ad	-	-
http://urn.fi/URN:NBN:fi:au:slm:s1098	d9f451fa7939d39515bf95a4ff48c998	-	-
http://urn.fi/URN:NBN:fi:au:slm:s1099	09337b9daf3e6f738c591493930c7019	-	-
http://urn.fi/URN:NBN:fi:au:slm:s11	311225c336e2dacdd6eb4a56ba6c03ad	-	-
http://urn.fi/URN:NBN:fi:au:slm:s110	cdd422ab6d4f2acd2b92d0ab6217c88f	-	-
http://urn.fi/URN:NBN:fi:au:slm:s1100	0f20364aacb3113ebe314615e58060b2	-	-
http://urn.fi/URN:NBN:fi:au:slm:s1101	0b85dc5a3f02b86207a9a295759c01f8	-	-
http://urn.fi/URN:NBN:fi:au:slm:s1102	af7e7b4db9c17e2ca9e99dd4c43cdf0b	-	-
http://urn.fi/URN:NBN:fi:au:slm:s1103	4030cca03b5fa5882ef639b77608ec25	-	-
http://urn.fi/URN:NBN:fi:au:slm:s1104	5c03a15812d57ca8be0260c201f260e0	-	-
http://urn.fi/URN:NBN:fi:au:slm:s1105	e2c05aff915f91f75f4a6f186bfa4c0a	-	-
http://urn.fi/URN:NBN:fi:au:slm:s1106	9ccca177922054ad3982ae722f402bbd	-	-
http://urn.fi/URN:NBN:fi:au:slm:s1107	7b9aebd8579a405801c62e2e68ea46cd	-	-
http://urn.fi/URN:NBN:fi:au:slm:s1108	b27735060d7fafa63caf11a3193446d6	-	-
http://urn.fi/URN:NBN:fi:au:slm:s1109	a75d15e1419a930e10dd7d3504c0f41d	-	-
http://urn.fi/URN:NBN:fi:au:slm:s111	5828d89b922275f5ef39a205fb5bb4cb	-	-
http://urn.fi/URN:NBN:fi:au:slm:s1111	cf87ecbddf03d682423e41b79dc17d7a	-	-
http://urn.fi/URN:NBN:fi:au:slm:s1112	2deedcd7875f81c766a3fc54a6a9cd93	-	-
http://urn.fi/URN:NBN:fi:au:slm:s1113	dff00e731b789a6c718d07eda22a9b12	-	-
http://urn.fi/URN:NBN:fi:au:slm:s1114	1185137a05edde94e935dbc38fa1db98	-	-
http://urn.fi/URN:NBN:fi:au:slm:s1115	0594a3dbbaee5a9fdc6e1199f561e54d	-	-
http://urn.fi/URN:NBN:fi:au:slm:s1116	14469d92e0f6cd017eb1ccb8b5a02154	2019-03-22	-
http://urn.fi/URN:NBN:fi:au:slm:s1117	27754864061cc1f67e5b4a216a6dae56	-	-
http://urn.fi/URN:NBN:fi:au:slm:s1118	f845c61a4c0c5f19f370385d8396a364	-	-
http://urn.fi/URN:NBN:fi:au:slm:s1119	611e0db3224aaadb3b2f74b2ca5f45a0	-	-
http://urn.fi/URN:NBN:fi:au:slm:s112	32f41eb61e35db767a65833bc3a22e15	-	-
http://urn.fi/URN:NBN:fi:au:slm:s1120	348dc7ebb894df1596d6930f58789740	-	-
http://urn.fi/URN:NBN:fi:au:slm:s1121	0b16fb0135573f7cc326bd8cd9dd490c	-	-
http://urn.fi/URN:NBN:fi:au:slm:s1123	d65fc4d0068adbf3f27ceb6d871ae9af	-	-
http://urn.fi/URN:NBN:fi:au:slm:s1124	2da0c5d7cbc7c40ac1825a7516725a1d	-	-
http://urn.fi/URN:NBN:fi:au:slm:s1125	694d4feff5be1af73501a25edf654d09	-	-
http://urn.fi/URN:NBN:fi:au:slm:s1127	6106a98bd7f0b9f73d94034bef802a94	-	-
http://urn.fi/URN:NBN:fi:au:slm:s1128	c1802fcf67df4679318040ae8472393e	-	-
http://urn.fi/URN:NBN:fi:au:slm:s1129	046a66248968190923f039973e6f5ca4	-	-
http://urn.fi/URN:NBN:fi:au:slm:s113	bfef7160cd0da63b02df0e8832cc561f	-	-
http://urn.fi/URN:NBN:fi:au:slm:s1130	d83299a0dd876615296610ccd8944487	-	-
http://urn.fi/URN:NBN:fi:au:slm:s1131	29bd5486218055295ebad8d673e0cff1	-	-
http://urn.fi/URN:NBN:fi:au:slm:s1132	6e195c8754f38ec4393cac97a48e7b97	-	-
http://urn.fi/URN:NBN:fi:au:slm:s1133	4ffb3b33c305bfad787be05ac1e28a8e	-	-
http://urn.fi/URN:NBN:fi:au:slm:s1134	5bd75fa8d1224d158233dacf1f3158a7	-	-
http://urn.fi/URN:NBN:fi:au:slm:s1135	9f13f04150756ecd25f93ef9085b3cfa	-	-
http://urn.fi/URN:NBN:fi:au:slm:s1136	8988435b7fe106a2cf16015629be1c0a	-	-
http://urn.fi/URN:NBN:fi:au:slm:s1137	20d23cb6643a569c676aa3d6099b6e16	-	-
http://urn.fi/URN:NBN:fi:au:slm:s1138	f990ab5afb6582158cbaf4ed7b424b56	-	-
http://urn.fi/URN:NBN:fi:au:slm:s1139	6b53c2c5036dea0906169863240e1d6e	2019-03-22	-
http://urn.fi/URN:NBN:fi:au:slm:s114	e1c900ebb4f18873232323366a597148	2019-11-09	-
http://urn.fi/URN:NBN:fi:au:slm:s1140	6a6a18c55639db7e50bf398d10ce8d62	2019-03-22	-
http://urn.fi/URN:NBN:fi:au:slm:s1141	837b3e3aaa389975235c6dc76a69da16	-	-
http://urn.fi/URN:NBN:fi:au:slm:s1142	e468a53217950b5aab7082728abddc9b	-	-
http://urn.fi/URN:NBN:fi:au:slm:s1143	f66c9ad22eff9cc750b5dc11e4b86363	-	-
http://urn.fi/URN:NBN:fi:au:slm:s1144	a287e6ac3b050a85202c654e0a0fa08b	-	-
http://urn.fi/URN:NBN:fi:au:slm:s1145	d54c7ed4d923b2edab671426fd079051	2019-03-22	-
http://urn.fi/URN:NBN:fi:au:slm:s1146	501cab30f552472a58788ca610d820ee	-	-
http://urn.fi/URN:NBN:fi:au:slm:s1147	eaece762bfc0bd325b28112735b4d305	-	-
http://urn.fi/URN:NBN:fi:au:slm:s1148	9b55c3976bcc266a72a77d614b2b7d7f	-	-
http://urn.fi/URN:NBN:fi:au:slm:s1149	94d0818fec1c9700424f527a8008118e	-	-
http://urn.fi/URN:NBN:fi:au:slm:s115	6a2e6cdbd384a7506bb6d70890b82012	-	-
http://urn.fi/URN:NBN:fi:au:slm:s1150	2d25d51b06a3b426c6b71c1172ef2a47	-	-
http://urn.fi/URN:NBN:fi:au:slm:s1151	229e7cfbc5bf08a1940797c792e5dc86	2019-06-11	-
http://urn.fi/URN:NBN:fi:au:slm:s1153	2be1f5736697596502856fddb63cc47d	-	-
http://urn.fi/URN:NBN:fi:au:slm:s1154	6087248f666764e42630beaafeeb5640	-	-
http://urn.fi/URN:NBN:fi:au:slm:s1156	8f133f2ee6017bcd10713be122114e02	2019-02-23	-
http://urn.fi/URN:NBN:fi:au:slm:s1157	c27169e269e0ac89233994a5395db618	-	-
http://urn.fi/URN:NBN:fi:au:slm:s1158	2f65418c2861353f16ed84cce748b29c	-	-
http://urn.fi/URN:NBN:fi:au:slm:s1159	cbdd0215f50b5b7425a0621bd4a85f94	-	-
http://urn.fi/URN:NBN:fi:au:slm:s116	478681e734d3d27678783814db91e4fe	-	-
http://urn.fi/URN:NBN:fi:au:slm:s1160	65bea0462b0c12f402ff122ee5bb14fc	-	-
http://urn.fi/URN:NBN:fi:au:slm:s1161	7a25ff72eda39b41f6cd8779a566dd77	-	-
http://urn.fi/URN:NBN:fi:au:slm:s1162	b189b6f62362d3873f594a4f23627225	-	-
http://urn.fi/URN:NBN:fi:au:slm:s1163	26446a487ebc6a587e292162b9a5b7cb	-	-
http://urn.fi/URN:NBN:fi:au:slm:s1165	1b0a80161b3ff292623bca918b04bcb4	-	-
http://urn.fi/URN:NBN:fi:au:slm:s1167	fca657142a289d8db0fb7510cea7a668	-	-
http://urn.fi/URN:NBN:fi:au:slm:s1168	fa0cf5141178ac23c62c4655005f9e5c	-	-
http://urn.fi/URN:NBN:fi:au:slm:s1169	72c8a6a7f5f940d3c7f6e951cfc341b3	-	-
http://urn.fi/URN:NBN:fi:au:slm:s117	893553e94e6f534a2dc5914f30158fac	-	-
http://urn.fi/URN:NBN:fi:au:slm:s1170	e595402f90a60e8c22386c3fad3e637f	-	-
http://urn.fi/URN:NBN:fi:au:slm:s1171	3ea8dce3c342163580985430bbc0b10b	-	-
http://urn.fi/URN:NBN:fi:au:slm:s1172	ea36941c308d16b93b7b386bfc185808	-	-
http://urn.fi/URN:NBN:fi:au:slm:s1173	fd2600cad44da98a3288595d05e4924e	-	-
http://urn.fi/URN:NBN:fi:au:slm:s1175	04c275c9ffd4502fbff77c76e8e1ac77	2019-11-09	-
http://urn.fi/URN:NBN:fi:au:slm:s1176	d3cf7842ec6d621c47bbda1f253bbb03	-	-
http://urn.fi/URN:NBN:fi:au:slm:s1177	f828c7f0b7f8dd62e8d15cd7ac2a0a77	-	-
http://urn.fi/URN:NBN:fi:au:slm:s1178	6a84f605bc357029e57ee4163c9df7a9	2019-11-09	-
http://urn.fi/URN:NBN:fi:au:slm:s1179	351ccd7e9b4e2e1434d4ace047a8d729	-	-
http://urn.fi/URN:NBN:fi:au:slm:s118	120591d2fa0df3166ba0d1528d0d957e	-	-
http://urn.fi/URN:NBN:fi:au:slm:s1180	158150a5650b15b74030ab63f08f6fe2	-	-
http://urn.fi/URN:NBN:fi:au:slm:s1181	67627daf973a17e0a282c8d9f4d93493	2019-09-06	-
http://urn.fi/URN:NBN:fi:au:slm:s1182	2bcdead700b4ba542c19538ab7a95eeb	-	-
http://urn.fi/URN:NBN:fi:au:slm:s1183	15301280d4d7c306601fb48256b6012a	-	-
http://urn.fi/URN:NBN:fi:au:slm:s1184	a5c99e91a3de7210280339efe9853917	-	-
http://urn.fi/URN:NBN:fi:au:slm:s1185	1b81235620304ab616b72a0194d74ca6	-	-
http://urn.fi/URN:NBN:fi:au:slm:s1186	e7a68f6642ef0292afb3c7214871d3fa	-	-
http://urn.fi/URN:NBN:fi:au:slm:s1187	a9bf4409fe5d029c810c9a68295127de	-	-
http://urn.fi/URN:NBN:fi:au:slm:s1188	e6ce8dc96f5cb36c8161e65a1b58090d	-	-
http://urn.fi/URN:NBN:fi:au:slm:s1189	e12b99baab39bb884a90ef82b00134bc	-	-
http://urn.fi/URN:NBN:fi:au:slm:s119	93e07c5c91f85d94af2ef43d0444bde6	-	-
http://urn.fi/URN:NBN:fi:au:slm:s1191	60406084235c2298d929c7d62d294c89	2019-06-11	-
http://urn.fi/URN:NBN:fi:au:slm:s1192	3409bd8fc581b97de186fe20816a54d2	-	-
http://urn.fi/URN:NBN:fi:au:slm:s1193	7992846173faa2cc1976dbb95b1e0ff6	2019-06-11	-
http://urn.fi/URN:NBN:fi:au:slm:s12	71c883e0f43efdb01aa647cb76376f2d	-	-
http://urn.fi/URN:NBN:fi:au:slm:s120	678a3bedfc5fe01731d43b4c0837c3fb	-	-
http://urn.fi/URN:NBN:fi:au:slm:s1202	79bbe90f97841a53a4ed9f4d90a2d90e	-	-
http://urn.fi/URN:NBN:fi:au:slm:s1203	4f819e3f3502236335677311cc67f243	2019-06-11	-
http://urn.fi/URN:NBN:fi:au:slm:s1204	17616e9bd96e789d5749824e07744515	-	-
http://urn.fi/URN:NBN:fi:au:slm:s1205	9c993a5ae1bc57496612933945ff9d46	-	-
http://urn.fi/URN:NBN:fi:au:slm:s1206	172b8978c85d2434ef29faef26b830c3	-	-
http://urn.fi/URN:NBN:fi:au:slm:s1207	346c56c2255db452e64a95d75002a80c	-	-
http://urn.fi/URN:NBN:fi:au:slm:s1208	874ec591f8e81c4417357c08a9ff161f	-	-
http://urn.fi/URN:NBN:fi:au:slm:s1209	46372bb5946c9db1ec32b05d608885c0	2019-11-09	-
http://urn.fi/URN:NBN:fi:au:slm:s121	bd73eae8d6a9dce95fa25eb0e0695534	-	-
http://urn.fi/URN:NBN:fi:au:slm:s1210	dae333ff4eceb55ddc371b9633312900	-	-
http://urn.fi/URN:NBN:fi:au:slm:s1211	0a8b15433bc2376022c3ba32e876c049	-	-
http://urn.fi/URN:NBN:fi:au:slm:s1212	bc271950beed82b195e48150def2edc0	-	-
http://urn.fi/URN:NBN:fi:au:slm:s1213	c9f7f75a9a74ab083d8b0b67cee6ab3c	-	-
http://urn.fi/URN:NBN:fi:au:slm:s1214	1177fb1d2520fe917855dd91afddd65c	-	-
http://urn.fi/URN:NBN:fi:au:slm:s1216	dfb209ca6db8b47bb17d0e50f536d846	-	-
http://urn.fi/URN:NBN:fi:au:slm:s1217	133bcfdb3ff06ddcf9d10ca36b62bc4a	-	-
http://urn.fi/URN:NBN:fi:au:slm:s1218	2741ded1c1737f3f5b59536286199c3d	2019-11-09	-
http://urn.fi/URN:NBN:fi:au:slm:s1219	1c73a0bb9e185a86ddcddb3619154170	-	-
http://urn.fi/URN:NBN:fi:au:slm:s122	459b41224d96229a7f275d9239c2f381	-	-
http://urn.fi/URN:NBN:fi:au:slm:s1220	b855922669e6af6a8f75180eb540ec36	-	-
http://urn.fi/URN:NBN:fi:au:slm:s1221	4825e66b9361c6533415714dc854baa8	-	-
http://urn.fi/URN:NBN:fi:au:slm:s1222	eddb3b002fdb87a1fb6fb41cfa3d712e	-	-
http://urn.fi/URN:NBN:fi:au:slm:s1223	459f7808607c4435aac009907cfa902f	-	-
http://urn.fi/URN:NBN:fi:au:slm:s1224	882f938f20bd0e00d0f1f1c7eb53562b	-	-
http://urn.fi/URN:NBN:fi:au:slm:s1225	50bc690bbd24a12c774649d9fc06916a	2019-02-23	-
http://urn.fi/URN:NBN:fi:au:slm:s1226	491570df808d46f77fe12dcc1e2bc0a0	-	-
http://urn.fi/URN:NBN:fi:au:slm:s1227	208dbaf1a7cc38ab8f28e83f72f029e5	-	-
http://urn.fi/URN:NBN:fi:au:slm:s1228	c6c5f85637c2861f67dc561b924365de	-	-
http://urn.fi/URN:NBN:fi:au:slm:s1229	51ce93384218dc79cb739b9bbcd71b62	-	-
http://urn.fi/URN:NBN:fi:au:slm:s123	eb2446dabaa50b5a4e56ce85d6de6b41	-	-
http://urn.fi/URN:NBN:fi:au:slm:s1230	ecf1f541df25284234ff0ad19a277675	-	-
http://urn.fi/URN:NBN:fi:au:slm:s1231	b0d436f1fd48c9d456aa2ae2eb2000fc	-	-
http://urn.fi/URN:NBN:fi:au:slm:s1232	5c009b0f1db3837c98b1fe41b968b0eb	-	-
http://urn.fi/URN:NBN:fi:au:slm:s1233	fb1c1d4bceae8362f480f4effdfd75d6	-	-
http://urn.fi/URN:NBN:fi:au:slm:s1234	c1b363ed8eb9c9e59e283186999cf204	-	-
http://urn.fi/URN:NBN:fi:au:slm:s1235	dd397784766f819643763030c4b65b89	-	-
http://urn.fi/URN:NBN:fi:au:slm:s1236	ed39464fe80c640beaa4664d958bf292	-	-
http://urn.fi/URN:NBN:fi:au:slm:s1237	4504ee96c41122685e650407e2b96ee5	2019-05-23	-
http://urn.fi/URN:NBN:fi:au:slm:s1238	dfff59901c273cb1697d1e1135a6c657	-	-
http://urn.fi/URN:NBN:fi:au:slm:s1239	532cab13ef328c083a41a7793f3defc4	-	-
http://urn.fi/URN:NBN:fi:au:slm:s124	ec82e4ad366e0ddc7e280d0c64d3af8a	-	-
http://urn.fi/URN:NBN:fi:au:slm:s1240	f69f3a5d3191873a5ebab40dd5e050b5	-	-
http://urn.fi/URN:NBN:fi:au:slm:s1241	f615e36f2497f3213b3a77a07f4dd448	-	-
http://urn.fi/URN:NBN:fi:au:slm:s1242	2cc9bea3c34cd6fe114fb8610ad1f7b4	-	-
http://urn.fi/URN:NBN:fi:au:slm:s1243	1595f9e4c3ea9c4903321390ee12f472	2019-06-12	-
http://urn.fi/URN:NBN:fi:au:slm:s1244	d8448d8ed753d886052ca3d990eb43f3	2019-09-06	-
http://urn.fi/URN:NBN:fi:au:slm:s1245	e585986cea01718da58619fc2a86006a	2019-03-22	-
http://urn.fi/URN:NBN:fi:au:slm:s1246	b6295180a54c33c193deac072a473f31	-	-
http://urn.fi/URN:NBN:fi:au:slm:s1247	ef7bf5deff918616ce9f8ea557120def	-	-
http://urn.fi/URN:NBN:fi:au:slm:s1248	76a31cf1b84bd4859f4f3dff41a74140	-	-
http://urn.fi/URN:NBN:fi:au:slm:s1249	1427ff1ef64c1729072e8baef8590e4a	-	-
http://urn.fi/URN:NBN:fi:au:slm:s125	dac1de5faaeaad9adefd6008fe1001ea	2019-09-05	-
http://urn.fi/URN:NBN:fi:au:slm:s1250	d94dee98707385a7a4ac0c6376dd0bba	-	-
http://urn.fi/URN:NBN:fi:au:slm:s1251	6a0d7dd116e246c18291715f68e17216	-	-
http://urn.fi/URN:NBN:fi:au:slm:s1252	fe17ee12bf04b8559da79cc7e71c078a	-	-
http://urn.fi/URN:NBN:fi:au:slm:s1253	988091bec564b3e9fe601dc137680b9c	-	-
http://urn.fi/URN:NBN:fi:au:slm:s1254	8dd8b7d9d37a063747e03a6946fa09ee	-	-
http://urn.fi/URN:NBN:fi:au:slm:s1255	e72060d96ec1c1e7985d01e304392201	-	-
http://urn.fi/URN:NBN:fi:au:slm:s1256	97835f8d2fd8aa811731223e422a9318	-	-
http://urn.fi/URN:NBN:fi:au:slm:s1257	06c71d37cfc8888ebf9bd011a91413b5	-	-
http://urn.fi/URN:NBN:fi:au:slm:s1258	62d1e41bfd43b1ecaa12a9b742814cbe	-	-
http://urn.fi/URN:NBN:fi:au:slm:s1259	7e2d544fc297b3d7f8af440f6a28763f	-	-
http://urn.fi/URN:NBN:fi:au:slm:s126	73abbe771ebf0ff9485384004217b297	-	-
http://urn.fi/URN:NBN:fi:au:slm:s1260	d6181bfd2698b7e41361fa7e3b1bee6c	-	-
http://urn.fi/URN:NBN:fi:au:slm:s1261	bc1d98b45482f1e5c0c6444e7831482c	-	-
http://urn.fi/URN:NBN:fi:au:slm:s1262	35edccd0a819b03bd6c40708959a728c	-	-
http://urn.fi/URN:NBN:fi:au:slm:s1263	b0cbf05dcea253ddc6a6dda89af78e0c	-	-
http://urn.fi/URN:NBN:fi:au:slm:s1264	29565c7e44b42b6810d44ddb70761fd4	-	-
http://urn.fi/URN:NBN:fi:au:slm:s1265	80e8f0466c827f658eac2fd5536eb89c	-	-
http://urn.fi/URN:NBN:fi:au:slm:s1266	643a9f8093fd05481166a3aeff33259e	-	-
http://urn.fi/URN:NBN:fi:au:slm:s1267	9c57b68b6a0c4f4b7de010eeb11eddd8	2019-06-18	-
http://urn.fi/URN:NBN:fi:au:slm:s1269	74c47a2fa2a88b37cb5a0f4e422cc4e6	2019-05-23	2019-05-23
http://urn.fi/URN:NBN:fi:au:slm:s127	bb0cde3c9a28ffc06db01b3c57d837ad	-	-
http://urn.fi/URN:NBN:fi:au:slm:s1270	0651665bb1f2b6cc10c044cd500447a0	2019-06-29	-
http://urn.fi/URN:NBN:fi:au:slm:s1271	be428be677197be78e4d99a1cce5bd7a	2019-05-23	2019-05-23
http://urn.fi/URN:NBN:fi:au:slm:s1272	efa41c94c73d861011fb5a7b9fa3036a	-	-
http://urn.fi/URN:NBN:fi:au:slm:s1273	b8a1bcd0ab6816b408f22e3a55e2e8e5	2019-11-09	-
http://urn.fi/URN:NBN:fi:au:slm:s1274	3443533dd6feedb62fc90c33172441ff	-	-
http://urn.fi/URN:NBN:fi:au:slm:s1275	23cfc8ec5387998ea319761d0f2b7b6a	-	-
http://urn.fi/URN:NBN:fi:au:slm:s1276	c1e948d9cc3d4156c16c4dc3e01e24b6	-	-
http://urn.fi/URN:NBN:fi:au:slm:s1277	a58228fb10a756a09b79ed4295699490	-	-
http://urn.fi/URN:NBN:fi:au:slm:s1278	da726a042a8f976f11f91281303f7042	-	-
http://urn.fi/URN:NBN:fi:au:slm:s1279	68ad0b0489b53f8b4bb9227e8763ffc2	2019-06-29	-
http://urn.fi/URN:NBN:fi:au:slm:s128	f15360c757be48fad6ccd46d9c6e3979	-	-
http://urn.fi/URN:NBN:fi:au:slm:s1280	1c7fe4d6a369b0186bf2e114386d2bcc	-	-
http://urn.fi/URN:NBN:fi:au:slm:s1281	a659adff69fe27cb277f9c810bf57fd4	-	-
http://urn.fi/URN:NBN:fi:au:slm:s1282	575bdb13428a30b1d661d369903843d1	-	-
http://urn.fi/URN:NBN:fi:au:slm:s1283	2616da420977f156e7b902851d86929d	-	-
http://urn.fi/URN:NBN:fi:au:slm:s1284	ac4e042e04b39fd87293b4662590b23a	-	-
http://urn.fi/URN:NBN:fi:au:slm:s1285	f0891a0365395584ed9f7e77fd629f9d	-	-
http://urn.fi/URN:NBN:fi:au:slm:s1286	f2d3a6ef26adb5fe85aaaec276c49ec2	-	-
http://urn.fi/URN:NBN:fi:au:slm:s1287	f35a8db0754a1108cc10daae5a0d9531	2019-06-12	-
http://urn.fi/URN:NBN:fi:au:slm:s1288	f613198a1ac84361a9dbb0fd673121c1	-	-
http://urn.fi/URN:NBN:fi:au:slm:s1289	6dc6bcd452746cc08292194ff7340a12	2019-03-22	-
http://urn.fi/URN:NBN:fi:au:slm:s129	1b70bcb26569ddd2399cb3a94af674ca	-	-
http://urn.fi/URN:NBN:fi:au:slm:s1290	ea38853aa2a98828931cad84d8012030	-	-
http://urn.fi/URN:NBN:fi:au:slm:s1291	e719bd13f4ce8008d2256bf2fba5dd8f	-	-
http://urn.fi/URN:NBN:fi:au:slm:s1292	fc38c468e5ee919f5055fd87be924446	-	-
http://urn.fi/URN:NBN:fi:au:slm:s1293	829337c4600e11ced70bd6d791f984df	-	-
http://urn.fi/URN:NBN:fi:au:slm:s1294	c56670824cc0741afd9e101074e2c0ad	2019-02-23	-
http://urn.fi/URN:NBN:fi:au:slm:s1295	5c8867c388fa0407e297bd81b629c320	-	-
http://urn.fi/URN:NBN:fi:au:slm:s1296	65dd0351805c66229b8b62e5b51dc7e0	-	-
http://urn.fi/URN:NBN:fi:au:slm:s1297	db1cf716665ca5d7dff4a4f19467bcb3	-	-
http://urn.fi/URN:NBN:fi:au:slm:s1298	af55ffc272c46f1ddc21ea45f90b3ec5	-	-
http://urn.fi/URN:NBN:fi:au:slm:s1299	c261c57a1c1383a4fb6783ad81d1e2bc	-	-
http://urn.fi/URN:NBN:fi:au:slm:s13	8946e3d7043a13d8636181652186a268	-	-
http://urn.fi/URN:NBN:fi:au:slm:s130	992700da02659c2cec7204044ab70dab	-	-
http://urn.fi/URN:NBN:fi:au:slm:s1300	a6b55c52e398f0cc58d04c4a05c68844	2019-02-23	2019-02-23
http://urn.fi/URN:NBN:fi:au:slm:s1301	ce1cbff0dde0aa181b1e2d5c0193976a	2019-03-29	2019-03-22
http://urn.fi/URN:NBN:fi:au:slm:s1302	cd21df30fff2c24389d6e719c59e806c	2019-03-29	2019-03-22
http://urn.fi/URN:NBN:fi:au:slm:s1303	fc04012819977ca8e27d9669e5be9f42	2019-03-29	2019-03-22
http://urn.fi/URN:NBN:fi:au:slm:s1304	9c77d8019a1453374043a745b05091cc	2019-04-30	2019-03-22
http://urn.fi/URN:NBN:fi:au:slm:s1305	66d83c75eaeb6a55aaee2b8668305503	2019-03-29	2019-03-22
http://urn.fi/URN:NBN:fi:au:slm:s1306	e3169151bfeac304f43dd5af001f4c4e	2019-11-09	2019-03-22
http://urn.fi/URN:NBN:fi:au:slm:s1307	e9f6be0925fc616afd664bf6efbb0395	2019-03-29	2019-03-22
http://urn.fi/URN:NBN:fi:au:slm:s1308	a8b76f7cf7091a8ef1e9cfd54c2504fa	2019-06-12	2019-03-22
http://urn.fi/URN:NBN:fi:au:slm:s1309	9a9d76f99cc24e8df51352a68fca2a6a	2019-04-30	2019-03-22
http://urn.fi/URN:NBN:fi:au:slm:s131	bc9f8326c1c6ce4ef9b76549419f8474	-	-
http://urn.fi/URN:NBN:fi:au:slm:s1310	41390c40e44039af0869e3418c62192c	2019-03-29	2019-03-22
http://urn.fi/URN:NBN:fi:au:slm:s1311	14aec36bf1035e425fa3e620de9495e1	2019-06-29	2019-03-22
http://urn.fi/URN:NBN:fi:au:slm:s1312	ff254c19a8f3df06eaae12207c74acc0	2019-05-23	2019-03-22
http://urn.fi/URN:NBN:fi:au:slm:s1313	f9a7dfb5f590a4c404e935e8f5d58bf7	2019-03-29	2019-03-22
http://urn.fi/URN:NBN:fi:au:slm:s1314	79d35551effaa35c4c3d027980fee8d5	2019-03-29	2019-03-22
http://urn.fi/URN:NBN:fi:au:slm:s1315	686e19e764391174a5ea6fed3431878f	2019-03-29	2019-03-22
http://urn.fi/URN:NBN:fi:au:slm:s1316	f67184b0128465b3ef260b5fb507cb72	2019-06-29	2019-06-11
http://urn.fi/URN:NBN:fi:au:slm:s1317	1b3b0e9fe729bbd06c2f83b7b4845409	2019-06-12	2019-06-11
http://urn.fi/URN:NBN:fi:au:slm:s1318	8bec66ede7f7082048e0dbf7bc2d87eb	2019-06-12	2019-06-11
http://urn.fi/URN:NBN:fi:au:slm:s1319	680d0f845fbbaa055c940dbd0688bb78	2019-06-12	2019-06-11
http://urn.fi/URN:NBN:fi:au:slm:s132	9d34d2a54b42fe0362c4576f4a8fb183	-	-
http://urn.fi/URN:NBN:fi:au:slm:s1320	dd21fe8b957205147bf7fd0f8821b6e2	2019-06-12	2019-06-11
http://urn.fi/URN:NBN:fi:au:slm:s1321	42a91773bbb16c5fed4939f3b7a45d11	2019-09-04	2019-06-11
http://urn.fi/URN:NBN:fi:au:slm:s1322	95341fb57687520df6709667fa646770	2019-06-12	2019-06-11
http://urn.fi/URN:NBN:fi:au:slm:s1323	5793ff96de61fd41866ccd9ac03e0c4c	2019-10-18	2019-06-11
http://urn.fi/URN:NBN:fi:au:slm:s1324	8e65737924e10542b124be1b7b3dd84e	2019-06-12	2019-06-11
http://urn.fi/URN:NBN:fi:au:slm:s1325	4a34c6dcce1560ca5dd501a774cafb35	2019-06-12	2019-06-11
http://urn.fi/URN:NBN:fi:au:slm:s1326	ea361e996266f140b8231361d5ba4a8f	2019-06-12	2019-06-11
http://urn.fi/URN:NBN:fi:au:slm:s1327	1e50d9a305c350ac0f9203599a9b8a27	2019-06-12	2019-06-11
http://urn.fi/URN:NBN:fi:au:slm:s1328	030e594d9b4b79d4e70e1de6223c2181	2019-06-12	2019-06-11
http://urn.fi/URN:NBN:fi:au:slm:s1329	b8d671e7e4622f35992d6011f82e8900	2019-06-12	2019-06-11
http://urn.fi/URN:NBN:fi:au:slm:s133	8dfea90f8f98c9c4bc53f09870858feb	2019-03-22	-
http://urn.fi/URN:NBN:fi:au:slm:s1330	bcc8b4d400353dacb24451c475647378	2019-06-12	2019-06-11
http://urn.fi/URN:NBN:fi:au:slm:s1331	053149b176905190ef167b0dda2d6061	2019-06-12	2019-06-11
http://urn.fi/URN:NBN:fi:au:slm:s1332	dca3631f7bb63c71681eb2a6894e1a88	2019-09-05	2019-06-28
http://urn.fi/URN:NBN:fi:au:slm:s1333	97c1b63ba74f3a8559cdc54434d1785a	2019-06-29	2019-06-29
http://urn.fi/URN:NBN:fi:au:slm:s1334	b703475867adaf876e8c49195f9199e2	2019-06-29	2019-06-29
http://urn.fi/URN:NBN:fi:au:slm:s1335	36ad967188a1fcbbc840d4991b94d031	2019-06-29	2019-06-29
http://urn.fi/URN:NBN:fi:au:slm:s1336	b9145e48345ba42c4feb3843eed65150	2019-11-08	2019-09-04
http://urn.fi/URN:NBN:fi:au:slm:s1337	7fe2a1ac85332443d10ba0516ab6fa56	2019-09-06	2019-09-04
http://urn.fi/URN:NBN:fi:au:slm:s1338	f5daf051b380c8896f980ac4bb0eb9eb	2019-09-06	2019-09-04
http://urn.fi/URN:NBN:fi:au:slm:s1339	d46b3f55f41d5f94c5c244be7f81ccd3	2019-09-06	2019-09-04
http://urn.fi/URN:NBN:fi:au:slm:s134	81e5ed0b3e3f5c16508a94e66be5e160	-	-
http://urn.fi/URN:NBN:fi:au:slm:s1340	fa474ac4017dcc5a45ea593fb1bc1c5a	2019-09-06	2019-09-04
http://urn.fi/URN:NBN:fi:au:slm:s1341	21e7f7d3697ddfef131916804bcc9a08	2019-09-20	2019-09-19
http://urn.fi/URN:NBN:fi:au:slm:s1342	423c8b30d0728f7a85c4cd95508e0cf1	2019-11-09	2019-11-09
http://urn.fi/URN:NBN:fi:au:slm:s1343	bab5a9852f1548147574b1c6f7195dd0	2019-11-09	2019-11-09
http://urn.fi/URN:NBN:fi:au:slm:s1344	90c513a545b7da95c033ba4c559fd3e8	2019-11-09	2019-11-09
http://urn.fi/URN:NBN:fi:au:slm:s1345	727446d6503c250c90f051477c985561	2019-11-09	2019-11-09
http://urn.fi/URN:NBN:fi:au:slm:s1346	7422d6c4fa3ff3ae5cf18d5ee72c9ab7	2019-11-09	2019-11-09
http://urn.fi/URN:NBN:fi:au:slm:s1347	0926785325ebedeb8adf81623b599349	2019-11-09	2019-11-09
http://urn.fi/URN:NBN:fi:au:slm:s1348	767a34b4a1a977ca37f65edf168724ce	2019-11-09	2019-11-09
http://urn.fi/URN:NBN:fi:au:slm:s1349	b142f5a0f40ac6fa9d4920fabb57909d	2019-11-09	2019-11-09
http://urn.fi/URN:NBN:fi:au:slm:s135	e778e22256dc9d60fd095dba30a15135	2019-11-09	-
http://urn.fi/URN:NBN:fi:au:slm:s1350	81dbf574d227424e1b11bc548f34275b	2019-11-09	2019-11-09
http://urn.fi/URN:NBN:fi:au:slm:s1351	fd6ad02b6a7166facdee9c33598cf889	2019-11-09	2019-11-09
http://urn.fi/URN:NBN:fi:au:slm:s1352	be5331e0f301eefdcf810522bc16d9fa	2019-11-09	2019-11-09
http://urn.fi/URN:NBN:fi:au:slm:s136	e31551e87a3869925e28a137d1359b38	-	-
http://urn.fi/URN:NBN:fi:au:slm:s137	0ddc70ffbe3a1859339c42fb602345e7	-	-
http://urn.fi/URN:NBN:fi:au:slm:s138	3b169ac6ca5ec04d47f865434156411d	-	-
http://urn.fi/URN:NBN:fi:au:slm:s139	0d05b22b3bcb48a122a318b358dd2e1e	2019-06-11	-
http://urn.fi/URN:NBN:fi:au:slm:s14	6acb7d05fd0066c54ccb06169339fa29	-	-
http://urn.fi/URN:NBN:fi:au:slm:s140	381fe666141c2359ba115baed434fcf7	-	-
http://urn.fi/URN:NBN:fi:au:slm:s142	b6348a3ab643dd798029fff0530afbbc	-	-
http://urn.fi/URN:NBN:fi:au:slm:s143	7f9b6193f89642a446cb191b704cd928	-	-
http://urn.fi/URN:NBN:fi:au:slm:s144	938fdff181bb69090a72aca00b034e68	-	-
http://urn.fi/URN:NBN:fi:au:slm:s145	156dc000f595091fc47553feca491177	-	-
http://urn.fi/URN:NBN:fi:au:slm:s146	806fe8025a9b62d0f4194d0fd3c9d2cb	-	-
http://urn.fi/URN:NBN:fi:au:slm:s147	fb0eea539eaa3076409ad94d172ae5c0	-	-
http://urn.fi/URN:NBN:fi:au:slm:s148	5e0c83f6bba0a910f83fda3b00d344f6	-	-
http://urn.fi/URN:NBN:fi:au:slm:s149	55096c390eba8f84737e0dee3cad849b	-	-
http://urn.fi/URN:NBN:fi:au:slm:s15	085fd0c28d8fee47276953c388701e73	-	-
http://urn.fi/URN:NBN:fi:au:slm:s150	09baf7d1e96e4195d6a82b50769d9e0a	-	-
http://urn.fi/URN:NBN:fi:au:slm:s151	9388b1240d2775254da7ffb4831e964e	2019-09-05	-
http://urn.fi/URN:NBN:fi:au:slm:s152	0ca21afd5f3e95ea8ea19ca9482152e9	-	-
http://urn.fi/URN:NBN:fi:au:slm:s153	fc8e7ad7f86a5e8fa17017ac73689667	-	-
http://urn.fi/URN:NBN:fi:au:slm:s154	31ce6bfd2ac8872414a9eb01ab74f2cd	2019-03-29	-
http://urn.fi/URN:NBN:fi:au:slm:s155	b3cf313cc6b383f3b78da9d6c5cc8093	-	-
http://urn.fi/URN:NBN:fi:au:slm:s157	1cffb66e9e5fbc21a4edb6970d9cb750	-	-
http://urn.fi/URN:NBN:fi:au:slm:s158	8adda3bcccfc65f38cc52f7f2926f697	-	-
http://urn.fi/URN:NBN:fi:au:slm:s159	fc544b55e807cb708b1cc8b0fe23b4ef	-	-
http://urn.fi/URN:NBN:fi:au:slm:s16	07a8795d3fe8b427541de72eceb8cfa1	-	-
http://urn.fi/URN:NBN:fi:au:slm:s160	7645d4b8261d4aee1f556a3dc6c5c0db	-	-
http://urn.fi/URN:NBN:fi:au:slm:s161	fa20e82c1ed4b47aae077eb342e302ab	2019-09-06	-
http://urn.fi/URN:NBN:fi:au:slm:s162	79f768db741aaa4143f6faef367eea23	-	-
http://urn.fi/URN:NBN:fi:au:slm:s163	71b132a30b24d0b3656381b5c0eb493c	2019-11-09	-
http://urn.fi/URN:NBN:fi:au:slm:s164	ed4bd9eb8a6f70be35b092e36c011d71	-	-
http://urn.fi/URN:NBN:fi:au:slm:s166	1ffa7ca5407cb64a5b7d7071a0016610	-	-
http://urn.fi/URN:NBN:fi:au:slm:s167	3e4ef39630fa65f783af5662abc69a18	-	-
http://urn.fi/URN:NBN:fi:au:slm:s168	036f6963b55e5d3dae25f303bb6a2561	2019-09-06	-
http://urn.fi/URN:NBN:fi:au:slm:s169	1b3411f1be9c6f17d6b7f8f75bbe0a7b	-	-
http://urn.fi/URN:NBN:fi:au:slm:s17	9fc5a066131a9bb8ae74fb2b2b6d6cb7	-	-
http://urn.fi/URN:NBN:fi:au:slm:s170	125e0d774058ac4cee68a51e1d10ffca	2019-09-04	-
http://urn.fi/URN:NBN:fi:au:slm:s171	0122182c884e2f3c4b3c84a7ed3a967b	-	-
http://urn.fi/URN:NBN:fi:au:slm:s172	6112d7479db3beb6dbe026c8c4d6f29b	-	-
http://urn.fi/URN:NBN:fi:au:slm:s173	1fa9f3727277071f325b0e2184e044f8	-	-
http://urn.fi/URN:NBN:fi:au:slm:s174	bc3ddd59c94b57f81a4d19f062a70bbf	-	-
http://urn.fi/URN:NBN:fi:au:slm:s175	bb6f28f4ac186fadcea71aeae69e8f11	-	-
http://urn.fi/URN:NBN:fi:au:slm:s176	ed57dfcec89399eb17ae3fc40f142bba	-	-
http://urn.fi/URN:NBN:fi:au:slm:s178	a05d10c984f8e16f619a4f36a7faf250	-	-
http://urn.fi/URN:NBN:fi:au:slm:s179	b9bc335410bb08d39c148d9af23a73f8	-	-
http://urn.fi/URN:NBN:fi:au:slm:s18	da9cc01be3ac923af1cf2b4d4a3302f7	-	-
http://urn.fi/URN:NBN:fi:au:slm:s180	fae6e0840f90aae634dd5511357f2e59	-	-
http://urn.fi/URN:NBN:fi:au:slm:s181	1ff1b29c4e023454d6734b266ad15838	-	-
http://urn.fi/URN:NBN:fi:au:slm:s182	bfdcb4902524be826b8d2291e018464b	-	-
http://urn.fi/URN:NBN:fi:au:slm:s184	2e77d68c3712c87f917ca0061e5298bd	-	-
http://urn.fi/URN:NBN:fi:au:slm:s185	d65e85b887ff9067d69e26a1f7a060fd	-	-
http://urn.fi/URN:NBN:fi:au:slm:s187	5bfffa475291a481585c586a88f83096	-	-
http://urn.fi/URN:NBN:fi:au:slm:s188	29fba4e3b9325d7b0a97d7031b229fcb	-	-
http://urn.fi/URN:NBN:fi:au:slm:s19	1aca23b5ba99f9a8afbeea4f9bddf15d	2019-11-09	-
http://urn.fi/URN:NBN:fi:au:slm:s190	3cfa4faa477d59c65404aba146d448dd	-	-
http://urn.fi/URN:NBN:fi:au:slm:s191	abfe56098e79f009f355b4d1aa5e214f	-	-
http://urn.fi/URN:NBN:fi:au:slm:s192	ba1a7f5ccf8ffa0ce1f43cd77e150d6b	2019-03-22	-
http://urn.fi/URN:NBN:fi:au:slm:s193	5bb1942b2d6d2e33a26d6e4b0ddd61d0	-	-
http://urn.fi/URN:NBN:fi:au:slm:s194	670e0c2d43dfbc25ad728f1fcae01732	-	-
http://urn.fi/URN:NBN:fi:au:slm:s195	e75d17a03d528b9de8e31aa67ca0bc69	-	-
http://urn.fi/URN:NBN:fi:au:slm:s196	f6b847ffe256d0e34608939217bf4c77	-	-
http://urn.fi/URN:NBN:fi:au:slm:s197	0f644f67eb587179c6a34f2afe2e8778	-	-
http://urn.fi/URN:NBN:fi:au:slm:s198	ca01549d874f5fd9c41f4955610b5ea4	-	-
http://urn.fi/URN:NBN:fi:au:slm:s199	85449792f982158a93798f1e97092e73	-	-
http://urn.fi/URN:NBN:fi:au:slm:s2	716897199a4b0a4607fb6c1e9ae4ee86	-	-
http://urn.fi/URN:NBN:fi:au:slm:s20	17019787878b4ca170e0656d843da5be	-	-
http://urn.fi/URN:NBN:fi:au:slm:s200	99859000ee4ff5d6db4ef935b4f87eb7	-	-
http://urn.fi/URN:NBN:fi:au:slm:s201	09e125a1c9e22182d704954546c6e18d	-	-
http://urn.fi/URN:NBN:fi:au:slm:s202	81c9d12a74e4da0f726c250e4855c952	2019-11-09	-
http://urn.fi/URN:NBN:fi:au:slm:s203	47547ab2a2106da035e253293be34ccd	-	-
http://urn.fi/URN:NBN:fi:au:slm:s204	6d6a1d762b33e1f17e8afa391e229028	-	-
http://urn.fi/URN:NBN:fi:au:slm:s205	767c08f8651bbbcf146998c2698ff112	-	-
http://urn.fi/URN:NBN:fi:au:slm:s206	2354ae5aac70cfe38144462a38688508	-	-
http://urn.fi/URN:NBN:fi:au:slm:s208	b21bf4be948ab4c2495ec5d7748ed328	-	-
http://urn.fi/URN:NBN:fi:au:slm:s209	c96874607970e9da6da8117a034aa82b	-	-
http://urn.fi/URN:NBN:fi:au:slm:s21	69b52dcb81c0241687d76261759921c5	-	-
http://urn.fi/URN:NBN:fi:au:slm:s210	bd626defaf13ecfecf48faa2a0b403d8	2019-02-23	-
http://urn.fi/URN:NBN:fi:au:slm:s211	5b31edee2e7d29219d3717bdecf31f97	-	-
http://urn.fi/URN:NBN:fi:au:slm:s212	5a1321bc78e27aa8c20a94303e5d0055	-	-
http://urn.fi/URN:NBN:fi:au:slm:s213	d24e65ab3f20112ef679e80bc6d232ee	-	-
http://urn.fi/URN:NBN:fi:au:slm:s214	4e3b626edc8668da1200d9772ec5daa6	-	-
http://urn.fi/URN:NBN:fi:au:slm:s215	3063f32fe265e7e72158058e77aaf510	-	-
http://urn.fi/URN:NBN:fi:au:slm:s216	6cfbdfdb6685c3d5282c114fb0404ab5	-	-
http://urn.fi/URN:NBN:fi:au:slm:s217	b896f8f9531f64d32e95179a06456a5b	-	-
http://urn.fi/URN:NBN:fi:au:slm:s218	6354d64a5d2c24ba4761e13b1fea73ce	-	-
http://urn.fi/URN:NBN:fi:au:slm:s219	447cc5a5818d4fe2036373e5b6ca2d9f	-	-
http://urn.fi/URN:NBN:fi:au:slm:s22	da89ba2d96d06ad49ed40c7176760763	-	-
http://urn.fi/URN:NBN:fi:au:slm:s220	37528b9d2c96bf170ded17adae6fbaea	-	-
http://urn.fi/URN:NBN:fi:au:slm:s221	3feac0f5577a613480fa5e6dfa8e0512	-	-
http://urn.fi/URN:NBN:fi:au:slm:s222	1a3978457b64fc8cc40bd14d8dc2640f	-	-
http://urn.fi/URN:NBN:fi:au:slm:s223	36e1dfdbfb297eafe140c0a24639b297	-	-
http://urn.fi/URN:NBN:fi:au:slm:s224	203b02d02934446671db7f22b84840db	2019-09-05	-
http://urn.fi/URN:NBN:fi:au:slm:s226	1c89fceb460e843cdbf70bd5bac008be	-	-
http://urn.fi/URN:NBN:fi:au:slm:s227	7763a4bafda40e06ae940ade560a9991	-	-
http://urn.fi/URN:NBN:fi:au:slm:s228	eae32e33ad30cac5f44b30af0e732177	-	-
http://urn.fi/URN:NBN:fi:au:slm:s229	0b66cc646c118930ffb07203fde7f5f0	-	-
http://urn.fi/URN:NBN:fi:au:slm:s23	494976dcd5ca87d33ac30a12220fdaf5	-	-
http://urn.fi/URN:NBN:fi:au:slm:s230	ca04ac8fb5a447b741be8350ceea5237	2019-07-13	-
http://urn.fi/URN:NBN:fi:au:slm:s231	df93908c68e433c05e078f6ec7d7f20a	-	-
http://urn.fi/URN:NBN:fi:au:slm:s232	db189ae04c5354d371c1671aa0a59b61	-	-
http://urn.fi/URN:NBN:fi:au:slm:s233	ddbe2c7eaa8eaca61ad2c5e706d1e8f4	-	-
http://urn.fi/URN:NBN:fi:au:slm:s234	2bf2020e367b657d2174b2d7b66cbd87	2019-03-22	-
http://urn.fi/URN:NBN:fi:au:slm:s235	5dc4e33c8ecadc0e525b5c1cccddb12f	-	-
http://urn.fi/URN:NBN:fi:au:slm:s236	66db9fc5f9965b5a556f89af0ab5e18c	-	-
http://urn.fi/URN:NBN:fi:au:slm:s237	07ab2b7b8207d124e65193fe9117fe53	-	-
http://urn.fi/URN:NBN:fi:au:slm:s238	8a3a4426da4e7179393dd5eb246bb4c0	-	-
http://urn.fi/URN:NBN:fi:au:slm:s239	58bf011f6e6528192fea242b35068919	-	-
http://urn.fi/URN:NBN:fi:au:slm:s24	8557557ede7b9e35bc7d9b4ece7929f7	-	-
http://urn.fi/URN:NBN:fi:au:slm:s240	8b2d28abe85d3b732481ee631c058914	-	-
http://urn.fi/URN:NBN:fi:au:slm:s241	ee9ce532c2dd74e5f248c46f880ab6cd	2019-03-22	-
http://urn.fi/URN:NBN:fi:au:slm:s242	9b56357ca7ff75e680e2bb9c5bfaa5f6	-	-
http://urn.fi/URN:NBN:fi:au:slm:s243	24c00e4512f62a08f98db7ac7fa84054	-	-
http://urn.fi/URN:NBN:fi:au:slm:s244	2027177deebca91a44c98218eed29578	-	-
http://urn.fi/URN:NBN:fi:au:slm:s245	231adf0fc2289b56c74174fc1274ab65	2019-10-12	-
http://urn.fi/URN:NBN:fi:au:slm:s246	5d52daa4247c3bc1d43bc238c7f264f8	-	-
http://urn.fi/URN:NBN:fi:au:slm:s247	901b0ed611d66fbe409d76802ad2f901	-	-
http://urn.fi/URN:NBN:fi:au:slm:s248	b7a699f04f5a6ec8ff7bcf4e58490b25	-	-
http://urn.fi/URN:NBN:fi:au:slm:s249	061baaeaf76f0ddfc04d87031ca6dd1c	-	-
http://urn.fi/URN:NBN:fi:au:slm:s25	47ef14098b06eb384a1dabcab7a38910	-	-
http://urn.fi/URN:NBN:fi:au:slm:s250	2c23bd6a49949f5df315a6035a642609	-	-
http://urn.fi/URN:NBN:fi:au:slm:s251	4b0a4b895fb36fb67ecc1fd8d4348690	-	-
http://urn.fi/URN:NBN:fi:au:slm:s252	35d8200dcbae069d581b7b1e68fb3a4b	-	-
http://urn.fi/URN:NBN:fi:au:slm:s253	be41b60c8f3a93ed0569f088d4333e02	-	-
http://urn.fi/URN:NBN:fi:au:slm:s254	752ce50f20d112450386988be4c64d38	-	-
http://urn.fi/URN:NBN:fi:au:slm:s255	a91ae1dbfa98f3f281d92f8ce349bf17	-	-
http://urn.fi/URN:NBN:fi:au:slm:s256	39270327f16bd2f98d23e7e9ad665635	-	-
http://urn.fi/URN:NBN:fi:au:slm:s257	de48fe0f14d841845cfb6dc825c06433	-	-
http://urn.fi/URN:NBN:fi:au:slm:s258	866595219dd8e7db797dccafe2c63410	-	-
http://urn.fi/URN:NBN:fi:au:slm:s259	132f936ede5b996125245a52a8d3fb40	-	-
http://urn.fi/URN:NBN:fi:au:slm:s26	17803c53747ba333e51d62ed9e3ab52f	-	-
http://urn.fi/URN:NBN:fi:au:slm:s261	a7e26d964b94c4566ba5a00b2e7f2fb5	-	-
http://urn.fi/URN:NBN:fi:au:slm:s262	13bae1ba7465bc18f2eeca4fb2da9369	-	-
http://urn.fi/URN:NBN:fi:au:slm:s264	8dd187b3280a2565a8ff1c63a0d31319	-	-
http://urn.fi/URN:NBN:fi:au:slm:s265	25f7661654d6ae0c824ab9813b89fb0a	-	-
http://urn.fi/URN:NBN:fi:au:slm:s266	1c0d74f21300db10d66331d035890cb7	2019-09-06	-
http://urn.fi/URN:NBN:fi:au:slm:s267	572e483a7e4e5881a7bafcc72fa66f70	-	-
http://urn.fi/URN:NBN:fi:au:slm:s268	3286e21a56df289895bfd6619ab7895d	-	-
http://urn.fi/URN:NBN:fi:au:slm:s269	d61cf6b7d3ec4bf6f009256734ebcd37	-	-
http://urn.fi/URN:NBN:fi:au:slm:s27	fdbbb991db7a8622f8294cd7c7514048	-	-
http://urn.fi/URN:NBN:fi:au:slm:s270	103d8444aa2fb1c79726d0d7ca691a9c	-	-
http://urn.fi/URN:NBN:fi:au:slm:s271	cfc7fd88fecddd52d887b98fb0510957	-	-
http://urn.fi/URN:NBN:fi:au:slm:s272	88e2487f2b18c76538553bf595210e2b	-	-
http://urn.fi/URN:NBN:fi:au:slm:s273	78fb6ad90c6c2db29749463874d5a9d9	-	-
http://urn.fi/URN:NBN:fi:au:slm:s274	5fc951945782cd57da7ca1967d70acb7	-	-
http://urn.fi/URN:NBN:fi:au:slm:s275	b8b8aad05e3c9f350f5b4c848efbaf33	-	-
http://urn.fi/URN:NBN:fi:au:slm:s276	765459b6a2940edb6ee34801b58a62a1	-	-
http://urn.fi/URN:NBN:fi:au:slm:s277	1167fd6be451b783a9f8e18b2912ad2b	-	-
http://urn.fi/URN:NBN:fi:au:slm:s278	d32ad5555a6f79a86b6e9a12e7a151b1	-	-
http://urn.fi/URN:NBN:fi:au:slm:s279	347871f1279f595f3a6bdb40dcbb7fe0	-	-
http://urn.fi/URN:NBN:fi:au:slm:s28	68c66fd1c17eb767907c1c9656537c1e	-	-
http://urn.fi/URN:NBN:fi:au:slm:s280	c7fdf65816fd90b0ee2bfc24d4b8553f	-	-
http://urn.fi/URN:NBN:fi:au:slm:s281	e50b2812b50375c3cf8c863f95ccb920	-	-
http://urn.fi/URN:NBN:fi:au:slm:s282	811cc5d04f7355614f677ad4208d0e64	-	-
http://urn.fi/URN:NBN:fi:au:slm:s283	78b58bb7c428c9f29ce62912105766ab	-	-
http://urn.fi/URN:NBN:fi:au:slm:s284	c2222ec0f567ea06085a6eeaa2f94777	-	-
http://urn.fi/URN:NBN:fi:au:slm:s286	7a53a345e3f80fa2bc79db7910e40f7e	-	-
http://urn.fi/URN:NBN:fi:au:slm:s287	691170f6bfdb71913d98007f11643e9f	-	-
http://urn.fi/URN:NBN:fi:au:slm:s288	2008a67e4d072840d388e042e26e8e31	-	-
http://urn.fi/URN:NBN:fi:au:slm:s289	d8b65902848397a02d176e9c78563d8b	2019-10-18	-
http://urn.fi/URN:NBN:fi:au:slm:s29	f76dbf25a7956f6d1555e7d03b163a2e	-	-
http://urn.fi/URN:NBN:fi:au:slm:s290	663279c152c10734e58202948e63754a	-	-
http://urn.fi/URN:NBN:fi:au:slm:s291	c945a384a1e16af5f12220f3ad02ffd9	-	-
http://urn.fi/URN:NBN:fi:au:slm:s292	55328c0766a55558579f41a2e043cebc	-	-
http://urn.fi/URN:NBN:fi:au:slm:s293	8ed6c00cd81cf9c9bb6aeca9e215928d	-	-
http://urn.fi/URN:NBN:fi:au:slm:s295	b219c5ac4deb1a891b35470dbdbc6ea9	-	-
http://urn.fi/URN:NBN:fi:au:slm:s296	43e94597aa5f6bc064c24bf11c40ff50	-	-
http://urn.fi/URN:NBN:fi:au:slm:s297	569a3ea9fbba1052592cf7e837012531	-	-
http://urn.fi/URN:NBN:fi:au:slm:s298	f11dd339fc4066f68ee2b8a580298210	2019-09-05	-
http://urn.fi/URN:NBN:fi:au:slm:s299	7729b8a8f722e595397c029f855fbbf8	-	-
http://urn.fi/URN:NBN:fi:au:slm:s3	0c672c45c9a5ccc23f6e8c9b585c0025	-	-
http://urn.fi/URN:NBN:fi:au:slm:s30	4b03d8dad56530ef0babb77d1c7b9b3c	-	-
http://urn.fi/URN:NBN:fi:au:slm:s300	064ccf2e2941dffbc4b767a2d0338987	-	-
http://urn.fi/URN:NBN:fi:au:slm:s301	285ff3ce99abeb025e42c6c0ea5fa427	-	-
http://urn.fi/URN:NBN:fi:au:slm:s302	24f9b149b4238ce46fe12f9bc6e3eb3f	-	-
http://urn.fi/URN:NBN:fi:au:slm:s303	3da55e572095dddf87b48f182b77b570	-	-
http://urn.fi/URN:NBN:fi:au:slm:s304	47d33a9e8f0526febb841f6be27cb19e	-	-
http://urn.fi/URN:NBN:fi:au:slm:s305	48f76be491fe8bfecf519e62b66b49a1	-	-
http://urn.fi/URN:NBN:fi:au:slm:s306	8273b75f42b47b83580407c7aa86ab17	-	-
http://urn.fi/URN:NBN:fi:au:slm:s307	89a76ca6c1ef0acf4dd3952b2dcd0ab3	-	-
http://urn.fi/URN:NBN:fi:au:slm:s308	5fdc9385b29b6be1fdd89211fb348477	-	-
http://urn.fi/URN:NBN:fi:au:slm:s309	b8c6c8aecf9123ceae9951bee60f828e	-	-
http://urn.fi/URN:NBN:fi:au:slm:s31	f299e353fab33b489e1ecff6b020d050	-	-
http://urn.fi/URN:NBN:fi:au:slm:s310	d02143f725b6eba8a5a3901f62462407	-	-
http://urn.fi/URN:NBN:fi:au:slm:s311	275af86f5684756f9d47ef092e2cafae	-	-
http://urn.fi/URN:NBN:fi:au:slm:s312	9da18b82475cd5ea511e453320de77d6	-	-
http://urn.fi/URN:NBN:fi:au:slm:s313	38cd93d6d7195980e984761b82ff6661	-	-
http://urn.fi/URN:NBN:fi:au:slm:s314	b57ffe963ff7183a66f94867c19eb8bd	-	-
http://urn.fi/URN:NBN:fi:au:slm:s315	c8639a1078109b5dcba4185f6b4a7a36	-	-
http://urn.fi/URN:NBN:fi:au:slm:s316	05942f8ec7a3509b61e723609e16e1b0	-	-
http://urn.fi/URN:NBN:fi:au:slm:s317	ae46a3cc61647cdc69f3909c00190747	-	-
http://urn.fi/URN:NBN:fi:au:slm:s318	7c0977599fa1dafab0b246f926183178	-	-
http://urn.fi/URN:NBN:fi:au:slm:s319	73f0c9af9e7df8d0ff4403fc3013ef56	2019-09-04	-
http://urn.fi/URN:NBN:fi:au:slm:s32	2b4c6acd124763cfa88c77ae085fff33	-	-
http://urn.fi/URN:NBN:fi:au:slm:s320	7625052ce7d42b23d4232f8896ec061e	-	-
http://urn.fi/URN:NBN:fi:au:slm:s321	304657914b50186e3089f86b04f8dbbd	-	-
http://urn.fi/URN:NBN:fi:au:slm:s322	3aa3de2f36e30f9c8f424b7813791f83	-	-
http://urn.fi/URN:NBN:fi:au:slm:s323	b634c5662a1e81f1b84f758763d76444	-	-
http://urn.fi/URN:NBN:fi:au:slm:s324	22135ffbba128fcebd5c189b7d616934	-	-
http://urn.fi/URN:NBN:fi:au:slm:s325	82889298c84e7444c5df9115afcd6665	-	-
http://urn.fi/URN:NBN:fi:au:slm:s326	e302e085adb817ee46938ebbb2536054	-	-
http://urn.fi/URN:NBN:fi:au:slm:s327	8a7040ee258592602195baad597dc636	-	-
http://urn.fi/URN:NBN:fi:au:slm:s328	8c309f956bb801533593e88d3ed67ec2	-	-
http://urn.fi/URN:NBN:fi:au:slm:s329	bce510e47a9c68850bc4bf6ae6a1a233	-	-
http://urn.fi/URN:NBN:fi:au:slm:s33	5f2688a7e013e06514d5bc459dd5eb28	-	-
http://urn.fi/URN:NBN:fi:au:slm:s330	1f63109685183ab524b9db6df5519ea3	-	-
http://urn.fi/URN:NBN:fi:au:slm:s331	1e064c2da423098f1213d5369eb6d3c7	-	-
http://urn.fi/URN:NBN:fi:au:slm:s332	c3b8393d421f594d6ffc1b37d0761a07	-	-
http://urn.fi/URN:NBN:fi:au:slm:s333	192edb7feea8ef93d33ecd7a45e0f492	-	-
http://urn.fi/URN:NBN:fi:au:slm:s334	e2cd691ad0df32176238312365b8fb78	-	-
http://urn.fi/URN:NBN:fi:au:slm:s335	c308e31f3129f6b5b2267416c58c4bf9	2019-11-09	-
http://urn.fi/URN:NBN:fi:au:slm:s336	11d5882a649d3675a02ac1be1deb6555	-	-
http://urn.fi/URN:NBN:fi:au:slm:s337	85ddf4603d190cc4098502d2591ebcb7	-	-
http://urn.fi/URN:NBN:fi:au:slm:s338	a6eb120787407d44ea137c696d417f0d	-	-
http://urn.fi/URN:NBN:fi:au:slm:s339	9e480e250c54d44c63239407ee95bd91	-	-
http://urn.fi/URN:NBN:fi:au:slm:s34	d953b06e4b28adc1db62d636d0174237	-	-
http://urn.fi/URN:NBN:fi:au:slm:s340	1549729948242e141489fbbec160353d	-	-
http://urn.fi/URN:NBN:fi:au:slm:s341	e8dfd5c9fc30be6963ca7db55caaef63	-	-
http://urn.fi/URN:NBN:fi:au:slm:s342	041bdde4a5ddb4611a9a4f3bb2a340c8	2019-06-11	-
http://urn.fi/URN:NBN:fi:au:slm:s343	5bc154d4f6f6ee797fa6dd45fb9c2a2f	-	-
http://urn.fi/URN:NBN:fi:au:slm:s345	61447ff1bae99b3aef9c4a975a5be5fa	-	-
http://urn.fi/URN:NBN:fi:au:slm:s346	e45465e8115f8905fce427b76f6902e7	-	-
http://urn.fi/URN:NBN:fi:au:slm:s347	a32c49082b76fc78fd41a74255dee038	-	-
http://urn.fi/URN:NBN:fi:au:slm:s348	fa2bcd6cf31178d29cdc4146238639c1	-	-
http://urn.fi/URN:NBN:fi:au:slm:s349	72ac623ba3b37ecd944810f0a0d222ab	-	-
http://urn.fi/URN:NBN:fi:au:slm:s35	be4213445073e69f69058d8f1ca657d5	-	-
http://urn.fi/URN:NBN:fi:au:slm:s350	d22e2613286e1ffa9f88f858c7d5f1a4	-	-
http://urn.fi/URN:NBN:fi:au:slm:s351	9473fe507b84dd608f228b566f07434d	-	-
http://urn.fi/URN:NBN:fi:au:slm:s352	c1a9b050202a9e7d7a4c19dd5ae094a7	-	-
http://urn.fi/URN:NBN:fi:au:slm:s353	2752f0705a1d1add1374958230aa6b90	-	-
http://urn.fi/URN:NBN:fi:au:slm:s354	de0800003c9588e6b1655fc2b343f3ed	-	-
http://urn.fi/URN:NBN:fi:au:slm:s355	aa238a786ba1e49f7f7cf9057ff3efc1	-	-
http://urn.fi/URN:NBN:fi:au:slm:s356	a725e5792baad48407bafd49e04efeff	-	-
http://urn.fi/URN:NBN:fi:au:slm:s357	8e290a4cdf75457bb0436e90f995cfb7	-	-
http://urn.fi/URN:NBN:fi:au:slm:s358	4a392fd8ca16c5ae919f0f7bb62ad1db	-	-
http://urn.fi/URN:NBN:fi:au:slm:s359	8d4f73fbacb01b9aa7f187147479c1cd	-	-
http://urn.fi/URN:NBN:fi:au:slm:s360	aabe869c66cadd49ff9ed698fc0253be	-	-
http://urn.fi/URN:NBN:fi:au:slm:s361	e697e21485003c029efa00ce4042a383	-	-
http://urn.fi/URN:NBN:fi:au:slm:s362	be81a800addbf53c472c030ab58718e1	-	-
http://urn.fi/URN:NBN:fi:au:slm:s363	56ba3a23876f7470602d7df029c76642	-	-
http://urn.fi/URN:NBN:fi:au:slm:s364	3bb36607384ed13bc96abbd2b8254423	-	-
http://urn.fi/URN:NBN:fi:au:slm:s365	d59c5ebb143f1aa4e1bc129a550bffdd	-	-
http://urn.fi/URN:NBN:fi:au:slm:s366	194efe49c56e36b5ebd3d3b063932440	-	-
http://urn.fi/URN:NBN:fi:au:slm:s367	e09fee8de65b943672ce22f32989296c	-	-
http://urn.fi/URN:NBN:fi:au:slm:s368	56a0643d8d0b5a382806f04159e24cef	-	-
http://urn.fi/URN:NBN:fi:au:slm:s369	80321a68bc1e5a9aa8fa27988335f7fa	-	-
http://urn.fi/URN:NBN:fi:au:slm:s37	084503a8aebf406b93b5644db249321e	-	-
http://urn.fi/URN:NBN:fi:au:slm:s370	1b1ea837c0cd50522400d1b0082abce0	-	-
http://urn.fi/URN:NBN:fi:au:slm:s371	82314ab85cc8552b83f8bf0ad8737277	-	-
http://urn.fi/URN:NBN:fi:au:slm:s372	bab8112976858fc406f3a1ac813ba4f5	-	-
http://urn.fi/URN:NBN:fi:au:slm:s373	d3980a1922835e742c66573ea5a06051	-	-
http://urn.fi/URN:NBN:fi:au:slm:s374	070ae64239a77a377e9e50b43f234b76	-	-
http://urn.fi/URN:NBN:fi:au:slm:s375	70bc06ea608a69e7f6e56c4ec78e54e3	2019-09-05	-
http://urn.fi/URN:NBN:fi:au:slm:s376	567c6dd5a66c45276b4669377fe7bc5e	-	-
http://urn.fi/URN:NBN:fi:au:slm:s377	911a004438b9685f2b84b221180f84e4	-	-
http://urn.fi/URN:NBN:fi:au:slm:s378	cc0a6d37c0e0780f91c5de91667f80d3	-	-
http://urn.fi/URN:NBN:fi:au:slm:s379	72b9e50a26b26f2e8194e4121270e044	2019-09-04	-
http://urn.fi/URN:NBN:fi:au:slm:s38	42b87d6ab8b05146fb199bf497fe4be8	-	-
http://urn.fi/URN:NBN:fi:au:slm:s380	f9b0c0c89f9ff56e094d233042fbd9b6	-	-
http://urn.fi/URN:NBN:fi:au:slm:s381	7d0cf9e857b7461e73f93c135bdb1977	-	-
http://urn.fi/URN:NBN:fi:au:slm:s382	2d66e1b09f8dc9aa4d78e9267d8602f2	-	-
http://urn.fi/URN:NBN:fi:au:slm:s383	ac146a44e1002000148a419052f9230e	2019-10-31	-
http://urn.fi/URN:NBN:fi:au:slm:s384	1a75d0c51bf10e4ce2d4e6c2566bc1e2	-	-
http://urn.fi/URN:NBN:fi:au:slm:s385	90e4a0daa049e67fc4d2f42435cfebbe	-	-
http://urn.fi/URN:NBN:fi:au:slm:s386	27a4a9d59218f19765b2c03735363cad	-	-
http://urn.fi/URN:NBN:fi:au:slm:s387	db89177b884a44e5266963abd7b6803b	-	-
http://urn.fi/URN:NBN:fi:au:slm:s388	1716610506e9fca384b5d99638531188	-	-
http://urn.fi/URN:NBN:fi:au:slm:s389	21ba4b2bc6f3fffef6ba93b47417b086	-	-
http://urn.fi/URN:NBN:fi:au:slm:s39	68bb1d48e72f2651e6b64596b22ae4ae	2019-09-05	-
http://urn.fi/URN:NBN:fi:au:slm:s390	913de8ee743699fce84c8c902a65f46e	-	-
http://urn.fi/URN:NBN:fi:au:slm:s391	e6c677fd47150864ef716ce7430a062f	-	-
http://urn.fi/URN:NBN:fi:au:slm:s392	d907eec36ef78551512812a50823e34c	-	-
http://urn.fi/URN:NBN:fi:au:slm:s393	695eaf338d7b0048eb68f42de577df21	2019-09-05	-
http://urn.fi/URN:NBN:fi:au:slm:s394	d55239f0a7f78c337666c19edb58ec0a	-	-
http://urn.fi/URN:NBN:fi:au:slm:s395	85feade2b37aeaac3f5431c14a39d1ae	-	-
http://urn.fi/URN:NBN:fi:au:slm:s396	cf142805eb55f3549c886e7513a69689	-	-
http://urn.fi/URN:NBN:fi:au:slm:s397	7207842cf341327c30d963abcfd3c884	-	-
http://urn.fi/URN:NBN:fi:au:slm:s398	bcbf9e79991f72020804e18140cf3466	-	-
http://urn.fi/URN:NBN:fi:au:slm:s399	d1c588949b75688c9db9e0b0b835bcc9	-	-
http://urn.fi/URN:NBN:fi:au:slm:s4	f3894c699e788cddf2c6c94be07a036b	-	-
http://urn.fi/URN:NBN:fi:au:slm:s40	c5f50f051cf1e9dd988481a6701cecd5	2019-03-22	-
http://urn.fi/URN:NBN:fi:au:slm:s400	0a4bc6ca5e301d34d3db5c6ff6f5e379	-	-
http://urn.fi/URN:NBN:fi:au:slm:s401	05e477538638eae2ab9910c430845151	2019-11-09	-
http://urn.fi/URN:NBN:fi:au:slm:s402	f42221703b85d9d4520def98f26be131	-	-
http://urn.fi/URN:NBN:fi:au:slm:s403	cdf5199944ad772c3a7cc52e02616ab0	-	-
http://urn.fi/URN:NBN:fi:au:slm:s404	ac1f7fd51e48561e94adeac59c39fb08	-	-
http://urn.fi/URN:NBN:fi:au:slm:s405	3b4a5d4037ca01cbc2c6895eca5a9e0c	-	-
http://urn.fi/URN:NBN:fi:au:slm:s406	bbe0fa2eb616af36524bdf59e5e3ffd9	-	-
http://urn.fi/URN:NBN:fi:au:slm:s407	e48ece5590f6e5a5c64e704262f01003	-	-
http://urn.fi/URN:NBN:fi:au:slm:s408	fd9ba2ea80c97f3b0e8cc5ee42695371	-	-
http://urn.fi/URN:NBN:fi:au:slm:s409	1be976fe0d2b7d5a792836d88ccf101f	2019-03-22	-
http://urn.fi/URN:NBN:fi:au:slm:s41	8eb7acd60056be673877f81cf34f5a41	-	-
http://urn.fi/URN:NBN:fi:au:slm:s410	1e9713a932ef8b787e15776d7fd28842	-	-
http://urn.fi/URN:NBN:fi:au:slm:s412	2f76747cbf81b022ac8b3fff0954764d	-	-
http://urn.fi/URN:NBN:fi:au:slm:s413	dc969c4fcea8ab25b6b219591dca2f5c	-	-
http://urn.fi/URN:NBN:fi:au:slm:s414	904cc6357b52ac5a19ab68a441863d92	-	-
http://urn.fi/URN:NBN:fi:au:slm:s415	6399d90b55982210b8a6434b272d9089	-	-
http://urn.fi/URN:NBN:fi:au:slm:s416	cff49d1d190c58c001d9f7eb318caa88	-	-
http://urn.fi/URN:NBN:fi:au:slm:s418	dcfd39a0d12bb673ef585ed0f5c8dd95	2019-03-22	-
http://urn.fi/URN:NBN:fi:au:slm:s419	9396ad1b83b305102b8754eed2d0e3a0	-	-
http://urn.fi/URN:NBN:fi:au:slm:s42	5cf4fe1edaf8113c7b19fb9c5519ef8f	-	-
http://urn.fi/URN:NBN:fi:au:slm:s420	4304c0b31f72f5d89ea2f06d4f508d83	-	-
http://urn.fi/URN:NBN:fi:au:slm:s421	5c1b2aea97cf2f0cdb3b670be2cf21d1	2019-03-22	-
http://urn.fi/URN:NBN:fi:au:slm:s422	7126f69b4fee29527dcbf554d9c20888	-	-
http://urn.fi/URN:NBN:fi:au:slm:s423	3bbbaa594eae71d1b3fea3cb38c9a700	-	-
http://urn.fi/URN:NBN:fi:au:slm:s424	00bab3cf1e1519a25094dd8bf26654f2	-	-
http://urn.fi/URN:NBN:fi:au:slm:s425	bafa1fbc8483e0fe93d709b9d95ab958	-	-
http://urn.fi/URN:NBN:fi:au:slm:s426	09bb4466503d80929d131ff1999d4a8c	-	-
http://urn.fi/URN:NBN:fi:au:slm:s427	ed79df0e6d4bd6808fe8676618638223	-	-
http://urn.fi/URN:NBN:fi:au:slm:s428	77d59328697d3d49af51be740d0ba716	-	-
http://urn.fi/URN:NBN:fi:au:slm:s429	811faf753465521d3661a85ba9005408	-	-
http://urn.fi/URN:NBN:fi:au:slm:s43	542829fd340d8bdb252a493db5a75521	-	-
http://urn.fi/URN:NBN:fi:au:slm:s430	b0ecb334888a88f167c9da6325c4a438	-	-
http://urn.fi/URN:NBN:fi:au:slm:s431	5e4f7e4d97c06b75c3622a46e6656c91	-	-
http://urn.fi/URN:NBN:fi:au:slm:s432	7882c9f05209480966a0367a1d5686a9	-	-
http://urn.fi/URN:NBN:fi:au:slm:s433	444ea902046a0b3c152a0f394a5cc207	-	-
http://urn.fi/URN:NBN:fi:au:slm:s434	73fc580902ed8db0abf16e14d0fc0c85	-	-
http://urn.fi/URN:NBN:fi:au:slm:s435	f06414cce7727ea62954ee4491ec11c6	2019-06-29	-
http://urn.fi/URN:NBN:fi:au:slm:s436	295329f295c5e17bb5ccc50d3898a217	2019-03-22	-
http://urn.fi/URN:NBN:fi:au:slm:s437	766e294c8f1beb183656e8424ccd42b0	2019-11-09	-
http://urn.fi/URN:NBN:fi:au:slm:s438	ac2d327b61370112ed1cbc76fc31fb14	-	-
http://urn.fi/URN:NBN:fi:au:slm:s439	c996352879ee6df31a39d49e5940bb6c	-	-
http://urn.fi/URN:NBN:fi:au:slm:s44	1f0252154ea71a30a65d0c46abc90fc8	2019-06-11	-
http://urn.fi/URN:NBN:fi:au:slm:s440	f9d5820cdd63699fe30a9e78e2fdf383	-	-
http://urn.fi/URN:NBN:fi:au:slm:s441	91ae1444c522c9a4117710819a4e9e6e	-	-
http://urn.fi/URN:NBN:fi:au:slm:s442	0c6d5beada08e8ad95ae9037ee0d7205	-	-
http://urn.fi/URN:NBN:fi:au:slm:s443	b2c55a439611258dd16485fe6be4f1b7	-	-
http://urn.fi/URN:NBN:fi:au:slm:s444	18ff6594a4c6e0a9a47cb929c57d118b	-	-
http://urn.fi/URN:NBN:fi:au:slm:s445	5131d384e2e74ae409b5d49601bf2d7a	-	-
http://urn.fi/URN:NBN:fi:au:slm:s446	0da49d323acefed6259b763d55f95228	-	-
http://urn.fi/URN:NBN:fi:au:slm:s447	230d3649075dde5f7d2dad0357d6d98a	-	-
http://urn.fi/URN:NBN:fi:au:slm:s448	41f971fc4e456389845935b8dfdb2380	-	-
http://urn.fi/URN:NBN:fi:au:slm:s449	64d8d0e8c7f5c335fba969e3f1f4efe3	-	-
http://urn.fi/URN:NBN:fi:au:slm:s45	e44d94380067ca981c7ca999bf7e2190	-	-
http://urn.fi/URN:NBN:fi:au:slm:s450	c8cf01369204cebb3f01012836736fce	2019-09-06	-
http://urn.fi/URN:NBN:fi:au:slm:s451	39b95d0a94e1ac9a69ef62baccd4e875	-	-
http://urn.fi/URN:NBN:fi:au:slm:s452	a58bf18b399499e15febd9495405fe99	-	-
http://urn.fi/URN:NBN:fi:au:slm:s453	c5aedf37b87e8676f5d63ed437d498ed	-	-
http://urn.fi/URN:NBN:fi:au:slm:s454	e9d5ed531b676a603a03aad0e6b7d470	-	-
http://urn.fi/URN:NBN:fi:au:slm:s455	341fd782f10f7b321657b1feaf851c8a	-	-
http://urn.fi/URN:NBN:fi:au:slm:s456	74d865d0a4bb8f5e5c5ff1fa994bb2f2	-	-
http://urn.fi/URN:NBN:fi:au:slm:s457	c06d336c04bb4e9158b714f1b0574710	-	-
http://urn.fi/URN:NBN:fi:au:slm:s458	a55b8be47ee60fda62510d864193fd9e	-	-
http://urn.fi/URN:NBN:fi:au:slm:s459	35c8e4e81253bd1a0ccff5326c2bd8cf	-	-
http://urn.fi/URN:NBN:fi:au:slm:s46	5d24ee7f1d157033e003a5fab26ffe0b	-	-
http://urn.fi/URN:NBN:fi:au:slm:s460	7ca26bc902893c787d17684dbc52fee2	-	-
http://urn.fi/URN:NBN:fi:au:slm:s461	28db5ffbe8269adc1b3f18baabba9ea1	-	-
http://urn.fi/URN:NBN:fi:au:slm:s462	2301cfa485d5a0fe3da816a14ccff7ae	-	-
http://urn.fi/URN:NBN:fi:au:slm:s463	79e91f9b35b07ddf4949a88393c23e6c	-	-
http://urn.fi/URN:NBN:fi:au:slm:s464	14e6820f4a5437a6770de1d0478a6af4	-	-
http://urn.fi/URN:NBN:fi:au:slm:s465	1a47f2926f9a7a3d19386b8d5771032f	-	-
http://urn.fi/URN:NBN:fi:au:slm:s466	9498433661ba461c943450ad6f1c7d85	2019-03-22	-
http://urn.fi/URN:NBN:fi:au:slm:s467	d02808aaa04c280e4ef3237467871806	-	-
http://urn.fi/URN:NBN:fi:au:slm:s468	124fe1b34f227c5d3fdb3012f164ba59	-	-
http://urn.fi/URN:NBN:fi:au:slm:s469	b45035ab66948240c0ac230cb1be835a	-	-
http://urn.fi/URN:NBN:fi:au:slm:s47	9a066a95aa1dddd5f4df1a07df843de9	-	-
http://urn.fi/URN:NBN:fi:au:slm:s470	b2618500b164651eac6c864ca77a0509	-	-
http://urn.fi/URN:NBN:fi:au:slm:s471	2096c60a235227d162f392ca01d858c2	-	-
http://urn.fi/URN:NBN:fi:au:slm:s472	a4aa30d7c7259245091a21f982640ead	-	-
http://urn.fi/URN:NBN:fi:au:slm:s473	e1f655a6b999001a6e8cf49594e8611d	-	-
http://urn.fi/URN:NBN:fi:au:slm:s474	8eaf4ef5f8d16c89a3c103d63ca7dfae	2019-11-09	-
http://urn.fi/URN:NBN:fi:au:slm:s475	193264b5c68ca3d4936561daa3da8e64	-	-
http://urn.fi/URN:NBN:fi:au:slm:s476	464173b3534081d2f5452fe3070c1b28	2019-03-22	-
http://urn.fi/URN:NBN:fi:au:slm:s477	ab1a0e557be844f8022ee16a78318d8a	-	-
http://urn.fi/URN:NBN:fi:au:slm:s478	01f6ca8d740491785742603423894554	-	-
http://urn.fi/URN:NBN:fi:au:slm:s479	cf7999b1be26c079a83f2497c69e46ff	-	-
http://urn.fi/URN:NBN:fi:au:slm:s48	5a268acfeb1fa24956b21a437b9edac7	-	-
http://urn.fi/URN:NBN:fi:au:slm:s480	fc479ed9bc2e3f4276de317facc0bb4c	-	-
http://urn.fi/URN:NBN:fi:au:slm:s481	4546ec2dc8adf65dba2a8d6bd09184c9	-	-
http://urn.fi/URN:NBN:fi:au:slm:s483	187d047dee615604a7559942f8272480	-	-
http://urn.fi/URN:NBN:fi:au:slm:s484	27c6c40f56229c1a62066ffa1fbe4eb6	-	-
http://urn.fi/URN:NBN:fi:au:slm:s485	4f1ef4227bda2555a108563d8b29753f	-	-
http://urn.fi/URN:NBN:fi:au:slm:s486	969008ea44cbe4bca1a52f9fa3ae5544	-	-
http://urn.fi/URN:NBN:fi:au:slm:s487	12af311a6db30878a55600aa2d164faf	-	-
http://urn.fi/URN:NBN:fi:au:slm:s488	f896fe587ac810a99ec4c1b4a6a85ce3	-	-
http://urn.fi/URN:NBN:fi:au:slm:s489	767b3db2cecd209fd3fd357b25168e68	-	-
http://urn.fi/URN:NBN:fi:au:slm:s49	01fe5d2dcf0059e0f54963a70cb6cd83	-	-
http://urn.fi/URN:NBN:fi:au:slm:s490	9d0ec03026e51193788caced1be6fc42	-	-
http://urn.fi/URN:NBN:fi:au:slm:s491	b1306ec0d2e9c90e8345f7af326d127d	-	-
http://urn.fi/URN:NBN:fi:au:slm:s492	df8a37bdcafaba90e4d66bdcee3899dc	-	-
http://urn.fi/URN:NBN:fi:au:slm:s493	46d95cd64fce61ac2d9ca6d3fe68e736	-	-
http://urn.fi/URN:NBN:fi:au:slm:s494	1a847e2b3958f940719cf2482d34a36d	-	-
http://urn.fi/URN:NBN:fi:au:slm:s495	e145fc4023015acc5a64337b5be74759	-	-
http://urn.fi/URN:NBN:fi:au:slm:s496	0340aa53a02fbfa6fc0811c3a3a2f85f	-	-
http://urn.fi/URN:NBN:fi:au:slm:s498	6c5f2c26834874ad30361be729a8e6a8	-	-
http://urn.fi/URN:NBN:fi:au:slm:s499	0591be4904134679bd9aa0103791c7a2	-	-
http://urn.fi/URN:NBN:fi:au:slm:s5	6f1d885ef6c4a1b5dfefa66a62e881dd	-	-
http://urn.fi/URN:NBN:fi:au:slm:s50	2ad4654dde2c02b158203f7d1ec26c0f	-	-
http://urn.fi/URN:NBN:fi:au:slm:s500	1713575df258781a876b7053536db1ca	-	-
http://urn.fi/URN:NBN:fi:au:slm:s501	d00f9bc18ad77d14fd31ed3713f41f29	-	-
http://urn.fi/URN:NBN:fi:au:slm:s502	41de535033e2f70a84deb64f34f48d89	-	-
http://urn.fi/URN:NBN:fi:au:slm:s503	e842859167e7f11f34b6a13b4253ddb2	-	-
http://urn.fi/URN:NBN:fi:au:slm:s504	a262e821cc47c726b79829e50b3fdc8c	-	-
http://urn.fi/URN:NBN:fi:au:slm:s505	42aae3b560b65aaa004d6ea08d9c6f44	-	-
http://urn.fi/URN:NBN:fi:au:slm:s506	429fd8107974cd078525075357422fe6	-	-
http://urn.fi/URN:NBN:fi:au:slm:s507	ea030a0c4a8ac877e63a986378268d5a	-	-
http://urn.fi/URN:NBN:fi:au:slm:s509	d5345cee39e130d90c48d7aaea2bbf42	2019-09-04	-
http://urn.fi/URN:NBN:fi:au:slm:s51	5074359ec48d515e97c20940f9450dcd	-	-
http://urn.fi/URN:NBN:fi:au:slm:s510	91316cf1ceaa8541199e24f512d2872e	-	-
http://urn.fi/URN:NBN:fi:au:slm:s511	340153b752e433382eafb3209c713589	-	-
http://urn.fi/URN:NBN:fi:au:slm:s512	38fc0afac461258c6988668238e26116	-	-
http://urn.fi/URN:NBN:fi:au:slm:s513	3f7ce099beff0f5a605e83c1619e11cd	-	-
http://urn.fi/URN:NBN:fi:au:slm:s514	841f1ddd9d4c0bc194fd40a4cf876c89	-	-
http://urn.fi/URN:NBN:fi:au:slm:s515	0f2c53f8cd5bd11342cb0f1b75bfd867	-	-
http://urn.fi/URN:NBN:fi:au:slm:s516	c877ffa61b7c004e9dcfdb4e2d279ffd	-	-
http://urn.fi/URN:NBN:fi:au:slm:s517	25bf2d2d3734a05d801dd0b4ccce9636	-	-
http://urn.fi/URN:NBN:fi:au:slm:s518	88114c1699329a487fa65a10cdc0fb98	2019-11-09	-
http://urn.fi/URN:NBN:fi:au:slm:s519	c9ae4cba86f21b9725dd6b6e6400888f	-	-
http://urn.fi/URN:NBN:fi:au:slm:s52	d34629e720ee72fd1660914191291a28	-	-
http://urn.fi/URN:NBN:fi:au:slm:s520	31a1e5b5bfee0b712bc79e2583fef855	-	-
http://urn.fi/URN:NBN:fi:au:slm:s521	39b3844685716ee5207fa116c70ae72a	-	-
http://urn.fi/URN:NBN:fi:au:slm:s522	9508c0d30ec6028ee55659db1b60776b	-	-
http://urn.fi/URN:NBN:fi:au:slm:s523	bdafdf988428f5c81a18e44ec59734d1	-	-
http://urn.fi/URN:NBN:fi:au:slm:s524	1d6892391dc020d0afe1d872947b82d8	2019-06-19	-
http://urn.fi/URN:NBN:fi:au:slm:s525	f8b16e9c03a82bb08d31f0e5325d1328	-	-
http://urn.fi/URN:NBN:fi:au:slm:s526	6d2c001ee3ba2c430a3fd17de96b7576	-	-
http://urn.fi/URN:NBN:fi:au:slm:s527	83e77dce176be6782af19db7e65c6ce9	-	-
http://urn.fi/URN:NBN:fi:au:slm:s528	127c10b6daf524235ea3e40714364a5d	-	-
http://urn.fi/URN:NBN:fi:au:slm:s529	97e264d46af30ca13547da7a2fee2872	2019-09-04	-
http://urn.fi/URN:NBN:fi:au:slm:s53	e83dd2521af342bf23e1126785246e2b	-	-
http://urn.fi/URN:NBN:fi:au:slm:s530	32cfd434869494516e44bfa0cb679bb0	-	-
http://urn.fi/URN:NBN:fi:au:slm:s531	2e376de782de2299c8d24dcf2afd3cde	-	-
http://urn.fi/URN:NBN:fi:au:slm:s532	50d0a70b448c5ddfe12b94630b5cafcf	-	-
http://urn.fi/URN:NBN:fi:au:slm:s533	6b6c57a36d491b1d5c50c20599af280a	-	-
http://urn.fi/URN:NBN:fi:au:slm:s534	5ef6bdce4cdd134c3df68ceb3217d8e9	-	-
http://urn.fi/URN:NBN:fi:au:slm:s535	b3f83ca04c51602b991ec7e109a8a81b	-	-
http://urn.fi/URN:NBN:fi:au:slm:s536	befe31a3c958fd49d4da75d5240fd5f2	-	-
http://urn.fi/URN:NBN:fi:au:slm:s537	ce555d78208f38862a092b441ad061f5	-	-
http://urn.fi/URN:NBN:fi:au:slm:s538	2071b7745bf58ce4131762de50d554ba	2019-03-22	-
http://urn.fi/URN:NBN:fi:au:slm:s539	4eb2c9496d5f466d1f4b8493c5e3b803	-	-
http://urn.fi/URN:NBN:fi:au:slm:s54	0096623ffe5206507b8e7d080b4d2f0b	-	-
http://urn.fi/URN:NBN:fi:au:slm:s540	6e31b61a7067a0d8b576da489b301f36	-	-
http://urn.fi/URN:NBN:fi:au:slm:s541	416748651cc4983639afb869c8bdb334	-	-
http://urn.fi/URN:NBN:fi:au:slm:s542	376b8275c952633192e00f2cbac7dafa	-	-
http://urn.fi/URN:NBN:fi:au:slm:s543	2dbb85630fd073f5dff30b68fcd578c1	-	-
http://urn.fi/URN:NBN:fi:au:slm:s544	35e9c97e4079a829a762833edfceaa26	-	-
http://urn.fi/URN:NBN:fi:au:slm:s545	df5b5480a8ca151467471bf4a3e47817	-	-
http://urn.fi/URN:NBN:fi:au:slm:s546	d7d4e077d73f4035ae0560f5e04d283f	-	-
http://urn.fi/URN:NBN:fi:au:slm:s547	e4f20227d125c282d87b9641ca7c77a6	-	-
http://urn.fi/URN:NBN:fi:au:slm:s548	8f692fff82fec2761c9e3467ba03ee33	-	-
http://urn.fi/URN:NBN:fi:au:slm:s549	9dde5ba3eb6064204174b65e4317f75e	-	-
http://urn.fi/URN:NBN:fi:au:slm:s55	6535fc69257b6edec7188af27f39c98a	-	-
http://urn.fi/URN:NBN:fi:au:slm:s550	f13404db65ca605600dd026904da3562	-	-
http://urn.fi/URN:NBN:fi:au:slm:s551	54813a031df02fdcb678a0597a16ed4f	-	-
http://urn.fi/URN:NBN:fi:au:slm:s552	39a985eaf76598eb006804aa22f63325	-	-
http://urn.fi/URN:NBN:fi:au:slm:s553	31cf8b8dee2bae0bea1c621a85cf5fbf	-	-
http://urn.fi/URN:NBN:fi:au:slm:s554	9b35824d3f551ec5517e3d24072f44d6	-	-
http://urn.fi/URN:NBN:fi:au:slm:s555	37a1e755f7b44805f9c4b8a62625645c	-	-
http://urn.fi/URN:NBN:fi:au:slm:s556	141ac910fedc35551ba49b5d05901bb4	2019-09-04	-
http://urn.fi/URN:NBN:fi:au:slm:s557	3fad5743d109d575d5fba2e3dc226c4a	2019-03-22	-
http://urn.fi/URN:NBN:fi:au:slm:s558	6c8f68fd97caec233047f2bc499509c7	-	-
http://urn.fi/URN:NBN:fi:au:slm:s559	5c9f13c55a084fc69f2e886109eb6e24	-	-
http://urn.fi/URN:NBN:fi:au:slm:s56	120453c50a42f303966744908ad450f9	-	-
http://urn.fi/URN:NBN:fi:au:slm:s560	1299e339948da35c449cce40fc04d992	2019-09-04	-
http://urn.fi/URN:NBN:fi:au:slm:s561	8362ff1a5d250ffa2aaed7c529a16fea	-	-
http://urn.fi/URN:NBN:fi:au:slm:s562	24e4fe367f2dc5ba09454ca68bacc148	-	-
http://urn.fi/URN:NBN:fi:au:slm:s563	db6ef61ba92e1f4c3583e680cf3b563d	-	-
http://urn.fi/URN:NBN:fi:au:slm:s564	30ac3870484bc1f5ccfbeeaacd136020	-	-
http://urn.fi/URN:NBN:fi:au:slm:s565	149a0d34bc1cb841d13b20917b675155	-	-
http://urn.fi/URN:NBN:fi:au:slm:s566	70e8544837a3ea9cf6cec1f78454586f	-	-
http://urn.fi/URN:NBN:fi:au:slm:s567	dfafa52fbd6b931be9e492746552e001	-	-
http://urn.fi/URN:NBN:fi:au:slm:s568	dded3244e8c8a2e079475d8a807c33d1	-	-
http://urn.fi/URN:NBN:fi:au:slm:s569	9319c5525b865eee4b6d5b570ee77b10	2019-05-23	-
http://urn.fi/URN:NBN:fi:au:slm:s57	cb7308d9a4bb696a18e2fd42b5f3e86b	-	-
http://urn.fi/URN:NBN:fi:au:slm:s570	a6f1b1a73d7d35c0a1c12d2f16630310	-	-
http://urn.fi/URN:NBN:fi:au:slm:s572	c00178ff62fb764589b1b2ce1d578e91	-	-
http://urn.fi/URN:NBN:fi:au:slm:s573	033123e0a885c0b2f3eea131b465995d	-	-
http://urn.fi/URN:NBN:fi:au:slm:s574	507814e679becd38a39b02c0f12999e1	-	-
http://urn.fi/URN:NBN:fi:au:slm:s575	650afb05efaef1dc250182557712406d	2019-09-05	-
http://urn.fi/URN:NBN:fi:au:slm:s576	f681ffac9c1c9ff7c66f99e78503622a	-	-
http://urn.fi/URN:NBN:fi:au:slm:s577	6c60b1e06b896f57b66550b4a4b4ca0a	2019-03-29	-
http://urn.fi/URN:NBN:fi:au:slm:s578	a0a98146db8270eb02516cfe93c2c400	-	-
http://urn.fi/URN:NBN:fi:au:slm:s579	a4784843062c3e30481061020f1093ea	-	-
http://urn.fi/URN:NBN:fi:au:slm:s58	6fe9010f8f0015e2388622d5b1b3b363	-	-
http://urn.fi/URN:NBN:fi:au:slm:s580	1255e3b13a3b30151ac78677c2f4e039	2019-09-04	-
http://urn.fi/URN:NBN:fi:au:slm:s581	18737269bc3b5567a2ab9644c886ca19	-	-
http://urn.fi/URN:NBN:fi:au:slm:s582	890e4e588ec916a12739d6cce0437143	-	-
http://urn.fi/URN:NBN:fi:au:slm:s583	56b361c4a8b3de620e69c857ab3212c9	-	-
http://urn.fi/URN:NBN:fi:au:slm:s584	be44cf2476bf5c70f8b94e58b76a5348	-	-
http://urn.fi/URN:NBN:fi:au:slm:s585	b8fdc77ed740b9e1ecd255a55e841b4e	-	-
http://urn.fi/URN:NBN:fi:au:slm:s586	17cdf0daecb7a9c681b46b002252a15a	2019-11-09	-
http://urn.fi/URN:NBN:fi:au:slm:s587	60d7cb805b1cde584e37ac80124db8cb	-	-
http://urn.fi/URN:NBN:fi:au:slm:s588	88b188f8e622778a17b1617793531c00	-	-
http://urn.fi/URN:NBN:fi:au:slm:s589	d980cedcbe299de13de8dc30b58fd87a	-	-
http://urn.fi/URN:NBN:fi:au:slm:s59	7ff87e9f3141815382219512ff38062c	-	-
http://urn.fi/URN:NBN:fi:au:slm:s590	eacff38b03a4d606ca055ba81407d5bb	-	-
http://urn.fi/URN:NBN:fi:au:slm:s591	f6751c9ec418f48be9e4ed72e2c933da	-	-
http://urn.fi/URN:NBN:fi:au:slm:s592	2e88bb24532803151a261f5e97c4bed6	-	-
http://urn.fi/URN:NBN:fi:au:slm:s594	e1a20dd6f9145c582d8b9174f13121b9	-	-
http://urn.fi/URN:NBN:fi:au:slm:s595	c403a2bc5f25ee37c0866717d8c85ac9	2019-09-05	-
http://urn.fi/URN:NBN:fi:au:slm:s596	94789af1e862147984429495b327fc8f	-	-
http://urn.fi/URN:NBN:fi:au:slm:s597	2805077546936ec0cd210e70d9293b7d	-	-
http://urn.fi/URN:NBN:fi:au:slm:s598	0c69970f6114a5c4a38cfdfa59fd9c10	-	-
http://urn.fi/URN:NBN:fi:au:slm:s599	d8c908aff09e5b925324d77b528d0112	2019-09-05	-
http://urn.fi/URN:NBN:fi:au:slm:s6	da1ff368674bf6c0bb481b1eb8992b68	-	-
http://urn.fi/URN:NBN:fi:au:slm:s60	7cc08297e8bac1bf91896abecde8c272	-	-
http://urn.fi/URN:NBN:fi:au:slm:s601	080cb1f2c40bf8410958c8a4afd0b986	-	-
http://urn.fi/URN:NBN:fi:au:slm:s602	ea8c52727df34007527853c1b7308861	-	-
http://urn.fi/URN:NBN:fi:au:slm:s603	14fa1d1ac2be67d6d7f17c989107fe9a	-	-
http://urn.fi/URN:NBN:fi:au:slm:s604	c9a2b6cfb735d5c3bb92408b410c653d	-	-
http://urn.fi/URN:NBN:fi:au:slm:s605	56a0a885a20fc38ab1dea63668b5b19a	-	-
http://urn.fi/URN:NBN:fi:au:slm:s606	47a3f65d2a2b02d0ea3e03a0b709cefe	-	-
http://urn.fi/URN:NBN:fi:au:slm:s607	92a45aa2ce057d5fb529d1fe781d7685	-	-
http://urn.fi/URN:NBN:fi:au:slm:s608	30a658d29114a7ceee461475c3fa57b7	-	-
http://urn.fi/URN:NBN:fi:au:slm:s609	9b6e7b40777284b1e0e24298d6c9b73d	-	-
http://urn.fi/URN:NBN:fi:au:slm:s61	77f3e53a33f36f4998d628684b50e4e0	-	-
http://urn.fi/URN:NBN:fi:au:slm:s610	08232177509e8172f03c7994e93eae4c	-	-
http://urn.fi/URN:NBN:fi:au:slm:s611	6825ba964f0044671824e5c01ff4cb92	-	-
http://urn.fi/URN:NBN:fi:au:slm:s612	2d2331ba55f06b38ef08e5bbf2e71ef7	-	-
http://urn.fi/URN:NBN:fi:au:slm:s613	17a721dd26c28718a9fc041c2b13379b	-	-
http://urn.fi/URN:NBN:fi:au:slm:s614	dbfdb1324096ef3de4c20294a2da524c	-	-
http://urn.fi/URN:NBN:fi:au:slm:s615	daa07ff316205407e2cd33daa988ccfd	-	-
http://urn.fi/URN:NBN:fi:au:slm:s616	77eb142fc838bf7c56334dff1f5d2451	2019-11-09	-
http://urn.fi/URN:NBN:fi:au:slm:s618	917a3a0bfd46ff9523f1365df51847fd	2019-09-19	-
http://urn.fi/URN:NBN:fi:au:slm:s619	6739e12767cab358e2cbf46349e79e83	-	-
http://urn.fi/URN:NBN:fi:au:slm:s62	238bde84aff8d75feb048a1088fd6493	-	-
http://urn.fi/URN:NBN:fi:au:slm:s620	c348a42405388c64a22f9c27038c726a	-	-
http://urn.fi/URN:NBN:fi:au:slm:s622	cc6730fc3fe3f4fc7f295bcfd9c0e170	-	-
http://urn.fi/URN:NBN:fi:au:slm:s623	a5d9a4afef99d69b2fad23cd7de16149	2019-06-11	-
http://urn.fi/URN:NBN:fi:au:slm:s625	c5981583ca5353211e78debe4828d9da	-	-
http://urn.fi/URN:NBN:fi:au:slm:s626	ee20cdcd64b88036efb8ab8a9b5d8c98	-	-
http://urn.fi/URN:NBN:fi:au:slm:s627	53d3c460a2d58cca16851e819d5e3e0e	-	-
http://urn.fi/URN:NBN:fi:au:slm:s628	653ef53b80d710116cb50b12946dc319	-	-
http://urn.fi/URN:NBN:fi:au:slm:s629	1107920c34a63743cbed3438ee2287ae	-	-
http://urn.fi/URN:NBN:fi:au:slm:s63	19b5d547804984ad32e0568e705ac944	-	-
http://urn.fi/URN:NBN:fi:au:slm:s630	39527b0c50dfe5f65c25e703bc4e2680	-	-
http://urn.fi/URN:NBN:fi:au:slm:s631	b088d8ea4a1f97e90c80847654b3385a	-	-
http://urn.fi/URN:NBN:fi:au:slm:s632	da5075f1924f696a5f21a98d7924dd42	-	-
http://urn.fi/URN:NBN:fi:au:slm:s633	4a7357590699a4270e061e9f3a546b12	-	-
http://urn.fi/URN:NBN:fi:au:slm:s634	ca7a2910df2896a0df842b6a19dd383e	-	-
http://urn.fi/URN:NBN:fi:au:slm:s635	9c703c8491d5fe3196da302ad1b6c2b8	-	-
http://urn.fi/URN:NBN:fi:au:slm:s636	53e7030d6c2aca6680320d5f6c087002	-	-
http://urn.fi/URN:NBN:fi:au:slm:s637	8c3b1b088efd98d81f94f57d411d3748	-	-
http://urn.fi/URN:NBN:fi:au:slm:s638	87576d6cbebb4723ea1b6851a5840233	-	-
http://urn.fi/URN:NBN:fi:au:slm:s639	1f70f6f7ed1d0171b82d3505a12b728e	-	-
http://urn.fi/URN:NBN:fi:au:slm:s64	466f9a2ad5fce7446bd0dd77d30df986	-	-
http://urn.fi/URN:NBN:fi:au:slm:s640	a8d269bf7cb4a6ced0fee2cb70e089f2	-	-
http://urn.fi/URN:NBN:fi:au:slm:s641	06616b58d01c95e47eff7c1555924ded	-	-
http://urn.fi/URN:NBN:fi:au:slm:s642	5e5a5b79d59cfce2a490113e25e5929d	-	-
http://urn.fi/URN:NBN:fi:au:slm:s643	16016cecd8b0f1bc9592e7aeddbd4409	-	-
http://urn.fi/URN:NBN:fi:au:slm:s644	c19ad172947e2f4a6a960361c078a1d1	-	-
http://urn.fi/URN:NBN:fi:au:slm:s646	976d5cc8f2e451fd27bdf350562e9a4a	-	-
http://urn.fi/URN:NBN:fi:au:slm:s648	7bcd50f8ccc07d0a57a7556363801c11	-	-
http://urn.fi/URN:NBN:fi:au:slm:s649	057eae215026dd4e53fed3de23886152	-	-
http://urn.fi/URN:NBN:fi:au:slm:s65	6e31dda99c4ee7180afd096f263006c8	-	-
http://urn.fi/URN:NBN:fi:au:slm:s650	318b25e6a6659b1c99ca4f01719b923b	-	-
http://urn.fi/URN:NBN:fi:au:slm:s651	3dd3fc696a77430cfa0780365be11524	-	-
http://urn.fi/URN:NBN:fi:au:slm:s652	57a484fed264b48aa8eec8d875d46248	-	-
http://urn.fi/URN:NBN:fi:au:slm:s653	c4f3821138177ac3f75845a9837c9c84	-	-
http://urn.fi/URN:NBN:fi:au:slm:s654	c565558d354d3c52edf5483b6a9ab70b	-	-
http://urn.fi/URN:NBN:fi:au:slm:s655	7fe7083bfdec7adb1a282865d5cc908a	-	-
http://urn.fi/URN:NBN:fi:au:slm:s656	b9baf897220c1fdfaf37775aac3233fd	-	-
http://urn.fi/URN:NBN:fi:au:slm:s657	4b56f85e1fc24efbca2901f07158b7a5	2019-09-04	-
http://urn.fi/URN:NBN:fi:au:slm:s658	1b449e5aa3c19427543d5526e6122c54	-	-
http://urn.fi/URN:NBN:fi:au:slm:s659	69c1baa13ee21e9675c1ae4cff8d861d	-	-
http://urn.fi/URN:NBN:fi:au:slm:s66	53ae1dab13fc6a896344e3ef8ba158f0	-	-
http://urn.fi/URN:NBN:fi:au:slm:s660	f8e6532536a7ee43a3819781812f0391	-	-
http://urn.fi/URN:NBN:fi:au:slm:s661	2e5f6a6e4d052eb2896ca54570d5b33f	-	-
http://urn.fi/URN:NBN:fi:au:slm:s662	048ed864d1b20c3b1629d661715bad41	-	-
http://urn.fi/URN:NBN:fi:au:slm:s663	69b0bcb285e8e1240e9ed6e336d5618f	-	-
http://urn.fi/URN:NBN:fi:au:slm:s664	d992af42af167dcbaf5155caed02328e	-	-
http://urn.fi/URN:NBN:fi:au:slm:s665	34c9be8534e9d696188afccc148f1bed	2019-09-20	-
http://urn.fi/URN:NBN:fi:au:slm:s666	da8ce8be2a1253798736d39d34379815	-	-
http://urn.fi/URN:NBN:fi:au:slm:s667	dfcc2a09dd62f725e24c17e4866c1e17	-	-
http://urn.fi/URN:NBN:fi:au:slm:s668	020e192c3b856def352302ded6b68016	2019-03-29	-
http://urn.fi/URN:NBN:fi:au:slm:s67	82dec3ddc3c01d2f4b79fbcef8f8ee73	2019-09-04	-
http://urn.fi/URN:NBN:fi:au:slm:s670	55ecbbfedf837243f8c9f5f5f072505e	-	-
http://urn.fi/URN:NBN:fi:au:slm:s671	57cf44651672ec99f1a3fa04a562ec94	-	-
http://urn.fi/URN:NBN:fi:au:slm:s672	9fe4f9e0cbca07c656577d856482a62c	-	-
http://urn.fi/URN:NBN:fi:au:slm:s673	a51fad7975a1f380963a1da57224231f	-	-
http://urn.fi/URN:NBN:fi:au:slm:s674	0a988bc411134f63b16a3fc6969de996	-	-
http://urn.fi/URN:NBN:fi:au:slm:s675	a7501ff8ee0cfea0d9ef256e2679622c	-	-
http://urn.fi/URN:NBN:fi:au:slm:s677	78fc56778fec7bd6baa1f03a3e027f03	-	-
http://urn.fi/URN:NBN:fi:au:slm:s678	1840912bff8e2367f530ac767c76b2ac	-	-
http://urn.fi/URN:NBN:fi:au:slm:s68	c809c9c92d76582e240feb1ee200b709	-	-
http://urn.fi/URN:NBN:fi:au:slm:s680	873bb0acbdf859e3e4b8183eb9ea8a7f	-	-
http://urn.fi/URN:NBN:fi:au:slm:s681	5861c53d008673d099567b8cdf9a100a	-	-
http://urn.fi/URN:NBN:fi:au:slm:s682	c93753095cc90c1a1744089e439e635c	-	-
http://urn.fi/URN:NBN:fi:au:slm:s683	18821c246c27c0dd4d7954f0714c1ebe	-	-
http://urn.fi/URN:NBN:fi:au:slm:s684	46df1e2280a5cabb27792c0f0d653821	-	-
http://urn.fi/URN:NBN:fi:au:slm:s685	fd8041c8bf009fd24f669e5bb107f50e	-	-
http://urn.fi/URN:NBN:fi:au:slm:s686	a0264e9687cfe3c79e0eab693369e391	-	-
http://urn.fi/URN:NBN:fi:au:slm:s687	b776f27e311f910cfc8cdc503c0fd6c4	-	-
http://urn.fi/URN:NBN:fi:au:slm:s689	3f3499e1f6c51f7e36435b654e8b8273	-	-
http://urn.fi/URN:NBN:fi:au:slm:s69	7547e3cb6b9406bf60dd81abe1ad45ef	-	-
http://urn.fi/URN:NBN:fi:au:slm:s690	05dd77b6b9aa38a56ae0ffbebcbb5e7b	2019-03-22	-
http://urn.fi/URN:NBN:fi:au:slm:s691	a3de72a05f8ff519c921e961d0bc1b16	-	-
http://urn.fi/URN:NBN:fi:au:slm:s692	e5c466bc9612bb51b0cf18965dfcc53a	-	-
http://urn.fi/URN:NBN:fi:au:slm:s693	f9f312cecaaa172d7d254b626708acd4	-	-
http://urn.fi/URN:NBN:fi:au:slm:s694	04a59a600fb32326e579463a5257616f	-	-
http://urn.fi/URN:NBN:fi:au:slm:s695	21a8c09fa7e275e4bc80330ddb50ff99	-	-
http://urn.fi/URN:NBN:fi:au:slm:s696	2c497abe6896e6b197d327ba96506a7d	-	-
http://urn.fi/URN:NBN:fi:au:slm:s697	75cb28738aaeb835af47011f6483debc	-	-
http://urn.fi/URN:NBN:fi:au:slm:s698	b70c2792bf2fd946dcd9b1b3d035809a	-	-
http://urn.fi/URN:NBN:fi:au:slm:s699	148d8f40faadecb7f49c68edb39e04cb	-	-
http://urn.fi/URN:NBN:fi:au:slm:s7	059b20796c32d5cfb49019f6526f06a4	2019-09-05	-
http://urn.fi/URN:NBN:fi:au:slm:s70	359bae094916417b950cd2380a6a5e8a	-	-
http://urn.fi/URN:NBN:fi:au:slm:s700	a0f33b702bad56d32353a96d70499a2e	-	-
http://urn.fi/URN:NBN:fi:au:slm:s701	52a940e72d87b2fb348c34de8bd1f90f	-	-
http://urn.fi/URN:NBN:fi:au:slm:s702	591129b985b003ce829fdeddd3b00dd7	-	-
http://urn.fi/URN:NBN:fi:au:slm:s703	1be7069953cf3a89c32520f59f004b56	-	-
http://urn.fi/URN:NBN:fi:au:slm:s704	247e9142ec9162c464bf33011744285f	-	-
http://urn.fi/URN:NBN:fi:au:slm:s705	eb68bbbd0fe9964296c427738cdff8f9	-	-
http://urn.fi/URN:NBN:fi:au:slm:s706	44a338152f228d2d1107d8a02fe9b8f1	-	-
http://urn.fi/URN:NBN:fi:au:slm:s707	723f125e79116dc630773ba8f502dc98	-	-
http://urn.fi/URN:NBN:fi:au:slm:s708	f877e015e65b69360c15c24624c7808a	-	-
http://urn.fi/URN:NBN:fi:au:slm:s709	9c4f6812ea81f5f15fc3ce59786698c8	-	-
http://urn.fi/URN:NBN:fi:au:slm:s71	deda46768d6b7d941cc8ff7cc9fa8025	-	-
http://urn.fi/URN:NBN:fi:au:slm:s710	6f494fcb1eb7ddeff8796580022d343d	-	-
http://urn.fi/URN:NBN:fi:au:slm:s711	41cbb3806e2ff3fb974544a1cf829350	-	-
http://urn.fi/URN:NBN:fi:au:slm:s712	1becd1345c571d5cda7e63aafe5ac394	-	-
http://urn.fi/URN:NBN:fi:au:slm:s713	657eb94177cc9061dc7b573cc1ae8408	-	-
http://urn.fi/URN:NBN:fi:au:slm:s714	c6de153778c92ed652533539db10f7aa	-	-
http://urn.fi/URN:NBN:fi:au:slm:s715	b265ae113caed864e68fb5e1293c601a	-	-
http://urn.fi/URN:NBN:fi:au:slm:s716	9400b5127fc5c31d407ddb28e7105f47	-	-
http://urn.fi/URN:NBN:fi:au:slm:s717	419507c6539498cef1619584369e9298	-	-
http://urn.fi/URN:NBN:fi:au:slm:s718	33abf3e8eb761e7fd5a3325c55dafce9	-	-
http://urn.fi/URN:NBN:fi:au:slm:s719	a524e57a35a838cc182a21330e7f2db6	-	-
http://urn.fi/URN:NBN:fi:au:slm:s72	f4a02c4c3847604c16890e69e589c331	-	-
http://urn.fi/URN:NBN:fi:au:slm:s721	452f80195d2e41cc0aaa18c86370a9e0	-	-
http://urn.fi/URN:NBN:fi:au:slm:s722	79e79d5a6f77fca6e18cd6f3ea82156b	-	-
http://urn.fi/URN:NBN:fi:au:slm:s723	941557861bc0668b2dfdc36ede29a99f	-	-
http://urn.fi/URN:NBN:fi:au:slm:s724	ac57148afe9c0131048882c31a21cafe	-	-
http://urn.fi/URN:NBN:fi:au:slm:s725	e7927a9ce346fcdea0d0a4eb65a414c4	-	-
http://urn.fi/URN:NBN:fi:au:slm:s726	f364f92c7b3c5bfcf4f9329c2e49b82a	-	-
http://urn.fi/URN:NBN:fi:au:slm:s727	6ad2e49532859612adc9b5a0def1d8bd	-	-
http://urn.fi/URN:NBN:fi:au:slm:s728	b4d4574537067ef68d86791b93b66bd0	2019-11-09	-
http://urn.fi/URN:NBN:fi:au:slm:s729	8e78a3babc3a687d8166070c4e8af702	-	-
http://urn.fi/URN:NBN:fi:au:slm:s73	67033f1ceccc01c8cd3b93dbdfaffa43	-	-
http://urn.fi/URN:NBN:fi:au:slm:s730	25746088a8b01b8dd801fd465e88f67a	-	-
http://urn.fi/URN:NBN:fi:au:slm:s731	506b190b6770c0403c82f215e36f2d3d	-	-
http://urn.fi/URN:NBN:fi:au:slm:s732	c1f458a53896237a9453acae46c0dd0f	-	-
http://urn.fi/URN:NBN:fi:au:slm:s734	cdfc3eff4a69b05f21e76692217117b1	-	-
http://urn.fi/URN:NBN:fi:au:slm:s735	71c82fdcbc4f03e74829fd7a13213489	-	-
http://urn.fi/URN:NBN:fi:au:slm:s736	eecb36b06431d89c81a49efd529997ae	-	-
http://urn.fi/URN:NBN:fi:au:slm:s737	7002476834109aeea678fc4a583f4b8a	-	-
http://urn.fi/URN:NBN:fi:au:slm:s738	c5f7a4118e05b89ac06c75bf4de77942	-	-
http://urn.fi/URN:NBN:fi:au:slm:s739	4c5064f6194580d8f68fce84b5d781c0	-	-
http://urn.fi/URN:NBN:fi:au:slm:s74	64efff40e7dcb57571830a891b1378f0	-	-
http://urn.fi/URN:NBN:fi:au:slm:s740	8ac1e498b3f09ff4a2b90fbe0118322c	-	-
http://urn.fi/URN:NBN:fi:au:slm:s741	cc0aa46b453e598eb515a759b50d592d	-	-
http://urn.fi/URN:NBN:fi:au:slm:s742	00aa115c6e76ec1c39ae9990b4197487	-	-
http://urn.fi/URN:NBN:fi:au:slm:s743	2b630884beb66b727a2bd3e4f7977bac	-	-
http://urn.fi/URN:NBN:fi:au:slm:s744	f33adf1430216db7ce234f8d4bcb1199	-	-
http://urn.fi/URN:NBN:fi:au:slm:s746	19c7fd7e601900ad0b919ca0302edf20	-	-
http://urn.fi/URN:NBN:fi:au:slm:s747	7f1a72946c7c99bdd8acf23bf932732f	-	-
http://urn.fi/URN:NBN:fi:au:slm:s748	c420a1b8cf16baf4a2cc3b4d6787c0f8	-	-
http://urn.fi/URN:NBN:fi:au:slm:s749	e2fd937d5cfb82004a4feac6532cc4da	2019-09-06	-
http://urn.fi/URN:NBN:fi:au:slm:s75	0dcd2c5fd99b8a09defde8803bfdf18d	-	-
http://urn.fi/URN:NBN:fi:au:slm:s750	b5ad4612037daef8772d0e05bdcd9818	-	-
http://urn.fi/URN:NBN:fi:au:slm:s751	8e7c2d726f24127485880ffcb3d6eab6	-	-
http://urn.fi/URN:NBN:fi:au:slm:s752	886089e05eb2cc646553acc050a8ad57	-	-
http://urn.fi/URN:NBN:fi:au:slm:s753	fd4839a251ebeac01f7ba8622d0410dd	-	-
http://urn.fi/URN:NBN:fi:au:slm:s754	d8cf27e778f525f1b8559bcbe25ec981	-	-
http://urn.fi/URN:NBN:fi:au:slm:s755	070cd401458728e3110b69059b0ac9bd	2019-06-12	-
http://urn.fi/URN:NBN:fi:au:slm:s756	28dd4f15660e255c638645a8702924d1	-	-
http://urn.fi/URN:NBN:fi:au:slm:s757	966eedd901d990e1fc345487ea01fec4	-	-
http://urn.fi/URN:NBN:fi:au:slm:s758	9fe1ae476aab5d747d09a975a3d8e79e	-	-
http://urn.fi/URN:NBN:fi:au:slm:s759	f83052139b55bcdf0082de4659ce3342	-	-
http://urn.fi/URN:NBN:fi:au:slm:s76	2986bcbec88d4ed03ec808f940ee35f2	-	-
http://urn.fi/URN:NBN:fi:au:slm:s760	a3305a751686879ff4ce6c64cb368ad6	-	-
http://urn.fi/URN:NBN:fi:au:slm:s761	19f3c62550d8b9bf790f62e8e9f336a8	-	-
http://urn.fi/URN:NBN:fi:au:slm:s762	66593e884278b5025961793619240d5f	-	-
http://urn.fi/URN:NBN:fi:au:slm:s763	a8bfaaff8e1c14aa8bed4566fd5ffe5f	-	-
http://urn.fi/URN:NBN:fi:au:slm:s764	2bd1fc517a69c4d5eb3e30edc7308543	2019-03-29	-
http://urn.fi/URN:NBN:fi:au:slm:s765	fa1a92e6d044787889483182bae63769	-	-
http://urn.fi/URN:NBN:fi:au:slm:s766	3e9502f024eb9475214edb17bc1f5793	-	-
http://urn.fi/URN:NBN:fi:au:slm:s767	9906fc73438d84f3576eb5234ccf3931	-	-
http://urn.fi/URN:NBN:fi:au:slm:s768	2cceeb36dcf477840bc0a62d82165958	-	-
http://urn.fi/URN:NBN:fi:au:slm:s769	5411a69bd1f9fb2293d9fdc325e0d161	-	-
http://urn.fi/URN:NBN:fi:au:slm:s77	9ffb9bf9cc8b3eaffdc779d8fea76dd1	-	-
http://urn.fi/URN:NBN:fi:au:slm:s770	9415229d4ab9cb952d10d928c868beb6	-	-
http://urn.fi/URN:NBN:fi:au:slm:s771	80dd95ae9232b9f29912ec7adf13df21	-	-
http://urn.fi/URN:NBN:fi:au:slm:s772	272b6ee4212c231e2523cf3f11a034c1	2019-06-05	-
http://urn.fi/URN:NBN:fi:au:slm:s773	fcb9354efead0aace3720f5bd3f912c5	-	-
http://urn.fi/URN:NBN:fi:au:slm:s774	38db625b411b6dd24d4a3397f0756e23	-	-
http://urn.fi/URN:NBN:fi:au:slm:s775	cc67f2f8778bb915612da33f8a46ba46	2019-06-29	-
http://urn.fi/URN:NBN:fi:au:slm:s776	f830ad64bb436230f27af281559b388a	-	-
http://urn.fi/URN:NBN:fi:au:slm:s777	a96ba76590b0a98e04fac6bbb047768a	-	-
http://urn.fi/URN:NBN:fi:au:slm:s778	8f88d4ca432810f566c4aba0dca62877	-	-
http://urn.fi/URN:NBN:fi:au:slm:s779	61bc5e25e666e6c4025121995a3da2ed	-	-
http://urn.fi/URN:NBN:fi:au:slm:s78	ef35925f51b95808fbf1a7a3e9d5c2bd	-	-
http://urn.fi/URN:NBN:fi:au:slm:s780	bc9ea02af75ab9a42fff4378c2da3a72	-	-
http://urn.fi/URN:NBN:fi:au:slm:s781	919ec26e9f7d01ed9a058b51338c0f56	-	-
http://urn.fi/URN:NBN:fi:au:slm:s782	f5f29f41c92406a6804c5e0e9acc635d	-	-
http://urn.fi/URN:NBN:fi:au:slm:s783	7a4daa4209c113458cee095195e26fd4	-	-
http://urn.fi/URN:NBN:fi:au:slm:s784	81de5a9c284d506f71ef5c94dceaaec5	-	-
http://urn.fi/URN:NBN:fi:au:slm:s785	690a6657a542d880b2a0b9088dcff9ad	-	-
http://urn.fi/URN:NBN:fi:au:slm:s786	7019c92e38accdec65c60b9d886bfe0b	2019-02-23	-
http://urn.fi/URN:NBN:fi:au:slm:s787	938de112257cc0622a26771fecc296c5	-	-
http://urn.fi/URN:NBN:fi:au:slm:s788	bf86ae7b4da40ea4ae1cb7e235cf8e94	-	-
http://urn.fi/URN:NBN:fi:au:slm:s789	4401ce1cb9d167a86fd9d5293d8da9f6	-	-
http://urn.fi/URN:NBN:fi:au:slm:s79	e8a56195fa761c9145e8e3c405945f33	-	-
http://urn.fi/URN:NBN:fi:au:slm:s790	5e78105c9d002e914b83a61b1821d824	-	-
http://urn.fi/URN:NBN:fi:au:slm:s791	8873b3bf1b05e86525e136a63226b52a	-	-
http://urn.fi/URN:NBN:fi:au:slm:s792	f3c6cc4cca26355f25ba7d07bb69b9a5	-	-
http://urn.fi/URN:NBN:fi:au:slm:s793	bc1c6509c6fbb15be46c266ee6aa56b2	-	-
http://urn.fi/URN:NBN:fi:au:slm:s794	ce232c8e2e53017ec44c5e98ccad20a7	-	-
http://urn.fi/URN:NBN:fi:au:slm:s795	7d415f091a0137fe2da31c66567d8d4e	-	-
http://urn.fi/URN:NBN:fi:au:slm:s796	36f327b087b3bec66b583097712e6710	-	-
http://urn.fi/URN:NBN:fi:au:slm:s797	5df0132af673638d9f2255fcd968100d	-	-
http://urn.fi/URN:NBN:fi:au:slm:s798	53c96f7fed7fa6eb9bdca635945a3302	-	-
http://urn.fi/URN:NBN:fi:au:slm:s799	e56e6482e7ce02f224fd6faa74bcdfaa	-	-
http://urn.fi/URN:NBN:fi:au:slm:s8	89557da5724672805dc7538428efd2b9	-	-
http://urn.fi/URN:NBN:fi:au:slm:s80	55e912d30ee525d35341a6c72713c56a	-	-
http://urn.fi/URN:NBN:fi:au:slm:s800	fae6d79e4dcfebbf12d3747db3a86255	-	-
http://urn.fi/URN:NBN:fi:au:slm:s801	26badaed94ca714a0086f3f2516b8b2a	-	-
http://urn.fi/URN:NBN:fi:au:slm:s802	abe1f703fa29e6d9d80bda2ef354696c	-	-
http://urn.fi/URN:NBN:fi:au:slm:s803	9281fbb16deec3e4d5c64bbe8cfa4d8c	-	-
http://urn.fi/URN:NBN:fi:au:slm:s804	dd0ecc0dccf0def7454e0c246b43c065	-	-
http://urn.fi/URN:NBN:fi:au:slm:s805	e4c59f16c6227d6df0211c9465b7ccc4	-	-
http://urn.fi/URN:NBN:fi:au:slm:s806	684a87014f48830d679bb8d137ccf201	-	-
http://urn.fi/URN:NBN:fi:au:slm:s807	66e0d08f1b8011f95ded5e3c6d6c6d66	-	-
http://urn.fi/URN:NBN:fi:au:slm:s808	8bccc865744d610281473b1f8b3032e6	-	-
http://urn.fi/URN:NBN:fi:au:slm:s809	2cfff01cc7196c6a9ab54b9473c5d1b0	-	-
http://urn.fi/URN:NBN:fi:au:slm:s81	134b78fe1bffcc3136f93df68fa20e30	-	-
http://urn.fi/URN:NBN:fi:au:slm:s810	f8298f553c8df2dd93f5c090d037fe72	-	-
http://urn.fi/URN:NBN:fi:au:slm:s811	bbcad2fd933e892ee712bf7f121ad596	-	-
http://urn.fi/URN:NBN:fi:au:slm:s812	f1d769a78e1c15a00854909d0cb8845c	2019-11-09	-
http://urn.fi/URN:NBN:fi:au:slm:s813	43191dd1de999ca8eff621b55ea19641	2019-09-04	-
http://urn.fi/URN:NBN:fi:au:slm:s814	6954d858140f1dcbf7a8162a5a8198d3	-	-
http://urn.fi/URN:NBN:fi:au:slm:s815	a7dbede0caada2dddcc4519c64b838dd	-	-
http://urn.fi/URN:NBN:fi:au:slm:s816	c0a93cceb55b5a4bec39716d61ce4d2a	-	-
http://urn.fi/URN:NBN:fi:au:slm:s817	4d9828b4e6dac47dc3326f300bac2121	-	-
http://urn.fi/URN:NBN:fi:au:slm:s818	e53c9b33cd1f4c8d74816847af9869f7	-	-
http://urn.fi/URN:NBN:fi:au:slm:s819	be6419b54eac6ec5b93de85152d652ee	-	-
http://urn.fi/URN:NBN:fi:au:slm:s82	9c520dd6cedad6694b9c8d5d9491157b	-	-
http://urn.fi/URN:NBN:fi:au:slm:s820	3762c41be9c28225a0ba72ca191d05f8	-	-
http://urn.fi/URN:NBN:fi:au:slm:s821	a0f9263fde25e50bcbfb72d96f2af50a	-	-
http://urn.fi/URN:NBN:fi:au:slm:s822	d13a24af59bd3148d1404c9874efb36b	-	-
http://urn.fi/URN:NBN:fi:au:slm:s823	43ba5b64195cc2df863931dd65189e2c	-	-
http://urn.fi/URN:NBN:fi:au:slm:s824	bfae9b9c18250e909cb4bab86b6145d3	-	-
http://urn.fi/URN:NBN:fi:au:slm:s825	bff35097639a43e185234ec2a95b0b0e	-	-
http://urn.fi/URN:NBN:fi:au:slm:s826	c18017a69750910933b9cc250ef6146b	-	-
http://urn.fi/URN:NBN:fi:au:slm:s827	a4a562f3e787613c20f720aefe145d73	-	-
http://urn.fi/URN:NBN:fi:au:slm:s828	2b00058f39d3f5acea0bdf863ce4980f	2019-03-22	-
http://urn.fi/URN:NBN:fi:au:slm:s829	a38e3c31980440b4569a5fb8a362f9ba	-	-
http://urn.fi/URN:NBN:fi:au:slm:s83	4f4557a3ed8db4f9302fcbbffd4cca28	-	-
http://urn.fi/URN:NBN:fi:au:slm:s830	1f7839a540b923d10d0674f305b53e8c	-	-
http://urn.fi/URN:NBN:fi:au:slm:s831	83e54f20d524f8eb861ade1ce6ad5d5b	-	-
http://urn.fi/URN:NBN:fi:au:slm:s832	686df70f6469f1da7034827723d48455	-	-
http://urn.fi/URN:NBN:fi:au:slm:s833	1ca4ebf964a01135a54772df0499792c	2019-03-22	-
http://urn.fi/URN:NBN:fi:au:slm:s834	a970ebc486e4c790013b8f14bc5b3c4b	-	-
http://urn.fi/URN:NBN:fi:au:slm:s836	6dc1364de048b57dfa19fab7f22d2722	-	-
http://urn.fi/URN:NBN:fi:au:slm:s837	1514e4bfd2cbba631b02d9e6c856b8f7	-	-
http://urn.fi/URN:NBN:fi:au:slm:s839	4140906b8c59d00eaec1a6c18849d176	-	-
http://urn.fi/URN:NBN:fi:au:slm:s84	df8c9aad72fac30a2fb306ae5c88366c	-	-
http://urn.fi/URN:NBN:fi:au:slm:s840	dd05240a9be52bdddfdb74cef3a304a7	-	-
http://urn.fi/URN:NBN:fi:au:slm:s841	140bdb5aa785e70b32ea94cdbb44143d	-	-
http://urn.fi/URN:NBN:fi:au:slm:s842	a288954a5d4e08c6c0238b59fd93958e	-	-
http://urn.fi/URN:NBN:fi:au:slm:s843	d03a489ede4e64db976d176b6afb0c9f	-	-
http://urn.fi/URN:NBN:fi:au:slm:s844	84b73cf47592ef09560f57501a4866fe	-	-
http://urn.fi/URN:NBN:fi:au:slm:s845	2776d77ed5f5857d225dddbbad23d8f7	-	-
http://urn.fi/URN:NBN:fi:au:slm:s846	677aa866532e385c3dffdbde069595cf	-	-
http://urn.fi/URN:NBN:fi:au:slm:s847	f4aa07526df4e288a26b34440062ce4a	-	-
http://urn.fi/URN:NBN:fi:au:slm:s848	93213a40e7b65d3bc71332ed9ab1b4f8	-	-
http://urn.fi/URN:NBN:fi:au:slm:s849	ee786eb8599539bf660d33774a59d088	-	-
http://urn.fi/URN:NBN:fi:au:slm:s85	be5f61ae1ce64b25b9873f0b072e8a7e	-	-
http://urn.fi/URN:NBN:fi:au:slm:s850	5aaa50e7fc0689a3d6bbe0c8cc2d3796	2019-09-05	-
http://urn.fi/URN:NBN:fi:au:slm:s851	daa53fd85fd356ec4dd9abcc2ec18c58	-	-
http://urn.fi/URN:NBN:fi:au:slm:s853	5a281670549347a07d69efbc9047e9ce	-	-
http://urn.fi/URN:NBN:fi:au:slm:s854	22acc8193b751f6d259916a38ad1dd76	-	-
http://urn.fi/URN:NBN:fi:au:slm:s855	7f17827f071d52db8ed24a8124b25404	2019-03-22	-
http://urn.fi/URN:NBN:fi:au:slm:s856	61bf285e1b2853a6a9734c4d11610085	-	-
http://urn.fi/URN:NBN:fi:au:slm:s857	d69451b66b5612839a1295b287743140	-	-
http://urn.fi/URN:NBN:fi:au:slm:s858	31e05cc15ed9f9521db3108872760b5b	-	-
http://urn.fi/URN:NBN:fi:au:slm:s86	5163e9a67b76a49381ea2e742175fb82	-	-
http://urn.fi/URN:NBN:fi:au:slm:s860	8be97bda4830997f0800cb52594b34a3	-	-
http://urn.fi/URN:NBN:fi:au:slm:s862	94833bbc1863c5484a598c505f4111ec	-	-
http://urn.fi/URN:NBN:fi:au:slm:s863	d283b92c5789fdae7ff6ab21c43ec554	-	-
http://urn.fi/URN:NBN:fi:au:slm:s864	2592bce71a6158c4c65520772a9eb240	-	-
http://urn.fi/URN:NBN:fi:au:slm:s865	67f1993eb282ef1c79254561524dc024	-	-
http://urn.fi/URN:NBN:fi:au:slm:s868	4536d8af7fad44fd1b0671574d6b1dae	-	-
http://urn.fi/URN:NBN:fi:au:slm:s869	6246cbf45950b8a93a6225d323f5ac12	-	-
http://urn.fi/URN:NBN:fi:au:slm:s87	999afd194edd48f7a5c27436eeebb2da	-	-
http://urn.fi/URN:NBN:fi:au:slm:s870	9500b5aa54e28951947b1b95a0d20cb8	-	-
http://urn.fi/URN:NBN:fi:au:slm:s871	9050edf21c6778cd3aa2b3f4841f081b	-	-
http://urn.fi/URN:NBN:fi:au:slm:s872	14e3f4eab49630d2346011812afdb83c	-	-
http://urn.fi/URN:NBN:fi:au:slm:s873	4aa71ac8110ef93a52a5f341dc53ab5e	-	-
http://urn.fi/URN:NBN:fi:au:slm:s874	6de3b8df9e9a6cf217da63c09c048155	-	-
http://urn.fi/URN:NBN:fi:au:slm:s875	b4ee4598fcdd37c608c8825d5bde7d09	-	-
http://urn.fi/URN:NBN:fi:au:slm:s876	2b56f861b204004343d725e479c7669c	-	-
http://urn.fi/URN:NBN:fi:au:slm:s877	7f6261447f00a6fe3e25157ac6a94c42	-	-
http://urn.fi/URN:NBN:fi:au:slm:s878	722d578b365b95af44dd1511f7276cc8	-	-
http://urn.fi/URN:NBN:fi:au:slm:s88	787a9e18aae35e704bddf70d0cf3ba52	-	-
http://urn.fi/URN:NBN:fi:au:slm:s880	68b377b462bd30b30999b5e19e9e92a3	-	-
http://urn.fi/URN:NBN:fi:au:slm:s881	6ea3be62297edc31ad5238db7a0d4696	-	-
http://urn.fi/URN:NBN:fi:au:slm:s882	205e3ff6ffda2aef1a8308a833e042bc	-	-
http://urn.fi/URN:NBN:fi:au:slm:s883	619b00f2c0e10548321295da8fa295a9	-	-
http://urn.fi/URN:NBN:fi:au:slm:s884	589febb84b3d9b81e3f38d6b452df057	-	-
http://urn.fi/URN:NBN:fi:au:slm:s885	94be9b68b82e5188d4d5b89fd6edda3f	2019-09-04	-
http://urn.fi/URN:NBN:fi:au:slm:s886	b2867f89be98bbf6ed0a57a4894d9465	2019-09-06	-
http://urn.fi/URN:NBN:fi:au:slm:s887	b90607389b43ccbfe335b0b6675ec26f	-	-
http://urn.fi/URN:NBN:fi:au:slm:s888	1915835afcda302711f2f2c8dbd296b4	2019-09-06	-
http://urn.fi/URN:NBN:fi:au:slm:s889	8c4169b647f0c6b540b68e30444f64f1	-	-
http://urn.fi/URN:NBN:fi:au:slm:s89	321e073ee21da150b16da6ceddcee8d3	2019-09-05	-
http://urn.fi/URN:NBN:fi:au:slm:s890	a8f5485fb1a54a2b2b7002bda504433f	-	-
http://urn.fi/URN:NBN:fi:au:slm:s891	87c285f36606940c92b4191dbb7a3f17	-	-
http://urn.fi/URN:NBN:fi:au:slm:s892	60a44a594231b284e7823a72d53777a6	-	-
http://urn.fi/URN:NBN:fi:au:slm:s893	3d4faaaab251823a6d00bec873e09c40	-	-
http://urn.fi/URN:NBN:fi:au:slm:s894	5fdceaa3a4e6b6796203b83554d62541	-	-
http://urn.fi/URN:NBN:fi:au:slm:s895	65d27de65767187b9d5aaf4991bc1f4f	-	-
http://urn.fi/URN:NBN:fi:au:slm:s896	7689ef5ac4e3981a262c8126e8e97c26	-	-
http://urn.fi/URN:NBN:fi:au:slm:s897	f1d3d4f27bc13d69a62e02c3de9dd8bc	-	-
http://urn.fi/URN:NBN:fi:au:slm:s898	e9e079b772aeb0433466bb714139938c	-	-
http://urn.fi/URN:NBN:fi:au:slm:s899	d4f57b7b37271f098b2e2194e8f2e566	-	-
http://urn.fi/URN:NBN:fi:au:slm:s9	4a7c929d37ef110fc7b024ef30f1a456	-	-
http://urn.fi/URN:NBN:fi:au:slm:s90	85de19c8a7c219852e6948d3e31985bd	-	-
http://urn.fi/URN:NBN:fi:au:slm:s900	2e0b1e7825ce7a3a43223aa956d21cbb	-	-
http://urn.fi/URN:NBN:fi:au:slm:s901	717a25542874fa35c6972413d632ce57	-	-
http://urn.fi/URN:NBN:fi:au:slm:s902	6aa610486ca66eb617ff08359595268f	-	-
http://urn.fi/URN:NBN:fi:au:slm:s903	7f81448875cb4ecd654126daeed72976	-	-
http://urn.fi/URN:NBN:fi:au:slm:s904	24dd2e577ad2781dcaffe8576c1b020e	-	-
http://urn.fi/URN:NBN:fi:au:slm:s905	0c74db976506d7713d2e2b46af60ac10	-	-
http://urn.fi/URN:NBN:fi:au:slm:s906	96bea7b953db48dba4f624f55797d1fc	2019-11-09	-
http://urn.fi/URN:NBN:fi:au:slm:s907	2bf87026066613dfa4790b8f91e99e59	-	-
http://urn.fi/URN:NBN:fi:au:slm:s908	d97f9784ca33a1cafec1a524ca6e0695	-	-
http://urn.fi/URN:NBN:fi:au:slm:s909	767ae774a462144124665ea5a572d601	2019-09-04	-
http://urn.fi/URN:NBN:fi:au:slm:s91	1ae83219d562934d77b6c26938919cd7	-	-
http://urn.fi/URN:NBN:fi:au:slm:s910	ac0dcd582eb89f444ce05adeb3e3c0c1	-	-
http://urn.fi/URN:NBN:fi:au:slm:s911	0a388be684095695609df8b02fcef3d6	-	-
http://urn.fi/URN:NBN:fi:au:slm:s912	b13961e1804a91ba53dcb6558e9a6a95	-	-
http://urn.fi/URN:NBN:fi:au:slm:s913	786cb7ffd09a45373faf94378d712e58	-	-
http://urn.fi/URN:NBN:fi:au:slm:s914	e11be65731c729d5b79028852d74ec5c	-	-
http://urn.fi/URN:NBN:fi:au:slm:s915	defe9bd3776c8f3e857b5576967deea0	-	-
http://urn.fi/URN:NBN:fi:au:slm:s916	5ee7571b000f5ba110ebe9b0b2cd464a	-	-
http://urn.fi/URN:NBN:fi:au:slm:s917	6745c5d0cd24faa1ae2af88b9f166ec8	-	-
http://urn.fi/URN:NBN:fi:au:slm:s918	96c47467651c4165e1384fea56a01756	-	-
http://urn.fi/URN:NBN:fi:au:slm:s919	9e06ab64ccfbd10a50137fdf5925671e	-	-
http://urn.fi/URN:NBN:fi:au:slm:s92	bbbf9e414b674c816bcc9a5b3cf2cb6b	-	-
http://urn.fi/URN:NBN:fi:au:slm:s920	acfe1fac79d2cf976360011ef9757f7d	-	-
http://urn.fi/URN:NBN:fi:au:slm:s921	285330d9377354a4640589a564005497	-	-
http://urn.fi/URN:NBN:fi:au:slm:s922	e4dfcb53999f641a219cbca5144a82cc	2019-06-11	-
http://urn.fi/URN:NBN:fi:au:slm:s923	8b6675e3565d9e62c2a4d909568d241a	-	-
http://urn.fi/URN:NBN:fi:au:slm:s924	1707954b30aa0a2c63309fa006aa0ed0	-	-
http://urn.fi/URN:NBN:fi:au:slm:s925	39f038a760af634404467bc92ca8d09a	-	-
http://urn.fi/URN:NBN:fi:au:slm:s926	14daeb9d6dbc7bbd8d86332073a1bf66	-	-
http://urn.fi/URN:NBN:fi:au:slm:s927	5997f71ddd1650505151b2464fa657b6	-	-
http://urn.fi/URN:NBN:fi:au:slm:s928	f4c42ffbd01356bcd56960a4e30c4066	2019-07-13	-
http://urn.fi/URN:NBN:fi:au:slm:s929	af598cd240c0ec3e96c19fd1c69dfbe3	-	-
http://urn.fi/URN:NBN:fi:au:slm:s93	6b017f01e902c77d4bc7ed3846e5a74a	-	-
http://urn.fi/URN:NBN:fi:au:slm:s930	ba31c519be2537c8796fdbbce55b2a18	-	-
http://urn.fi/URN:NBN:fi:au:slm:s931	7780b30cd22e4626a2288f72fe747d27	-	-
http://urn.fi/URN:NBN:fi:au:slm:s932	12b07f6a3a9f969b6ab60ddbb9d0f562	-	-
http://urn.fi/URN:NBN:fi:au:slm:s933	66a54b45139de78ec984a5443309ac17	-	-
http://urn.fi/URN:NBN:fi:au:slm:s934	dd92528a137f3e335815169ccfd32e50	-	-
http://urn.fi/URN:NBN:fi:au:slm:s935	53c5007a4b94b0b167de5e034c1db4ff	-	-
http://urn.fi/URN:NBN:fi:au:slm:s936	11ea844677ee0afcfd1e470ceac8fa3a	-	-
http://urn.fi/URN:NBN:fi:au:slm:s937	461caab008ed87ac6053dd701230a19c	-	-
http://urn.fi/URN:NBN:fi:au:slm:s938	5904fa33ed39bce9e1d4c1f5b03c4eef	-	-
http://urn.fi/URN:NBN:fi:au:slm:s939	28c0321484a1b736b17c17a356c207f1	-	-
http://urn.fi/URN:NBN:fi:au:slm:s94	6777f24269d946f4143736c2af8658ad	-	-
http://urn.fi/URN:NBN:fi:au:slm:s940	a9382d0a2d252a35a5f54b87fa6f7dae	-	-
http://urn.fi/URN:NBN:fi:au:slm:s942	dbaacfb66054985cdb46d59f4e3572b2	-	-
http://urn.fi/URN:NBN:fi:au:slm:s943	565baeb9f1bf883ba804799bb042e4c8	-	-
http://urn.fi/URN:NBN:fi:au:slm:s944	9ac915934732c391330940e028dd3a11	-	-
http://urn.fi/URN:NBN:fi:au:slm:s945	04ada9088bbf5ce138bbee553f0c527c	2019-06-12	-
http://urn.fi/URN:NBN:fi:au:slm:s946	5f5c3ae2bf06029db2df6363d994d3ee	-	-
http://urn.fi/URN:NBN:fi:au:slm:s948	89d4ae31a88b09e09f819f59f57f81c6	-	-
http://urn.fi/URN:NBN:fi:au:slm:s949	dbf2a3d7324f0e99d35d5e65dcdfd943	-	-
http://urn.fi/URN:NBN:fi:au:slm:s95	34550ee162fd3531921237e81cd21d4f	-	-
http://urn.fi/URN:NBN:fi:au:slm:s950	1b64b978059167f313cc97f10ff84b1b	2019-09-05	-
http://urn.fi/URN:NBN:fi:au:slm:s951	5dcc19743ba3acba2e6899b763d48636	-	-
http://urn.fi/URN:NBN:fi:au:slm:s952	462b78c3499c7185fe0c2d013dc2ade8	-	-
http://urn.fi/URN:NBN:fi:au:slm:s953	7f1758dc7ceba35e85707abc137e4b77	-	-
http://urn.fi/URN:NBN:fi:au:slm:s954	bf1d4da6d5a8c3ee59e20912771b51db	-	-
http://urn.fi/URN:NBN:fi:au:slm:s955	08998a8120f389b8b01c64d892d54e03	-	-
http://urn.fi/URN:NBN:fi:au:slm:s956	19d2f09fee53a7f933415e182aa9ff4d	-	-
http://urn.fi/URN:NBN:fi:au:slm:s957	733c41cdc1d3dec7b4444b8474eef10a	-	-
http://urn.fi/URN:NBN:fi:au:slm:s958	ec54ac5bf08ab1e30ad166101f95dceb	-	-
http://urn.fi/URN:NBN:fi:au:slm:s959	ada074e7a5007d2c2fcaf4aedc7f7306	-	-
http://urn.fi/URN:NBN:fi:au:slm:s96	6df465c99ec037b46e2e51baf3e01967	2019-11-09	-
http://urn.fi/URN:NBN:fi:au:slm:s960	36882ffb6013c266b7414b8f824ceed5	-	-
http://urn.fi/URN:NBN:fi:au:slm:s961	585d6a90e3d269e69002fa165a4fb574	-	-
http://urn.fi/URN:NBN:fi:au:slm:s963	97651ba690dbc928b581645abb081784	2019-06-11	-
http://urn.fi/URN:NBN:fi:au:slm:s964	6e227c388f39ae88f9ae1efd0f3c3f0b	-	-
http://urn.fi/URN:NBN:fi:au:slm:s965	3bb1432cb563aa23b552d9433fd70cfa	-	-
http://urn.fi/URN:NBN:fi:au:slm:s966	de09ed0803781d165effffd08ea2bc81	-	-
http://urn.fi/URN:NBN:fi:au:slm:s967	abb01e04cf03727b8449722374c5d0da	-	-
http://urn.fi/URN:NBN:fi:au:slm:s968	2198107a552b24fb4cfb32399e7cbebf	-	-
http://urn.fi/URN:NBN:fi:au:slm:s969	30504cbe6eb4426b9f7dddc5b95e979a	-	-
http://urn.fi/URN:NBN:fi:au:slm:s97	f4651345df34fbf9c9ce58f38edf5379	-	-
http://urn.fi/URN:NBN:fi:au:slm:s970	e3598854e5457d1f119ad5d52d91d253	-	-
http://urn.fi/URN:NBN:fi:au:slm:s971	830f90358b0ca11b3413d9bc3b486b6d	2019-05-23	-
http://urn.fi/URN:NBN:fi:au:slm:s972	9775b74caf2fdf8fc68094e1e302d383	2019-09-06	-
http://urn.fi/URN:NBN:fi:au:slm:s973	628557bbfbff218e8e41cfeeb582e468	-	-
http://urn.fi/URN:NBN:fi:au:slm:s974	db3472aae4d3347867904cdec148579f	-	-
http://urn.fi/URN:NBN:fi:au:slm:s975	2e9df9796e2572f310350bea79c13952	2019-09-05	-
http://urn.fi/URN:NBN:fi:au:slm:s976	b6e9a309a45596cca46f227b2c7fa366	-	-
http://urn.fi/URN:NBN:fi:au:slm:s977	9d7ec69ec38b5d81be94e2520f7f8718	-	-
http://urn.fi/URN:NBN:fi:au:slm:s978	0358dadb05fafe74e3135e716291ee75	2019-09-06	-
http://urn.fi/URN:NBN:fi:au:slm:s979	0bb2fd50f6a66fa0fb3e4ccbfb8cd195	-	-
http://urn.fi/URN:NBN:fi:au:slm:s98	61285bb5a5f317d1f0fd41178e41f068	-	-
http://urn.fi/URN:NBN:fi:au:slm:s980	1cd5f83a1c245fb2de2f9b02c36d6d26	-	-
http://urn.fi/URN:NBN:fi:au:slm:s981	2d15a7fa22036ffda387d8bb1c2ba6c4	-	-
http://urn.fi/URN:NBN:fi:au:slm:s982	55fa5c4694e648cc0a6df17757b6e78c	2019-06-12	-
http://urn.fi/URN:NBN:fi:au:slm:s983	24ae5a82676c053b9ea215513453a688	-	-
http://urn.fi/URN:NBN:fi:au:slm:s984	dccbb4d2bc57d4a1ca4e51254cf29d4c	-	-
http://urn.fi/URN:NBN:fi:au:slm:s985	17d40e8791cd7a7ca9d5a422cc84bdf9	-	-
http://urn.fi/URN:NBN:fi:au:slm:s986	1971e1efa63496271012d9511be3a4d5	-	-
http://urn.fi/URN:NBN:fi:au:slm:s987	bcf815452ef79d8850a0f59d5351413a	-	-
http://urn.fi/URN:NBN:fi:au:slm:s988	02df812236bcd9a59698716be285d7fc	-	-
http://urn.fi/URN:NBN:fi:au:slm:s989	2ecd7d2a12e51f6b1040e413110eb7cd	-	-
http://urn.fi/URN:NBN:fi:au:slm:s99	14f35d91a775a8b973d692f7b6f84933	-	-
http://urn.fi/URN:NBN:fi:au:slm:s990	bd0b9643b2717aaa66d525ba29d04a50	-	-
http://urn.fi/URN:NBN:fi:au:slm:s992	12ac6bf57a7dd5ea22c551e4e47042e9	-	-
http://urn.fi/URN:NBN:fi:au:slm:s993	b4e75a31a0b1776b39cd1ca5f202b919	-	-
http://urn.fi/URN:NBN:fi:au:slm:s994	417a5c399e87beb7320d66c9b9342013	-	-
http://urn.fi/URN:NBN:fi:au:slm:s995	a1e81a6f7980b19d1090e7043cb89618	-	-
http://urn.fi/URN:NBN:fi:au:slm:s996	ab9c81f0b2268f1e92740cc7dfb28640	-	-
http://urn.fi/URN:NBN:fi:au:slm:s997	47882f34afe9a0339b5e5cd52273de48	-	-
http://urn.fi/URN:NBN:fi:au:slm:s998	8c4694b8ffe0f0ab7447555a648fcd05	-	-
http://urn.fi/URN:NBN:fi:au:slm:s999	ad5a28f5c2f72de55ed3d3ef14b9b95b	2019-03-22	-
