IPTC-sanasto v2.1 3/2011. Lähde: IPTC NewsCodes http://cv.iptc.org/newscodes/subjectcode,,,,,
,,,,,
01000000,,,,Taide Kulttuuri Viihde,Ihmisten luova toiminta ja henkisten kykyjen ja saavutusten kehittäminen.
,01001000,,,Arkeologia,
,01002000,,,Arkkitehtuuri,
,01003000,,,Härkätaistelut,
,01004000,,,Kulttuuritapahtumat,"Myös usean taiteenalan tapahtumat, esim. Helsingin juhlaviikot"
,01005000,,,Elokuva ,
,,01005001,,Elokuvajuhlat,"Kansalliset ja kansainväliset elokuvajuhlat ja festivaalit, niiden valinnat, valintaraadit, ehdokkuudet ja palkinnot"
,01006000,,,Tanssitaide,
,01007000,,,Muoti,"Muotitalot, muodin luominen ja suunnittelu, haute couture Vaatteiden ja asusteiden suunnittelu"
,,01007001,,Korut,Korut asusteina
,01008000,,,Kielet,
,01009000,,,Kirjastot Museot Arkistot,
,01010000,,,Kirjallisuus,
,,01010001,,Kaunokirjallisuus,Tavallisesti kirjailijan luovaan mielikuvitukseen perustuva suorasanainen kertomakirjallisuus
,,01010002,,Runous,"Kaunokirjallisuuden runomuotoinen ilmaisu, rakenne ja muodot"
,01011000,,,Musiikki,
,,01011001,,Klassinen musiikki,Klassisia rytmi- ja harmoniarakenteita noudattava musiikki
,,01011002,,Kansanmusiikki,"Kansallinen, usein tarinoiva perinnemusiikki"
,,01011003,,Jazz,"Monimuotoisia, usein improvisoituja sointuja käyttävä musiikki"
,,01011004,,Populaarimusiikki,Suosittu viimeisten muotivirtausten mukainen musiikki
,,01011005,,Country,"Pohjoisamerikkalainen kansanmusiikki, kertoo usein lemmenkaipuusta ja -menetyksestä"
,,01011006,,Rock,1950-luvulla syntynyt populaari tanssimusiikki
,,01011007,,Hiphop,
,01012000,,,Maalaustaide,
,01013000,,,Valokuvaus,
,01014000,,,Radio,Radion sisällöntuotanto
,01015000,,,Kuvanveisto,"Saven, kiven, puun, metallin ja muiden materiaalien käyttö taiteellisen ilmaisun välineenä"
,,01015001,,Veistokset,Käsin muotoillun taiteen eri muodot ja installaatiot
,01016000,,,Televisio,Television sisällöntuotanto
,,01016001,,Saippuaoopperat,
,01017000,,,Teatteri,
,,01017001,,Musiikkiteatteri,"Ooppera, operetti, revyy, musikaali jne."
,01018000,,,Kulttuuriperintö,
,01019000,,,Perinne Tapakulttuuri,
,01020000,,,Taiteet yleistä,
,01021000,,,Viihde yleistä,
,,01021001,,Viihdealan palkinnot,
,01022000,,,Kulttuuri yleistä,
,,01022001,,Kulttuurihistoria,Taiteen ja kulttuurin kehittymisen historia
,01023000,,,Yökerhoviihde,
,01024000,,,Sarjakuvat Pilakuvat,
,01025000,,,Animaatio,
,01026000,,,Joukkoviestintä,"Televisio, radio, aikakausilehdet, sanomalehdet jne."
,,01026001,,Aikakauslehdet,"Kirjallinen materiaali, jota julkaistaan toistuvasti viikoittain tai harvemmin"
,,01026002,,Sähköinen tiedonvälitys,"Sähköisten välineiden, esim. television ja radion sisällöntarjonta"
,,01026003,,Sanomalehdet,"Päivittäin tai harvemmin ilmestyvät julkaisut, joissa on ajankohtaisia uutisia, reportaaseja ja sarjakuvia"
,,01026004,,Katsaukset,"Kriittiset elokuva-, teatteri- ja kirjallisuuskatsaukset"
,01027000,,,Taide ja viihde Internetissä,
,01028000,,,Historia,
02000000,,,,Laki Oikeus Rikokset,"Yhteiskunnan käyttäytymissääntöjen luominen ja/tai niiden ilmituominen. Näiden sääntöjen toimeenpano, niiden rikkominen ja rikkojien rankaiseminen. Näissä toimissa mukana olevat järjestöt ja elimet."
,02001000,,,Rikokset,
,,02001001,,Henkirikokset,
,,02001002  ,,atk-rikokset,Tietokoneen avulla tehdyt rikokset
,,02001003,,Varallisuusrikokset,"Murrot, petokset, ryöstöt, vahingonteot, varkausrikokset (sis. kavallukset ja luvattomat käyttöönotot)"
,,02001004,,Huumausainerikokset,Huumaavien aineiden välitys 
,,02001005,,Seksuaalirikokset,Seksuaalinen väkivalta 
,,02001006,,Väkivaltarikokset,"Väkivaltarikokset yleisesti: pahoinpitelyt, riidat, tappelut ja uhkaava käyttäytyminen"
,,02001007,,Ihmisryöstöt,"Kidnappaukset, sieppaukset"
,,02001008,,Tuhopoltot,Tahallinen tulipalon sytyttäminen 
,,02001009,,Jengirikollisuus,
,,02001010,,Terrorismi,
,02002000,,,Oikeuslaitos,
,,02002001,,Asianajajat,"Lainopillisen koulutuksen saaneet, kuten asianajajat, lainopilliset neuvonantajat, notaarit. "
,,02002002,,Tuomarit,
,,02002003,,Tuomioistuinten virkamiehet,"Kirjurit, kanslistit, haastemiehet, voudit, pikakirjoittajat jne. "
,02003000,,,Poliisi,
,,02003001,,Laillisuusvalvonta,
,,02003002,,Poliisitutkinta,
,,02003003,,Pidättäminen,
,02004000,,,Rangaistukset,
,,02004001,,Sakko,Sis. myös rikemaksut
,,02004002,,Kuolemanrangaistus Teloitus,
,02005000,,,Vankilat,
,02006000,,,Lait,
,,02006001,,Rikoslainsäädäntö,
,,02006002,,Siviililainsäädäntö,
,02007000,,,Oikeusturva,
,,02007001,,Perusoikeudet,Kansalaisen perusoikeudet
,02008000,,,Oikeudenkäynti,
,,02008001,,Riita-asiat,"Riidanalaisten asioiden vienti oikeuteen, siviiliprosessit"
,,02008002,,Sovittelu,Riidanlaisten asioiden sopiminen neuvottelemalla. 
,,02008003,,Oikeudenkäynnin valmistelu,"Oikeudenkäyntiä edeltävät tapahtumat: vetoomukset, takuut, aloitteet,pantit jne. "
,02009000,,,Syyttäjälaitos,
,,02009001,,Syytetyt,
,,02009002,,Todistajat,
,02010000,,,Järjestäytynyt rikollisuus,"Jengien ja rikollisryhmien huume-, prostituutio-, salakuljetus-, talous-, ja väkivaltarikollisuus "
,02011000,,,Kansainväliset lait,
,,02011001,,Kansainväliset tuomioistuimet,"Euroopan ihmisoikeustuomioistuin, Haagin sotarikostuomioistuin jne. "
,,02011002,,Rikoksentekijän luovutus,Rikollisten ja rikoksista epäiltyjen luovutus valtiosta toiseen.  
,02012000,,,Organisaatiorikokset,
,,02012001,,Petos,
,,02012002,,Kavallus,
,,02012003,,Kilpailurajoitukset,
,,02012004,,Sopimusrikokset,
,,02012005,,Kartellirikokset,
,,02012006,,Korruptio,
,,02012007,,Lahjonta,"Maksut ja etuudet, joilla yritetään vaikuttaa oikeudenkäynteihin tai niiden aloittamiseen. "
,02013000,,,Sotarikokset,"Sodan ja konfliktin aikana tehdyt, erityisesti siviileihin ja sotavankeihin kohdistuvat, rikokset sekä tälläisistä rikoksista syyttäminen. "
,02014000,,,Kuolemansyyntutkinta,
,02015000,,,Tutkinta,
,02016000,,,Kuuleminen,
03000000,,,,Onnettomuudet,"Ihmisten aiheuttamat tapahtumat tai luonnonilmiöt, joiden johdosta kuolee tai vammautuu eläviä olentoja tai jotka johtavat omaisuuden vahingoittumiseen."
,03001000,,,Kuivuus,
,03002000,,,Maanjäristykset,
,03003000,,,Nälänhätä,
,03004000,,,Tulipalot ,
,03005000,,,Tulvat ,
,03006000,,,Teollisuusonnettomuudet,
,,03006001,,Rakennesortumat,"Rakennuksen, sillan tai muun rakennelman sortuminen"
,03007000,,,Säätuhot,Säästä johtuvat ja säähän liittyvät onnettomuudet
,,03007001,,Myrskyt,"Kovan tuulen aiheuttamat tuhoisat myrskyt, ei hurrikaanit."
,03008000,,,Ydinonnettomuudet,
,03009000,,,Ympäristöonnettomuudet,
,03010000,,,Liikenneonnettomuudet,
,,03010001,,Tieliikenneonnettomuudet,Moottoriajoneuvo- ja kevyen liikenteen onnettomuudet
,,03010002,,Raideliikenneonnettomuudet,"Juna-, metro- ja raitiovaunuonnettomuudet"
,,03010003,,Lento-onnettomuudet,"Siviili- ja sotilaskoneonnettomuudet, kuumailmapallo- ilmalaivaonnettomuudet"
,,03010004,,Vesiliikenneonnettomuudet,"Haaksirikot, karilleajot, laiva- vene- ja sukellusveneonnettomuudet"
,03011000,,,Tulivuorenpurkaukset,
,03012000,,,Pelastusjärjestöt,
,03013000,,,Tapaturmat,
,03014000,,,Onnettomuudet yleistä,
,,03014001,,Räjähdysonnettomuudet,
,03015000,,,Katastrofit,"Vakava tai äkillinen, laaja onnettomuus SELITYSLISÄYS?"
,,03015001,,Luonnononnettomuudet,Tuhoisat luonnononnettomuudet
,,03015002,,Lumivyöryt Maanvyörymät,Äkillinen lumen tai maa-aineksen vyöryminen.
,03016000,,,Onnettomuuksien ehkäisy ,
,03017000,,,Pelastustoiminta,
04000000,,,,Talous,"Vaurauden ja varallisuuden suunnitteluun, tuottamiseen ja vaihtoon liittyvät asiat."
,04001000,,,Maatalous Metsätalous,
,,04001001,,Peltoviljely,Sisältää puutarhatalouden.
,,04001002,,Kalatalous,
,,04001003,,Metsätalous,
,,04001004,,Karjatalous,Sisältää porotalouden.
,,04001005,,Viininviljely,
,,04001006,,Vesiviljely,Kasvien tai eläinten kasvattaminen vedessä ihmisten käyttöön.
,04002000,,,Kemianteollisuus,
,,04002001,,Bioteollisuus,
,,04002002,,Lannoitteet,
,,04002003,,Hygieniatuotteet Kosmetiikka,
,,04002004,,Epäorgaaniset kemikaalit,
,,04002005,,Orgaaniset kemikaalit,Muovit ja maalit
,,04002006,,Lääketeollisuus,
,,04002007,,Synteettiset tuotteet Muovituotteet,"Synteettinen kumi, tekokuidut, muovit, hartsit"
,04003000,,,Tietotekniikka,
,,04003001,,Tietokoneet Laitteistot,
,,04003002,,Tietoverkot,
,,04003003,,Satelliittiteknologia,
,,04003004,,Puolijohteet Komponentit,
,,04003005,,Ohjelmistot,
,,04003006,,Tietoliikennelaitteet,"Mm. faksit, lankapuhelimet, modeemit"
,,04003007,,Tietoliikennepalvelut,
,,04003008,,Tietoturva,
,,04003009,,Langaton teknologia,Mm. matkapuhelimet
,04004000,,,Rakentaminen Kiinteistöt,
,,04004001,,Maarakennus Teollisuusrakennus Vesirakennus,
,,04004002,,Talonrakennus,
,,04004003,,Kiinteistökauppa,
,,04004004,,Maatilat ,
,,04004005,,Maan hinta,"Maan hinta erityisesti kaupalliseen tarkoitukseen, asumiskäyttöön tai viljelyyn sopivilla alueilla "
,,04004006,,Kiinteistöjen kunnostus ,"Kiinteistöjen ym kunnostus entiselle paremmalle tasolleen puhdistamalla, korjaamalla tai uudelleen rakentamalla."
,,04004007,,Tekninen palvelu ja suunnittelu,"Teiden, toimistojen, tehtaiden jne. muotoilu ja suunnittelu tekijöinä insinöörit, arkkitehdit ym "
,04005000,,,Energia Raaka-aineet,
,,04005001,,Vaihtoehtoiset energialähteet,
,,04005002,,Hiili,
,,04005003,,Öljyn ja kaasun jalostus,
,,04005004,,Öljyn ja kaasun etsintä ja tuotanto,
,,04005005,,Ydinvoima,
,,04005006,,Sähköntuotanto Sähkönjakelu,
,,04005007,,Jätehuolto Päästöjen valvonta,
,,04005008,,Vesivarat ,
,,04005009,,Muut energiavarat,
,,04005010,,Energia yleistä,
,,04005011,,Maakaasu,Enimmäkseen metaania sisältävä luonnossa esiintyvä ja  maasta saatava  helposti syttyvä kaasu.
,,04005012,,Bensiini,Nestemäinen öljynjalostustuote jota käytetään ajoneuvojen moottorien polttoaineena.
,,04005013,,Dieselöljy,"Bensiiniä raskaampi raakaöljyn jalostustuote, jota käytetään dieselmoottorien polttoaineena."
,,04005014,,Kerosiini,"Kerosiini on petroli, jota käytetään lentokoneiden suihkuturbiinien polttoaineena. Öljylampuissa käytettävä valopetroli on myös kerosiinia. "
,04006000,,,Rahoituspalvelut Liike-elämän palvelut,
,,04006001,,Kirjanpito Tilintarkastus,
,,04006002,,Pankkitoiminta,
,,04006003,,Konsultointi,
,,04006004,,Työnvälitys,
,,04006005,,Terveydenhoitopalvelut,
,,04006006,,Vakuutustoiminta,
,,04006007,,Lakipalvelut,
,,04006008,,Markkinatutkimus,
,,04006009,,Arvopaperivälitys,
,,04006010,,Piensijoittaminen,
,,04006011,,Kuluttajakäyttäytyminen,
,,04006012,,Kuljetuspalvelut,
,,04006013,,Yksityiset palvelut,"Esim. kampaamot, hoitolat jne."
,,04006014,,Kiinteistöhuolto,
,,04006015,,Hautauspalvelut,
,,04006016,,Vuokraamot,"Esim. autovuokraamot, pukuvuokraamot, työkaluvuokraamot"
,,04006017,,Hääpalvelut,
,,04006018,,Henkilökohtainen talous ,Yksityisen ihmisen oma talous:  tulot ja menot.
,,04006019,,Ansiotulot,
,,04006020,,Huutokaupat,Myynti tarjousten perusteella.
,,04006021,,Pienpainatteet,"Esitteet, ilmoitukset, kyltit jne."
,,04006022,,Sijoitusneuvonta ja -palvelu  ,Rahoitusneuvonta; ei osakkeiden välitys tai konsultointi.
,04007000,,,Kulutustavarat,
,,04007001,,Vaatteet,
,,04007002,,Tavaratalot,
,,04007003,,Elintarvikkeet,
,,04007004,,Postimyynti,
,,04007005,,Vähittäiskauppa,
,,04007006,,Erikoisliikkeet,
,,04007007,,Tukkukauppa,
,,04007008,,Juomat,
,,04007009,,Verkkokauppa,
,,04007010,,Ylellisyystavarat,
,,04007011,,Päivittäistavarat,
,,04007012,,Leikkikalut,
,04008000,,,Makrotalous,"Kansantalous, globaali talous"
,,04008001,,Keskuspankit,
,,04008002,,Kuluttaja-asiat,
,,04008003,,Velkamarkkinat,
,,04008004,,Talouden indikaattorit,
,,04008005,,Kehittyvät markkinat,Kehittyvien maiden velkaongelma
,,04008006,,Valuuttamarkkinat,
,,04008007,,Valtion tuet,
,,04008008,,Valtion velka,
,,04008009,,Korko,
,,04008010,,Kansainväliset talousjärjestöt,
,,04008011,,Kansainvälinen kauppa,
,,04008012,,Rahamarkkinat,"Pankkilainamarkkinat, pitkän ja lyhyen rahan markkinat"
,,04008013,,Talousjärjestöt,"Liike-elämän, teollisuuden ja kaupan järjestöt"
,,04008014,,Kuluttajien luottamus talouteen,
,,04008015,,Kansainväliset kauppakiistat,
,,04008016,,Inflaatio Deflaatio,
,,04008017,,Hinnat,"Tavaroiden, palvelujen, osakkeiden ja joukkovelkakirjojen arvo rahassa mitattuna."
,,04008018,,Valuuttakurssit,Valuutan arvo toisella valuutalla mitattuna.
,,04008019,,Budjetointi Budjetit,Tuottojen ja kulujen tasapainottaminen
,,04008020,,Luotto Velka,
,,04008021,,Lainat,Sopimus jolla joku - yksilö tai yhteisö - antaa tilapäisesti  toisen käyttöön rahaa sovitulla korolla ja takaisinmaksuajalla.
,,04008022,,Kiinnelainat,Laina maa- tai rakennuskiinteistön ostamiseksi. Myös asuinrakennuksen kunnostukseen kiinteistön osakkaalle myönnetty laina.
,,04008023,,Rahoitusmarkkinat,"Instituutiot (organisaatiot, pelisäännöt) joiden puitteissa käydään kauppaa yritysten tai muiden yhteisöjen osakkeilla tai rahoitusinstrumenteilla;  valuuttakauppa mukaanlukien."
,,04008024,,Raaka-ainemarkkinat,"Puuvillan, öjlyn, hiilen, metallien ja muiden vastaavien hyödykkeiden kauppa ja välitys."
,,04008025,,Investoinnit,"Yritysvelkakirjojen, osakkeiden, rakaa-aineiden, valuuttojen yms spekulatiivinen hankinta."
,,04008026,,Osakkeet,"Yrityksen arvopaperi, joka antaa omistajalleen omistusoikeuden osaan yrityksen tuloksesta."
,,04008027,,Joukkovelkakirjamarkkinat,"Yrityksen/julkishallinnon arvopaperi joka vastaa tietynsuuruista ja tietyllä korkotasolla myönnettyä lainaa, jonka yritys/valtio/kunta maksaa takaisin arvopaperin haltijalle."
,,04008028,,Sijoitusrahastot,"Iso joukko yhteisesti omistettuja osakkeita tai joukkovelkakirjoja jotka usein on ryhmitelty jonkin sijoittamiskriteerin mukaan; esim kasvu, tuotto, riski."
,,04008029,,Johdannaisvakuudet,"Rahoitusinstrumentit kuten futuurit, swapit tai optiot, joita käytetään riskien hallintaan ja joiden ominaispiirteet ja arvo riippuvat niiden pohjana olevien intstrumenttien piirteistä (osakkeet, joukkovelkakirjalainat, raaka-aineet, valuutat) "
,,04008030,,Tuonti,Ulkomailta  tuontimaassa myytäväksi tuodut hyödykkeet..
,,04008031,,Vienti,Omassa maassa tuotettujen hyödykkeiden vienti muihin maihin myytäväksi.
,,04008032,,Kauppasopimukset,Maiden väliset sopimukset tavaroiden ja palvelujen ostamiseksi ja myymiseksi.
,,04008033,,Kauppapolitiikka,"Valtiovallan päätökset, joilla säädellään vienti- ja tuontitavaroiden tariffeja, laivausta, kiintiöitä sekä sitä millaisia tavaroita voidaan viedä ja tuoda."
,,04008034,,Yritykset,
,,04008035,,Tullimaksut,
,,04008036,,Kauppatase,Tuonnin ja viennin rahallisen arvon erotus.
,04009000,,,Markkinat Pörssit,
,,04009001,,Energiapörssit,
,,04009002,,Metallipörssit,
,,04009003,,Arvopaperipörssit,
,,04009004,,Muut raaka-ainepörssit ,
,04010000,,,Media,
,,04010001,,Mainonta,
,,04010002,,Kirjankustannus,
,,04010003,,Elokuvateollisuus,
,,04010004,,Uutistoimistot,
,,04010005,,Sanomalehdet Aikakauslehdet,
,,04010006,,Verkkopalvelut,
,,04010007,,Suhdetoiminta,
,,04010008,,Radiotoiminta,
,,04010009,,Satelliittitelevisio Kaapelitelevisio,
,,04010010,,Televisiotoiminta,Myös digitelevisiotoiminta
,,04010011,,Musiikkiteollisuus,"Musiikin äänittäminen, tuottaminen ja markkinointi"
,04011000,,,Metalliteollisuus Konepajateollisuus,
,,04011001,,Lentokoneteollisuus Avaruusteknologia,
,,04011002,,Autoteollisuus,
,,04011003,,Sotateollisuus,
,,04011004,,Elektroniikkateollisuus Sähkölaiteteollisuus,
,,04011005,,Konepajateollisuus,
,,04011006,,Teollisuuden komponentit,
,,04011007,,Hienomekaaninen teollisuus,
,,04011008,,Laivanrakennus,
,,04011009,,Koneteollisuus,
,04012000,,,Metallit Mineraalit,
,,04012001,,Rakennusaineteollisuus,
,,04012002,,Jalometalliteollisuus,
,,04012003,,Rautateollisuus Terästeollisuus,
,,04012004,,Muu metalliteollisuus,
,,04012005,,Kaivostoiminta,
,04013000,,,Prosessiteollisuus,
,,04013001,,Alkoholijuomateollisuus,
,,04013002,,Elintarviketeollisuus,
,,04013003,,Huonekaluteollisuus,Sisältää sisustustarviketuotannon
,,04013004,,Paperiteollisuus Pakkausteollisuus,
,,04013005,,Kumiteollisuus,
,,04013006,,Virvoitusjuomateollisuus,
,,04013007,,Tekstiiliteollisuus Vaatetusteollisuus,Sisältää kenkäteollisuuden
,,04013008,,Tupakkateollisuus,
,04014000,,,Matkailu- ja vapaa-aikateollisuus,
,,04014001,,Kasinot Rahapeliyritykset,
,,04014002,,Majoituspalvelut,
,,04014003,,Urheiluvälineteollisuus,
,,04014004,,Ravintola-ala,
,,04014005,,Matkanjärjestäjät,
,04015000,,,Liikenne,Matkustajaliikenne ja rahtiliikenne
,,04015001,,Lentoliikenne,
,,04015002,,Rautatieliikenne,
,,04015003,,Tieliikenne,
,,04015004,,Vesiliikenne,
,04016000,,,Yritysinformaatio,
,,04016001,,Laskenta Tilintarkastus,
,,04016002,,Yhtiökokoukset,
,,04016003,,Vuosikertomukset,
,,04016004,,Kilpailuasiat,"Monopolit, määräävä markkina-asema, kartellit"
,,04016005,,Yritysostot Fuusiot,
,,04016006,,Analyytikon kommentit,
,,04016007,,Konkurssit,
,,04016008,,Yhtiöiden hallintoelimet,
,,04016009,,Osakkeiden takaisinosto,
,,04016010,,Toimitusjohtajan haastattelu,
,,04016011,,Henkilöstö,
,,04016012,,Yrityskuva,
,,04016013,,Kaupalliset sopimukset,
,,04016014,,Puolustusvoimien hankintasopimukset,Puolustustoimintaan liittyvät sopimukset. 
,,04016015,,Osinkoilmoitukset,
,,04016016,,Tulosennusteet,
,,04016017,,Rahoitusvaikeudet,
,,04016018,,Tulostiedotteet,
,,04016019,,Yritysrahoitus Osakeannit,
,,04016020,,Julkiset hankinnat,
,,04016021,,Kansainvälistyminen,
,,04016022,,Sisäpiirikaupat,
,,04016023,,Yhteisyritykset,
,,04016024,,Velkarahalla rahoitetut yritysostot LBO,
,,04016025,,Irtisanomiset,
,,04016026,,Lisensointisopimukset,
,,04016027,,Yhtiöoikeus ,
,,04016028,,Yritysjohto,
,,04016029,,Markkinointi,
,,04016030,,Tuoteuutuudet,
,,04016031,,Patentit Tekijänoikeus Tavaramerkit,
,,04016032,,Toimipaikkojen lakkauttaminen,
,,04016033,,Uudet toimipaikat,
,,04016034,,Yksityistäminen,
,,04016035,,Proxy filing,
,,04016036,,Luottoluokitus,
,,04016037,,Tutkimus ja kehittäminen,
,,04016038,,Osavuosikatsaukset,
,,04016039,,Rakennejärjestelyt,
,,04016040,,Spin-offs,Uusien yritysten luominen yhtiön osista
,,04016041,,Sijoittajasuhteet,
,,04016042,,Teollisuustuotanto,Kulutus- tai kestokulutushyödykkeiden valmistus.
,,04016043,,Tuottavuus,"Tavaran tai palvelun tuottamiseen tarvittava työ, mittarina usein tuotettu määrä yhtä henkilötyötuntia kohden."
,,04016044,,Varastot,"Tuottajan, tukkuliikkeen tai vähittäiskaupan hallussa olevat myymättömät tuotteet. "
,,04016045,,Myynti,Tavaroiden vaihtaminen rahaa vastaan
,,04016046,,Yhtymät ,"Muodollisesti organisoitu yritys, jolla on hallitus ja hierarkkinen hallintomalli."
,,04016047,,Osakkeenomistajat,"Kuka tahansa jolla on hallinnassaan yhtiön liikkeesenlaskema arvopaperi, jonka hinta vaihtelee ja oikeuttaa osinkoon."
,,04016048,,Yrityksen tuloskunto,"Yrityksen menestyminen mitattuna esim. nettotuotolla, tuotolla  osaketta kohden, osakkeen hinnan ja tuoton välisellä suhteella."
,,04016049,,Tappiot,Kun kulut ylittävät tuotot.
,,04016050,,Luottokelpoisuusluokitus,Luottotietoyhtiöiden muodollinen arvio yrityksen tai  maan sijoitusriskistä.
,,04016051,,Osakkeiden pilkkominen,Osakeyhtiön yhtä osaketta kohden lasketaan liikkeeseen useampia osakkeita. Käänteinen osakejako tapahtuu kun useampia liikkeeseenlaskettuja osakkeita kohden lasketaan liikkeeseen vain yksi.
,,04016052,,Osakeoptiot,Sopimus myydä tai ostaa osake kun sen hinta  saavuttaa tietyn tason
,,04016053,,Markkinoiltavedot,Yrityksen päätös vetää markkinoilta tai korjata viallinen tuote.
,,04016054,,Globalisaatio,Yritystoiminnan ulottaminen eri puolille maailmaa. 
,,04016055,,Kuluttajat,Tavaran tai palvelun ostajat
,,04016056,,Ostot Hankinnat,"Tuotannotekijät joita yritykset ostavat (raaka-aineet, toimistotarvikkeet jne.)"
,,04016057,,Uudet tuottteet,"Yrityksen markkinoille tuomat uudet tuotteet ja palvelut, esim. uusi lentoreitti"
,04017000,,,Talouselämä,
,,04017001,,Talouspolitiikka,"Valtiovallan politiikka, joka ohjaa tuotantoa, veroja, tariffeja ja liiketoiminnan yleisiä edellytyksia ja talouden tilaa"
,04018000,,,Liike-elämä ,
,,04018001,,Instituutio,"Vakiintunut laki, käytäntö, järjestelmä tai yhteisö, jolla on sosiaalisia, uskonnollisia, kasvatuksellisia yms tavoitteita, esim. sairaalan, vankilan ylläpito."
,04019000,,,Rahoitus,
,,04019001,,Rahapolitiikka,Keskuspankin liikkeessä olevan rahan määrään ja lainauskorkoon kohdistuvat toimenpiteet.
05000000,,,,Koulutus,Kaikenikäisten ihmisten tiedon ja tietämyksen lisääminen.
,05001000,,,Aikuiskoulutus,
,05002000,,,Jatkokoulutus,Jatkokoulutus tarkoittaa ammatti- ja korkeakoulututkinnon jälkeistä usein muodollista pätevyyttä lisäävää koulutusta.
,05003000,,,Koulun ja kodin yhteistyö,
,05004000,,,Esiopetus,Päiväkodeissa tai kouluissa
,05005000,,,Koulut Oppilaitokset,
,,05005001,,Perusopetuksen alaluokat,Luokat 1–6
,,05005002,,Perusopetuksen yläluokat,Luokat 7–9 (10)
,,05005003,,Toisen asteen koulutus,Lukiokoulutus ja ammatilliset perustutkinnot
,05006000,,,Opetusalan ammattijärjestöt,"Opettajien järjestöt palkka- ja muiden etujen ajamiseen, esim. OAJ"
,05007000,,,Ammattikorkeakoulut Korkeakoulut Yliopistot,
,05008000,,,Kasvatus,Sisältää varhaiskasvatuksen
,05009000,,,Pääsykokeet Hakumenettelyt,
,05010000,,,Opetus ja oppiminen,Oppimistapahtuman molemmat osapuolet.
,,05010001,,Opiskelijat,"Kaikenikäiset ihmiset oppimassa ohjatussa tilanteessa, ei välttämättä luokkahuoneessa."
,,05010002,,Opettajat,
,,05010003,,Opetussuunnitelmat Opinto-ohjelmat,Oppilaitoksen tarjoamat kurssit ja niiden järjestäminen
,,05010004,,Kokeet Tentit Tutkinnot,Opiskelutulosten arviointi.
,05011000,,,Uskonnollinen opetus,"Minkä tahansa uskontokunnan järjestämä opetus. Tavallisesti, mutta ei aina, järjestetty kouluissa, joita ylläpitävät uskonnolliset yhteisöt."
,,05011001,,Katolinen koulu,Roomalaiskatolisen kirkon ylläpitämä koulu.
,,05011002,,Pappisseminaari,Minkä tahansa uskontokunnan pappeja kouluttava opetuslaitos.
,,05011003,,Yeshiva,Rabbien opetuslaitos.
,,05011004,,Madrasa,Islaminuskon opetuslaitos.
06000000,,,,Ympäristö,"Kaikki asiat, jotka liittyvät maapallon ja sen lähiympäristön ekosysteemin tilaan, suojeluun ja vahingoittumiseen."
,06001000,,,Uusiutuvat energialähteet,
,06002000,,,Luonnonsuojelu,Ihmisten toimien haitallisten vaikutusten vähentäminen.
,,06002001,,Uhanalaiset lajit ,
,,06002002,,Ekosysteemit,
,06003000,,,Energiansäästö,
,06004000,,,Ympäristöpolitiikka,
,06005000,,,Saastuminen,
,,06005001,,Ilman saastuminen ,
,,06005002,,Vesien saastuminen ,
,06006000,,,Luonnonvarat,
,,06006001,,Maa-alueet ,
,,06006002,,Puistot Virkistysalueet ,
,,06006003,,Metsät ,
,,06006004,,Suot ,
,,06006005,,Vuoret ,
,,06006006,,Joet ,
,,06006007,,Valtameret Meret ,
,,06006008,,Luonnonvaraiset eläimet,
,,06006009,,Energiavarat,
,06007000,,,Luonto,
,,06007001,,Tulokaslajit,Vierasperäiset eläin- ja kasvilajit
,06008000,,,Väestökysymykset,
,06009000,,,Jätteet,"Sisältää kierrätyksen, uudelleenkäytön."
,06010000,,,Vesivarat,
,06011000,,,Ilmaston lämpeneminen,
,06012000,,,Vaaralliset aineet ,
,06013000,,,Saastuneiden alueiden puhdistus,
07000000,,,,Terveys,Ihmisten kehon ja mielen hyvinvointiin liittyvät asiat.
,07001000,,,Sairaudet Taudit,
,,07001001,,Tartuntataudit,"Taudit, jotka voivat tarttua henkilöstä tai eläimestä toiseen."
,,07001002,,Virustaudit,Virusten aiheuttamat taudit.
,,07001003,,AIDS,"Acquired Immunity Deficiency Syndrome, parantumaton HI-viruksen aiheuttama immuunikatosairaus."
,,07001004,,Syöpä,"Vakava ja usein kuolemaan johtava sairaus, missä normaalit solut muuttuvat kasvaimiksi."
,,07001005,,Sydäntaudit,"Rappeuttava ja vakava tauti, jonka aiheuttaa sydänvaltimon kalkkeutuminen. "
,,07001006,,Alzheimerin tauti,"Aivojen toimintahäiriö, joka johtaa dementiaan."
,,07001007,,Eläintaudit,"Eläinten sairaudet, jotka eivät välttämättä vaaranna ihmisiä."
,,07001008,,Kasvitaudit,Loisten tai ympäristötekijöiden aiheuttamat kasvisairaudet.
,,07001009,,Retrovirukset,"RNA-virusten joukko, jotka aiheuttavat esimerkiksi leukemiaa ja AIDS:ia."
,07002000,,,Epidemiat,
,07003000,,,Terveydenhoito,
,,07003001,,Reseptilääkkeet,"Lääkkeet, joita voidaan hankkia vain lääkärin antamalla lääkemääräyksellä."
,,07003002,,Ravintoainevalmisteet,"Ravintoaineet, joita otetaan ruoan lisäksi terveyden vahvistamiseksi."
,,07003003,,Ruokavaliot,Kontrolloitu ruoan nauttiminen.
,,07003004,,Lääketieteelliset toimenpiteet ja kokeet,"Mitkä tahansa lääketieteelliset toimenpiteet, esimerkiksi rasituskokeet, verikokeet, kerroskuvaukset tai magneettikuvaukset."
,,07003005,,Hoitomenetelmät,"Hoitomenetelmät, joissa ei käytetä leikkausta."
,07004000,,,Terveysjärjestöt,
,07005000,,,Lääketieteellinen tutkimus,
,07006000,,,Terveydenhoidon henkilökunta,
,,07006001,,Omalääkärijärjestelmä,
,,07006002,,Terveydenhuoltohenkilökunnan ammattiliitot,
,07007000,,,Lääkkeet,
,,07007001,,Luonnonlääkkeet,
,,07007002,,Kokonaisvaltainen lääketiede,
,,07007003,,Länsimainen lääketiede,
,,07007004,,Kiinalainen lääketiede,
,07008000,,,Ehkäisevä terveydenhoito,
,,07008001,,Rokotukset,"Lääkitys, jonka avulla saavutetaan immuniteetti erilaisiin sairauksiin."
,07009000,,,Vammat,
,07010000,,,Sairaalat Terveyskeskukset,
,07011000,,,Julkinen terveydenhuolto,
,,07011001,,Medicare,Yhdysvaltojen hallituksen vanhuksia koskeva terveysohjelma.
,,07011002,,Medicaid,Yhdysvaltojen hallituksen koko kansaa koskeva terveysohjelma.
,07012000,,,Yksityinen terveydenhuolto,
,07013000,,,Terveyspolitiikka,
,,07013001,,Elintarvikehygienia,Ruoan puhtauteen liittyvät asiat
,07014000,,,Lääketieteen erikoisalat,
,,07014001,,Geriatria,
,,07014002,,Lastentaudit,
,,07014003,,Lisääntyminen,
,,07014004,,Perinnöllisyystiede,
,,07014005,,Gynekologia,
,07015000,,,Lääketieteelliset tutkimuspalvelut,"Laboratoriokokeet, röntgentutkimukset ym. "
,07016000,,,Fyysinen kunto,Henkilön verenkiertoelinten ja lihasten terveydentila
,07017000,,,Vaivat Kivut,"Määrittämättömiä sairauksia kuten vatsakipu, päänsärky, lättäjalat, noidannuoli"
,,07017001,,Mielenterveyshäiriöt,Psyykkeeseen vaikuttavat sairaudet
,,07017002,,Syömishäiriöt,"Anoreksia, bulimia, ylensyöminen ja muut vastaavat sairaudet"
,,07017003,,Ylipaino,"Tila, jossa henkilön paino ylittää normin 20 prosentilla ottaen huomioon sukupolen, iän, pituuden ja rakenteen"
,07018000,,,Terveydentila,"Sairauksien, tautien ja vammojen eri asteita"
,07019000,,,Potilaat,
08000000,,,,Human interest,"Ihmisyksilöitä, ryhmiä, eläimiä tai esineitä koskevat kevyet jutut."
,08001000,,,Eläimet,Eläimiä koskevat jutut. Huom. luonnonvaraiset eläimet Ympäristö-luokassa
,08002000,,,Erikoisuudet,"Asiat ja tapahtumat, jotka kiinnostavat erikoisuudellaan tai herättävät uteliaisuutta"
,08003000,,,Ihmiset human interest,Epätavalliset jutut ihmisistä.
,,08003001,,Asiantuntijoiden neuvot,Esim. lääkäri- tai puutarhapalstat
,,08003002,,Julkisuuden henkilöt,"Julkisuuden henkilöitä koskevat uutiset, ns. julkkikset"
,,08003003,,Saavutukset,"Yksilöiden tai ryhmien saamat julkiset tunnustukset hyväntekeväisyystyöstä, kilpailujen voittamiset jne."
,,08003004,,Epäonnistumiset,Hassut inhimilliset erehdykset tai kömmähdykset
,,08003005,,Ennustaminen,
,08004000,,,Selittämättömät ilmiöt,Selittämättömät ja arvoitukselliset ilmiöt ja niitä koskevat uutiset
,08005000,,,Seurapiirit,
,,08005001,,Juhlatilaisuudet,"Esim. seppeleenlasku-, laivojen vesillelasku- ja vihkimistilaisuudet "
,,08005002,,Kuolema,
,,08005003,,Hautajaiset,The ceremony to intern the remains of a person
,,08005004,,Perinnönjako,
,,08005005,,Muistomerkit Muistotilaisuudet,
,08006000,,,Kunniamerkit Palkinnot,"Kunniamerkit , palkinnot ja muut huomionosoitukset"
,,08006001,,Ennätykset,Guinnesin ennätyskirjatyyppiset ennätykset
,08007000,,,Kuninkaalliset,"Kuninkaallisia, heidän perheitään  ja muuta yläluokkaa koskevat jutut "
,08008000,,,Kasvit,
09000000,,,,Työelämä,"Työ ja siihen liittyvät järjestöt, säännöt ja työehdot."
,09001000,,,Harjoittelu Oppisopimukset,
,09002000,,,Työehtosopimukset,
,,09002001,,Palkkaus,
,,09002002,,Työterveyshuolto,
,,09002003,,Työaikamääräykset,
,09003000,,,Työllisyys,
,,09003001,,Työmarkkinat,
,,09003002,,Lomautukset,
,,09003003,,Lapsityövoima,
,,09003004,,Ammatit,
,09004000,,,Työmarkkinakonfliktit,Muut paitsi lakot
,09005000,,,Työlainsäädäntö,
,09006000,,,Eläkkeelle siirtyminen,
,09007000,,,Uudelleenkoulutus,
,09008000,,,Lakot,
,09009000,,,Työttömyys,
,09010000,,,Työmarkkinajärjestöt,
,09011000,,,Palkat Työeläkkeet,
,,09011001,,Henkilökuntaedut,
,,09011002,,Sosiaaliturvamaksut,
,09012000,,,Työyhteisö,"Työpaikkakiusaaminen, työssä viihtyminen, jne."
,09013000,,,Työterveys Työturvallisuus,"Ergonomia, työsuojelu, työssä jaksaminen, jne."
,09014000,,,Täydennyskoulutus,Täydennyskoulutus tarkoittaa ammattitaitoa kehittävää ja ylläpitävää koulutusta.
,09015000,,,Työnantajat,
,09016000,,,Työntekijät,
10000000,,,,Vapaa-aika,"Työn ulkopuoliset mielihyvään, rentoutumiseen ja virkistykseen liittyvät toiminnot, mm. ruoka ja matkailu."
,10001000,,,Pelit,"Kaikki muut pelit paitsi go, shakki, bridge ja rahapelit"
,,10001001,,Go,
,,10001002,,Shakki,
,,10001003,,Bridge,
,,10001004,,Shogi,"Japanilainen, shakkia muistuttava lautapeli"
,10002000,,,Rahapelit,"Bingo, lotto, veikkaus, toto ja muut rahapelit"
,10003000,,,Ruoka,Ruokaan ja gastronomiaan liittyvät jutut
,,10003001,,Luomuruoka,"Ruoka, joka on tuotettu ja valmistettu ilman keinolannotteita ja lisäaineita"
,10004000,,,Harrastukset,Ei kalastus eikä metsästys
,,10004001,,Kädentaidot,
,,10004002,,Shoppailu,
,,10004003,,Puutarhanhoito,
,10005000,,,Lomat,
,10006000,,,Lomamatkailu,
,10007000,,,Koulumatkat Työmatkat,Säännöllinen matkustaminen esim. kodin ja työpaikan välillä
,,10007001,,Liikennetiedotus,Liikenneraportit ja -varoitukset
,10008000,,,Yhdistystoiminta,
,10009000,,,Elämäntyyli,"Kotiin, asumiseen, yksityiselämään liittyvät asiat "
,10010000,,,Vapaa-aika yleistä,
,10011000,,,Yleiset vapaapäivät,"Yleiset vapaapäivät, sekä kirkolliset että maalliset ja niiden vietto"
,10012000,,,Metsästys,
,10013000,,,Kalastus,
,10014000,,,Autoharrastus,Autojen historia ja kehitys
,10015000,,,Extreme-lajit,
,10016000,,,Kauneudenhoito,
,10017000,,,Ostokäyttäytyminen,
,10018000,,,Häät,
11000000,,,,Politiikka,"Yhteiskunnan asioiden hoito paikallisella, alueellisella, kansallisella ja kansainvälisellä tasolla."
,11001000,,,Puolustus,
,,11001001,,Veteraanit,
,,11001002,,Kansallinen turvallisuus,
,,11001003,,Turvatoimet,
,,11001004,,Puolustusvoimat,
,,11001005,,Sotakalusto,
,,11001006,,Ampuma-aseet,
,,11001007,,Biologiset ja kemialliset aseet,
,,11001008,,Ohjusjärjestelmät,
,,11001009,,Ydinaseet,
,11002000,,,Diplomatia Ulkopolitiikka,
,,11002001,,Kansainväliset kokoukset,
,,11002002,,Kansainväliset suhteet,
,,11002003,,Rauhanneuvottelut,
,,11002004,,Liittoutumat,
,11003000,,,Vaalit,
,,11003001,,Vaaliehdokkaat,
,,11003002,,Vaalikampanjat,
,,11003003,,Vaalirahoitus,
,,11003004,,Kansalliset vaalit,
,,11003005,,Maakuntavaalit,
,,11003006,,Kunnallisvaalit,
,,11003007,,Äänestäminen,
,,11003008,,Kannatusmittaukset,
,,11003009,,EU-vaalit,
,,11003010,,Esivaalit,
,11004000,,,Vakoilu Tiedustelu,
,11005000,,,Ulkomainen apu,
,,11005001,,Talouspakotteet,
,11006000,,,Julkinen hallinto,
,,11006001,,Julkiset palvelut,
,,11006002,,Kansalaisten turvallisuus,
,,11006003,,Työryhmät,Yhteiskunnallista päätöksentekoa valmisteleva tai suunnitteleva työryhmä.
,,11006004,,Hallitus,
,,11006005,,Virkamiehet,
,,11006006,,Valtionpäämiehet,
,,11006007,,Ministeriöt,
,,11006008,,Luottamusmiehet,
,,11006009,,Ministerit,
,,11006010,,Viranhaltijat,
,,11006011,,Yksityistäminen, (myös 04016034)
,,11006012,,Kansallistaminen,
,,11006013,,Virkasyyte,
,11007000,,,Ihmisoikeudet,
,11008000,,,Paikallishallinto,
,11009000,,,Eduskunta,
,,11009001,,Ylähuone,
,,11009002,,Alahuone,
,11010000,,,Puolueet Poliittiset liikkeet,
,,11010001,,Etujärjestöt,
,11011000,,,Pakolaiset,
,11012000,,,Aluehallinto,
,11013000,,,Valtion budjetti Verot,
,,11013001,,Julkinen rahoitus,
,11015000,,,Perustuslaki,
,11016000,,,Sisäpolitiikka,
,,11016001,,Tietosuoja,
,,11016002,,Yhdyskuntasuunnittelu,
,,11016003,,Sosiaalipolitiikka,
,,11016004,,Aseenkantoluvat,
,,11016005,,Alkuperäiskansat,
,,11016006,,Henkilörekisterit,
,,11016007,,Julkinen kuuleminen rakennushankkeissa,
,11017000,,,Siirtolaisuus,
,11018000,,,Kansalaistoiminta Kansalaismielipide,Mm. mielipidetiedustelut
,11019000,,,Kansanäänestykset,
,11020000,,,Ydinenergiapolitiikka,
,11021000,,,Edunvalvonta Lobbaus,
,11022000,,,Säännösten valvonta,"Esim. rahoitustarkastus, tietosuojavaltuutettu."
,11023000,,,Sensuuri,
,11024000,,,Politiikka yleistä,
,,11024001,,Poliittiset järjestelmät,
,,11024002,,Demokratia,
,,11024003,,Poliittinen kehitys,
,11025000,,,Sananvapaus,
,11026000,,,Uskonnonvapaus,
,11027000,,,Kansainväliset sopimukset,
,11028000,,,Kansainväliset järjestöt,
12000000,,,,Uskonto,"Teologiaan, filosofiaan, etiikkaan tai henkisyyteen liittyvät asiat."
,12001000,,,Kultit Lahkot,"Kansanusko (mm. noidat, loitsut, samaanit), luonnonpalvonta (animismi, eläinten palvonta, seidat, totemismi) ja saatananpalvonta."
,12002000,,,Usko,"Esim. rukous, sielunhoito."
,,12002001,,Moonilaiset,Yhdistymiskirkko. Korealaisen Sun Myung Moonin perustaman (1954) yhteisön kannattajat
,,12002002,,Skientologit ,
,12003000,,,Vapaamuurarit,
,12006000,,,Arvot,
,,12006001,,Etiikka,Hyväksyttävän käyttäytymisen mallit
,,12006002,,Moraaliton toiminta,Lähimmäiselle haitallinen toiminta
,12007000,,,Kirkon ja valtion suhde,
,12008000,,,Maailmankatsomus,
,12009000,,,Kristinusko,
,,12009001,,Protestantit,
,,12009002,,Evankelis-luterilaiset,
,,12009003,,Reformoidut,Johannes Calvinin ja Ulrich Zwinglin oppien seuraajat
,,12009004,,Anglikaanit,
,,12009005,,Metodistit,
,,12009006,,Baptistit,
,,12009007,,Mennoniitit,"1500-luvulla perustettu uskonnollinen ryhmä, joka vastustaa asepalvelusta ja lasten kastamista."
,,12009009,,Mormonit,Myöhempien aikojen pyhien Jeesuksen Kristuksen kirkko uskoo M. J. Smithin ennustuksiin ja Mormonien kirjaan.
,,12009010,,Roomalaiskatoliset,
,,12009011,,Vanhakatoliset,"Syntyi 1870, ei usko paavin erehtymättömyyteen."
,,12009012,,Ortodoksit,
,,12009013,,Pelastusarmeija,
,12010000,,,Islam Muslimit  ,
,12011000,,,Juutalaiset,
,12012000,,,Buddhalaiset,
,12013000,,,Hindut,
,12014000,,,Kirkolliset juhlat,
,,12014001,,Joulu,
,,12014002,,Pääsiäinen,
,,12014003,,Helluntai,
,,12014004,,Ramadan,
,,12014005,,Jom kippur,
,12015000,,,Uskonnolliset johtajat,
,,12015001,,Paavi,
,12016000,,,Luonnonpalvonta,"Luonnon elementtien palvonta (esim. tuli, vesi, puut, vuoret)"
,12017000,,,Taolaiset,Yli 200 vuotta kiinalaisten elämään vaikuttanut uskonnolis-filosofinen perinne. 
,12018000,,,Shintolaiset,
,12019000,,,Sikhit,Hindulaisuudesta ja islamilaisuudesta vaikutteita ottanut uskonto Intiassa. Lähtöisin Punjabissa.
,12020000,,,Jainalaiset,"Korostaa hengellistä puhtautta ja valaistumista mikä saavutetaan kurinalaisen elämän kautta, väkivallattomuus kaikkia eläviä olentoja kohtaan. Lähtöisin Intiasta. "
,12021000,,,Zarathustralaiset,"1700-1400eKr Persiassa eläneen Zarahustran kannattajat, joita on pääosin Bombayssa ja Pakistanin Karachissa."
,12022000,,,Kungfutselaiset,"Pääosin Koreassa, Japanissa ja Vietnamissa kiinalaisväestön joukossa yli 200 vuotta vaikuttanut elämäntapa."
,12023000,,,Uskonnolliset tekstit,Kirkolle ja uskonnolle tärkeät pyhät kirjat ja kirjoitukset.
,,12023001,,Raamattu,
,,12023002,,Koraani,
,,12023003,,Toora,
,12024000,,,Uskontojen vuoropuhelu,
,12025000,,,Uskonnolliset tapahtumat,"Uutiset, joissa käsitellään hengellisiä tai uskonnollisia tapahtumia. Ei uskonnolliset juhlat ja vapaapäivät."
,,12025001,,Katolisten konventit,
,,12025002,,Protestanttien konventit,
,,12025004,,Seremoniat,"Uskonnolliset seremoniat kuten messu, kaste, rukoustilaisuudet"
,12026000,,,Konkordaatti,"Paavinistuimen ja valtion välinen, katolisen kirkon asemaa valtiossa koskeva sopimus"
,12027000,,,Ekumenia,Kristillisten kirkkojen väliset suhteet
13000000,,,,Tiede Teknologia,Ihmisten fysikaalisen maailman toimintaan ja luontoon liittyvä ymmärrys. Tämän tiedon kehittyminen ja soveltaminen.
,13001000,,,Soveltavat tieteet,
,,13001001,,Fysiikka,
,,13001002,,Kemia,
,,13001003,,Kosmologia,
,,13001004,,Hiukkasfysiikka,
,13002000,,,Tekniset tieteet,
,,13002001,,Materiaalitiede,
,13003000,,,Humanistiset tieteet Yhteiskuntatieteet,
,,13003001,,Yhteiskuntatieteet,
,,13003002,,Historiantutkimus,
,,13003003,,Psykologia,
,,13003004,,Sosiologia,
,,13003005,,Antropologia,
,13004000,,,Luonnontieteet ,
,,13004001,,Geologia,
,,13004002,,Paleontologia,
,,13004003,,Maantiede,
,,13004004,,Kasvitiede,
,,13004005,,Eläintiede,
,,13004006,,Fysiologia,
,,13004007,,Astronomia,
,,13004008,,Biologia,
,13005000,,,Filosofia,
,13006000,,,Tutkimus,"Mm. tutkimusyhteistyö, tutkimusohjelmat, tutkimusrahoitus"
,,13006001,,Kyselytutkimukset,
,13007000,,,Tutkimusmatkat,
,13008000,,,Avaruustutkimus,
,13009000,,,Tiede yleistä,
,13010000,,,Teknologia yleistä,
,,13010001,,Raketit,
,,13010002,,Laser,
,13011000,,,Standardit,
,13012000,,,Eläintiede,
,13013000,,,Mikrotieteet,
,13014000,,,Merentutkimus,
,13015000,,,Meteorologia,
,13016000,,,Elektroniikka,"Tietokoneisiin, tiedonsiirtoon liittyvä tutkimus."
,13017000,,,Sähköinen tunnistaminen,
,13018000,,,Matematiikka,
,13019000,,,Biotekniikka,
,13020000,,,Maataloustieteet ja teknologia,
,13021000,,,Nanotekniikka,
,13022000,,,Tietojenkäsittelytieteet,
,13023000,,,Tieteelliset laitokset,
14000000,,,,Sosiaalikysymykset,Elämänlaatuun liittyvä inhimillinen käyttäytyminen.
,14001000,,,Riippuvuudet,
,14002000,,,Hyväntekeväisyys Vapaaehtoistyö,
,14003000,,,Väestötutkimus,
,,14003001,,Väestönlaskenta,
,,14003002,,Maahanmuutto,
,,14003003,,Laiton maahanmuutto,
,,14003004,,Maastamuuttajat,
,14004000,,,Vammaiset,
,14005000,,,Eutanasia,
,,14005001,,Itsemurhat,
,14006000,,,Perhe,
,,14006001,,Vanhemmat ja lapset,
,,14006002,,Adoptio,
,,14006003,,Avioliitto,
,,14006004,,Avioero,
,,14006005,,Seksuaalisuus,
,,14006006,,Seurustelu,
,14007000,,,Perhesuunnittelu,
,14008000,,,Sairausvakuutus,
,14009000,,,Asunnottomuus Asumisen ongelmat,
,14010000,,,Vähemmistöt,
,,14010001,,Seksuaaliset vähemmistöt,
,,14010002,,Etniset vähemmistöt,
,14011000,,,Pornografia,
,14012000,,,Köyhyys,
,14013000,,,Prostituutio,
,14014000,,,Rasismi,
,14015000,,,Hyvinvointi Sosiaaliturva,
,14016000,,,Abortti,
,14017000,,,Kadonneet ,
,,14017001,,Sodassa kadonneet ,
,14018000,,,Pitkäaikaishoito Omaishoito,
,14019000,,,Nuorisorikollisuus,
,14020000,,,Ydinsäteilyn uhrit,
,14021000,,,Orjuus,
,14022000,,,Hyväksikäyttö Väkivalta,
,14023000,,,Kuoleminen,
,14024000,,,Ihmiset sosiaalikysymykset,
,,14024001,,Lapset,
,,14024002,,Vauvat,
,,14024003,,Nuoret,
,,14024004,,Aikuiset,
,,14024005,,Vanhukset,
,14025000,,,Sosiaalikysymykset yleistä,
,,14025001,,Elinolot,
,,14025002,,Sosiaaliset ongelmat,
,,14025003,,Syrjintä,
,,14025004,,Sosiaalihuolto,
,,14025005,,Suhtautuminen kuolemanrangaistukseen,
,14026000,,,Taisteluvälineraivaukset,
,14027000,,,Jälleenrakentaminen,
15000000,,,,Urheilu,
,15001000,,,Urheiluilmailu,
,,15001001,,Laskuvarjohypyt,
,,15001002,,Vapaapudotuslajit,
,15002000,,,Alppihiihto,
,,15002001,,Syöksylasku,
,,15002002,,Suurpujottelu,
,,15002003,,Supersuurpujottelu,
,,15002004,,Pujottelu,
,,15002005,,Alppiyhdistetty,
,15003000,,,Amerikkalainen jalkapallo,
,15004000,,,Jousiammunta,
,,15004001,,FITA-jousiammunta,
,,15004002,,Varsijousiammunta,Varsijousella tauluun ampuminen eri etäisyyksiltä
,15005000,,,Yleisurheilu,
,,15005001,,Juoksu 100 m,
,,15005002,,Juoksu 200 m,
,,15005003,,Juoksu 400 m,
,,15005004,,Juoksu 800 m,
,,15005005,,Juoksu 1000 m,
,,15005006,,Juoksu 1500 m,
,,15005007,,Juoksu maili,
,,15005008,,Juoksu 2000 m,
,,15005009,,Juoksu 3000 m,
,,15005010,,Juoksu 5000 m,
,,15005011,,Juoksu 10000 m,
,,15005012,,Kävely 20 km,
,,15005013,,Kävely tunti,
,,15005014,,Kävely 25000,
,,15005015,,Kävely 30000,
,,15005016,,Aitajuoksu 110 m,
,,15005017,,Aitajuoksu 400 m,
,,15005018,,Estejuoksu 3000 m,
,,15005019,,Korkeushyppy,
,,15005020,,Seiväshyppy,
,,15005021,,Pituushyppy,
,,15005022,,Kolmiloikka,
,,15005023,,Kuulantyöntö,
,,15005024,,Kiekonheitto,
,,15005025,,Moukarinheitto,
,,15005026,,Keihäänheitto,
,,15005027,,Kymmenottelu,
,,15005028,,Viestijuoksu 4x100 m,
,,15005029,,Viestijuoksu 4x200 m,
,,15005030,,Viestijuoksu 4x400 m,
,,15005031,,Viestijuoksu 4x800 m,
,,15005032,,Viestijuoksu 4x1500 m,
,,15005033,,Kävelykilpailu 1 t,
,,15005034,,Kävelykilpailu 2 t,
,,15005035,,Kävelykilpailu 10 km,
,,15005036,,Kävelykilpailu 15 km,
,,15005037,,Kävelykilpailu 20 km,
,,15005038,,Kävelykilpailu 30 km,
,,15005039,,Kävelykilpailu 50 km,
,,15005040,,Aitajuoksu 100 m,
,,15005041,,Kävely 5 km,
,,15005042,,Seitsenottelu,
,,15005043,,Kävely 1500 m,
,,15005044,,Kävely 2000 m,
,,15005045,,Kävely 3000 m,
,,15005046,,Juoksu 50 m,
,,15005047,,Aitajuoksu 50 m,
,,15005050,,Juoksu 60 m,
,,15005051,,Aitajuoksu 60 m,
,,15005056,,Juoksu 300 m,
,,15005059,,Juoksu 500 m,
,,15005061,,Juoksu 600 m,
,,15005065,,Juoksu 2 mailia,
,,15005066,,Juoksu 3 mailia,
,,15005067,,Juoksu 6 mailia,
,,15005068,,Viestijuoksu 4x1 maili,
,,15005069,,Viisiottelu,"Vain sisätiloissa: 60m aidat, korkeyshyppy, kuula, pituushyppy, juoksu 800m"
,15006000,,,Sulkapallo,
,15007000,,,Baseball,
,,15007005,,Major League Baseball Playoffs,"Koostuu useista pelikierroksista, joiden avulla selvitetään mitkä joukkueet pelaavat Yhdysvaltain World Series -sarjassa"
,,15007006,,World Series,Yhdysvaltain Major League Baseball -sarjan kahden parhaan joukkueen välinen mestaruusottelusarja 
,15008000,,,Koripallo,
,,15008001,,NBA,
,,15008003,,Sveitsiläinen verkkopallo,"Samantyyppinen peli kuin koripallo, kori ilman takalevyä. Pääasiassa naiset pelaavat."
,,15008004,,Saksalainen verkkopallo,"Sama kuin Sveitsiläinen verkkopallo, mutta saksalaisilla säännöillä."
,,15008004,,Hollantilainen verkkopallo,"Sama kuin Sveitsiläinen verkkopallo, mutta hollantilaisilla säännöillä."
,15009000,,,Ampumahiihto,
,15010000,,,Biljardi,Myös snooker ja pool
,15011000,,,Rattikelkkailu,Paitsi luge ja skeleton
,15012000,,,Keilailu,
,15013000,,,Petankki,
,15014000,,,Nyrkkeily,
,15015000,,,Melonta,
,15016000,,,Kiipeily,
,,15016001,,Vuorikiipeily,
,,15016002,,Seinäkiipeily,Yksilökilpailu keinotekoisella kiipeilyseinällä 
,15017000,,,Kriketti,
,15018000,,,Curling,
,,15018001,,Jääkolkka,"Samantyyppinen laji kuin curling, jäällä olevalle maalialueille heitetään suorakahvaista kiveä, pelataan alppimaissa"
,15019000,,,Pyöräily,
,,15019001,,Ratapyöräily,
,,15019011,,Maantiepyöräily,
,,15019015,,Maastopyöräily,
,15020000,,,Tanssiurheilu,
,15021000,,,Uimahypyt,
,,15021006,,Urheilusukellus,"Sukeltamista eri syvyyksiin, aikaa mitataan"
,15022000,,,Ratsastus,
,,15022002,,Kouluratsastus,
,,15022003,,Esteratsastus,
,,15022004,,Maastoratsastus,
,15023000,,,Miekkailu,
,15024000,,,Maahockey,
,15025000,,,Taitoluistelu,
,,15025001,,Yksinluistelu,
,,15025002,,Pariluistelu,
,,15025003,,Jäätanssi,
,15026000,,,Freestylehiihto,
,,15026001,,Kumparelasku,
,,15026002,,Hypyt,
,,15026003,,Taitohiihto,
,15027000,,,Golf,
,15028000,,,Voimistelu,
,15029000,,,Käsipallo,
,15030000,,,Hevosurheilu,
,,15030001,,Laukkaurheilu,
,,15030003,,Raviurheilu,
,15031000,,,Jääkiekko,
,,15031001,,NHL,
,15032000,,,Pelota (jai alai),
,15033000,,,Judo,
,15034000,,,Karate,
,15035000,,,Lacrosse,
,15036000,,,Ohjaskelkkailu,
,15037000,,,Maraton,
,15038000,,,Nykyaikainen viisiottelu,
,15039000,,,Autourheilu ,
,,15039001,,Formula 1,
,,15039002,,F3000,
,,15039003,,Endurance,
,,15039004,,Indy,
,,15039005,,CART,
,,15039006,,NHRA,
,,15039007,,NASCAR,
,,15039008,,TRUCKI,
,15040000,,,Ralliautoilu ,
,,15040003,,Rallicross,
,15041000,,,Moottoripyöräily,
,,15041002,,Enduro,
,,15041005,,Motocross,
,,15041007,,Trial,
,,15041014,,MotoGP,Tilavuusluokka 1000cc
,15042000,,,Netball,
,15043000,,,Pohjoismaiset hiihtolajit,
,,15043001,,Maastohiihto,
,,15043013,,Yhdistetty hiihto,
,15044000,,,Suunnistus,
,,15044001,,Hiihtosuunnistus,
,15045000,,,Hevospoolo,
,15046000,,,Moottoriveneily,
,15047000,,,Soutu,
,15048000,,,Rugby league,
,15049000,,,Rugby union,
,15050000,,,Purjehdus,
,,15050015,,Yngling,Purjehduksen olympialuokka.
,,15050016,,Mistral,Purjehduksen olympialuokka.
,15051000,,,Ammunta,
,15052000,,,Mäkihyppy,
,15053000,,,Lumilautailu,
,,15053001,,Lumilautasuurpujottelu,
,,15053002,,Lumikouru,
,15054000,,,Jalkapallo,
,15055000,,,Softball,
,15056000,,,Pikaluistelu,
,15057000,,,Speedway Jääspeedway,
,15058000,,,Urheilujärjestöt,
,,15058001,,Kansainvälinen olympiakomitea,
,,15058002,,Kansainväliset urheilujärjestöt,
,,15058003,,Maanosien urheilujärjestöt,
,,15058004,,Kansalliset urheilujärjestöt,
,,15058005,,GAISF Kansainvälinen urheilujärjestöjen keskusjärjestö,
,15059000,,,Squash,
,15060000,,,Sumopaini,
,15061000,,,Lainelautailu,
,15062000,,,Uinti,
,15063000,,,Pöytätennis,
,15064000,,,Taekwondo,
,15065000,,,Tennis,
,,15065001,,Soft tennis,"Tennistä, jossa käytetään pehmeää kumipalloa. (Japanin kansallisen urheilufestivaalin ohjelmassa)"
,15066000,,,Triathlon,
,15067000,,,Lentopallo,
,,15067001,,Rantalentopallo,
,15068000,,,Vesipallo,
,15069000,,,Vesihiihto,
,15070000,,,Painonnosto,
,,15070016,,Voimanosto,
,15071000,,,Purjelautailu,
,15072000,,,Paini,
,,15072001,,Vapaapaini,
,,15072002,,Kreikkalais-roomalainen paini,
,,15072012,,Swiss wrestling,Perinteinen sveitsiläinen painilaji
,15073000,,,Urheilutapahtumat,
,,15073001,,Kesäolympialaiset,
,,15073002,,Talviolympialaiset,
,,15073003,,Kesäuniversiadit,
,,15073004,,Talviuniversiadit,
,,15073017,,World Games,
,,15073018,,Maailmancup,
,,15073019,,Maanosien väliset cupit,
,,15073020,,Maanosien cupit,
,,15073021,,Kansainväliset cupit,
,,15073022,,Kansalliset cupit,
,,15073023,,Alueiden väliset cupit,
,,15073024,,Alueelliset cupit,
,,15073025,,Liigacupit,
,,15073026,,Maailmanmestaruuskilpailut,
,,15073027,,Maanosien väliset mestaruuskilpailut,
,,15073028,,Maanosien mestaruuskilpailut,
,,15073031,,Kansalliset mestaruuskilpailut,
,,15073035,,Alueelliset mestaruuskilpailut,
,,15073036,,Grand Prix,
,,15073037,,Maanosien väliset turnaukset,
,,15073038,,Maanosien turnaukset,
,,15073039,,Kansainväliset turnaukset,
,,15073040,,Kansalliset turnaukset,
,,15073041,,Maaottelut,
,,15073043,,Ystävyysottelut,
,,15073046,,Super Bowl,"Amerikkalaisen jalkapallon loppuottelu, jossa ratkaistaan mestari"
,,15073047,,Paralympialaiset,Vammaisten olympialaistyyppiset kisat
,15074000,,,Rodeo,
,15075000,,,Minigolf,
,15076000,,,Jääpallo,
,15077000,,,Frisbee Liitokiekkoilu,
,15078000,,,Salibandy,
,15079000,,,Casting,
,15080000,,,Köydenveto,
,15081000,,,Kroketti,
,15082000,,,Koiraurheilulajit,
,,15082001,,Koiravaljakkourheilu,
,,15082002,,Ratajuoksu,
,15083000,,,Skeleton,
,15086000,,,Duathlon,
,15087000,,,Hornuss,"Sveitsiläinen laji 16-18 hengen joukkueille. Kuminen kiekko lyödään kentälle kohti vastustajajoukkuetta, joka yrittää osua kiekkoon ilmaan heitetyllä puisella laudalla."
,15088000,,,Fist ball,"Miesten joukkueurheilulaji, samantapainen kuin lentopallo (matalampi verkko), pelataan yleensä urheiluseuroissa"
,15089000,,,Rullaluistelu,Kilpaurheilua rullaluistimilla
,15090000,,,Grass ski,Laskettelua nurmikolla rullasuksilla
,15091000,,,Snowbiking,Aiemmin ski bob
,15092000,,,Twirling,"Joukkuelaji, jossa tuomaristo arvioi kilpailijoiden kepinkäsittelytaitoja"
,15093000,,,Kendo,"Perinteinen japanilainen budolaji, jossa käytetään bambumiekkaa, joskus kutsutaan myös japanilaiseksi miekkailuksi. (Japanin kansallisen urheilufestivaalin ohjelmassa)"
,15094000,,,Jukendo,"Perinteinen japanilainen budolaji, jossa käytetään puista kivääriä. ""Juken"" tarkoittaa kivääriä tai asetta, jossa on terä (pistin).  (Japanin kansallisen urheilufestivaalin ohjelmassa)"
,15095000,,,Naginata,"Perintainen japanilainen budolaji, jossa aseena on puinen peitsi. ""Naginata"" tarkoittaa keihästä, jossa on kaartuva terä."
,15096000,,,Kyudo,"Perinteinen japanilainen budolaji, jossa aseena on bambusta valmistettu jousi ja nuolet, joskus kutsutaan myös japanilaiseksi jousiammunnaksi. (Japanin kansallisen urheilufestivaalin ohjelmassa)"
,15097000,,,Kabaddi,"Peli, jossa hyökkäävä puoli saa pisteitä koskettamalla vastapuolta ja puolustajat ottamalla vastapuolen jäseniä kiinni. Hyökkääjä jatkaa peliä huutamalla ""kabaddi""."
,15098000,,,Sepak takraw,"Lentopallon tyyppinen peli, jossa ei saa käyttää käsiä. Pallo on valmistettu rottingista. (Japanin kansallisen urheilufestivaalin ohjelmassa)"
,15099000,,,Wushu,Perinteinen kiinalainen kamppailulaji. (Japanin kansallisen urheilufestivaalin ohjelmassa)
,15100000,,,Darts,
,15101000,,,Kehonrakennus,
,15102000,,,Urheilun kurinpitotoimet,
,15103000,,,Urheilupalkinnot,
16000000,,,,Levottomuudet Konfliktit Sodat,"Protestit ja/tai väkivalta, joiden vaikuttimet ovat poliittiset tai yhteiskunnalliset. Esim. terrorismin alle omia kokonaisuuksia: New Yorkin terrori-isku 2001"
,16001000,,,Terroriteot,
,16002000,,,Aseelliset konfliktit,
,16003000,,,Levottomuudet,
,,16003001,,Vallankumoukset,
,,16003002,,Kapinat,
,,16003003,,Poliittiset kiistat Toisinajattelijat,
,,16003004,,Uskonnolliset ristiriidat,
,,16003005,,Sosiaaliset ristiriidat,
,16004000,,,Vallankaappaukset,
,16005000,,,Sissitoiminta,
,,16005001,,Bioterrorismi,
,,16005002,,Pommitukset,
,16006000,,,Joukkomurha,
,,16006001,,Kansanmurha,
,16007000,,,Mellakat,
,16008000,,,Mielenosoitukset,
,16009000,,,Sodat,
,,16009001,,Sisällissota,
,,16009002,,Kansainvälinen sotilaallinen väliintulo,
,,16009003,,Sotavangit,
,16010000,,,Muut konfliktit,
,,16010001,,Rauhanturvajoukot,
,16011000,,,Kriisit,
,16012000,,,Aseet,
17000000,,,,Sää,Meteorologisten ilmiöiden tutkiminen ja ennustaminen sekä niistä tiedottaminen.
,17001000,,,Sääennusteet,
,17002000,,,Ilmastonmuutokset,Kasvihuoneilmiö ympäristössä
,17003000,,,Säätiedotteet,"Ajokeli, merisää, siitepöly"
,,17003001,,Sääuutiset,
,17004000,,,Säätilastot,
,17005000,,,Säävaroitukset,"Jää, kulo, levä, lumi, metsäpalo, myrsky, tuuli"
