lc ,lpref ,
http://urn.fi/URN:NBN:fi:au:lapponica:L1 ,ahkiot ,gerresat
http://urn.fi/URN:NBN:fi:au:lapponica:L4 ,ahma ,geatki
http://urn.fi/URN:NBN:fi:au:lapponica:L6 ,akkalansaame ,áhkkilsápmi
http://urn.fi/URN:NBN:fi:au:lapponica:L9 ,akkulturaatio ,akkulturašuvdna
http://urn.fi/URN:NBN:fi:au:lapponica:L1153 ,Alaska ,Alaska
http://urn.fi/URN:NBN:fi:au:lapponica:L12 ,aleutin kieli ,aleuhtagiella
http://urn.fi/URN:NBN:fi:au:lapponica:L14 ,aleutit ,aleuhtat
http://urn.fi/URN:NBN:fi:au:lapponica:L17 ,alkuperäiskansat (Pohjoiset kansat) ,álgoálbmogat (davviálbmogat)
http://urn.fi/URN:NBN:fi:au:lapponica:L34 ,allasalueet ,álddesguovllut
http://urn.fi/URN:NBN:fi:au:lapponica:L40 ,alppilajit ,álpašlájat
http://urn.fi/URN:NBN:fi:au:lapponica:L45 ,Altan tapahtumat ,Álttá dáhpáhusat
http://urn.fi/URN:NBN:fi:au:lapponica:L47 ,aluebibliografiat ,guovllubibliografiijat
http://urn.fi/URN:NBN:fi:au:lapponica:L49 ,alueellinen identiteetti ,guvllolaš identitehta
http://urn.fi/URN:NBN:fi:au:lapponica:L53 ,alueellinen yhteistyö ,guvllolaš ovttasbargu
http://urn.fi/URN:NBN:fi:au:lapponica:L55 ,alueellistaminen ,guovlluiduhttin
http://urn.fi/URN:NBN:fi:au:lapponica:L57 ,alueellistuminen ,guovlluiduvvan
http://urn.fi/URN:NBN:fi:au:lapponica:L58 ,alueellisuus ,guvllolašvuohta
http://urn.fi/URN:NBN:fi:au:lapponica:L59 ,alueet ,guovllut
http://urn.fi/URN:NBN:fi:au:lapponica:L63 ,aluehallinto ,guovlluhálddahus
http://urn.fi/URN:NBN:fi:au:lapponica:L68 ,aluekehitys ,guovlluovdáneapmi
http://urn.fi/URN:NBN:fi:au:lapponica:L69 ,aluekokoelmat ,guovllučoakkáldagat
http://urn.fi/URN:NBN:fi:au:lapponica:L72 ,alueohjelmat ,guovlluprográmmat
http://urn.fi/URN:NBN:fi:au:lapponica:L73 ,alueorkesteritoiminta ,guovlluorkesterdoaibma
http://urn.fi/URN:NBN:fi:au:lapponica:L74 ,aluepolitiikka ,guovllupolitihkka
http://urn.fi/URN:NBN:fi:au:lapponica:L76 ,aluerakenne ,guovlluráhkadus
http://urn.fi/URN:NBN:fi:au:lapponica:L77 ,aluesuunnittelu ,guovlluplánen
http://urn.fi/URN:NBN:fi:au:lapponica:L80 ,aluetalous ,guovlluekonomiija
http://urn.fi/URN:NBN:fi:au:lapponica:L81 ,alueteatteritoiminta ,guovlluteáhterdoaibma
http://urn.fi/URN:NBN:fi:au:lapponica:L83 ,aluetiede ,guovlludieđa
http://urn.fi/URN:NBN:fi:au:lapponica:L48 ,aluetietokannat ,guovlludiehtovuođut
http://urn.fi/URN:NBN:fi:au:lapponica:L84 ,aluetutkimus ,guovlludutkan
http://urn.fi/URN:NBN:fi:au:lapponica:L85 ,ammattikalastus ,ámmátguolástus
http://urn.fi/URN:NBN:fi:au:lapponica:L87 ,ampuhaukka ,cižášfálli
http://urn.fi/URN:NBN:fi:au:lapponica:L90 ,ampumahiihto ,báhčinčuoigan
http://urn.fi/URN:NBN:fi:au:lapponica:L92 ,ansapyynti ,gárdebivdu
http://urn.fi/URN:NBN:fi:au:lapponica:L95 ,antarktinen alue ,antarktalaš guovlu
http://urn.fi/URN:NBN:fi:au:lapponica:L1154 ,Antarktis ,Antarktis
http://urn.fi/URN:NBN:fi:au:lapponica:L100 ,arjeploginsaame ,árjjapluovisápmi
http://urn.fi/URN:NBN:fi:au:lapponica:L101 ,arkeologia ,arkeologiija 
http://urn.fi/URN:NBN:fi:au:lapponica:L107 ,arkeologiset kaivaukset ,arkeologalaš roggamat
http://urn.fi/URN:NBN:fi:au:lapponica:L108 ,arkeologiset löydöt ,arkeologalaš gávdnosat
http://urn.fi/URN:NBN:fi:au:lapponica:L109 ,arkkutuolit ,bumbástuolut
http://urn.fi/URN:NBN:fi:au:lapponica:L111 ,arktinen alue ,arktalaš guovlu
http://urn.fi/URN:NBN:fi:au:lapponica:L115 ,arktinen hysteria ,arktalaš hysteriija
http://urn.fi/URN:NBN:fi:au:lapponica:L117 ,arktinen lääketiede ,arktalaš dálkkasdieđa
http://urn.fi/URN:NBN:fi:au:lapponica:L119 ,arktinen tekniikka ,arktalaš teknihkka
http://urn.fi/URN:NBN:fi:au:lapponica:L121 ,arktinen tutkimus ,arktalaš dutkan
http://urn.fi/URN:NBN:fi:au:lapponica:L124 ,arktinen yhteistyö ,arktalaš ovttasbargu
http://urn.fi/URN:NBN:fi:au:lapponica:L126 ,Arktis ,Arktis
http://urn.fi/URN:NBN:fi:au:lapponica:L1160 ,Arktis : Kanada ,Arktis : Kanada
http://urn.fi/URN:NBN:fi:au:lapponica:L1165 ,Arktis : Neuvostoliitto (hist.) ,Arktis : Sovjetlihttu (hist.)
http://urn.fi/URN:NBN:fi:au:lapponica:L1166 ,Arktis : Venäjä ,Arktis : Ruošša
http://urn.fi/URN:NBN:fi:au:lapponica:L31 ,arktiset kulttuurit ,arktalaš kultuvrrat
http://urn.fi/URN:NBN:fi:au:lapponica:L128 ,assimilaatio (sosiologia) ,assimilašuvdna (sosiologiija)
http://urn.fi/URN:NBN:fi:au:lapponica:L102 ,asuinpaikat ,orohagat
http://urn.fi/URN:NBN:fi:au:lapponica:L136 ,asunnot ,viesut
http://urn.fi/URN:NBN:fi:au:lapponica:L141 ,asuntolat ,ásodagat
http://urn.fi/URN:NBN:fi:au:lapponica:L143 ,asutushistoria ,ásaiduhttinhistorjá
http://urn.fi/URN:NBN:fi:au:lapponica:L146 ,asutusluotot ,ásaiduhttinloanat
http://urn.fi/URN:NBN:fi:au:lapponica:L147 ,asutuspolitiikka ,ásaiduhttinpolitihkka
http://urn.fi/URN:NBN:fi:au:lapponica:L148 ,asutustilat ,ásaiduhttindálut
http://urn.fi/URN:NBN:fi:au:lapponica:L151 ,asutustoiminta ,ássandoaibma
http://urn.fi/URN:NBN:fi:au:lapponica:L152 ,aurinko ,beaivváš
http://urn.fi/URN:NBN:fi:au:lapponica:L155 ,autiotuvat ,ávdinstobut
http://urn.fi/URN:NBN:fi:au:lapponica:L160 ,avohakkuut ,jalgačuohppamat
http://urn.fi/URN:NBN:fi:au:lapponica:L1168 ,Barentsin alue ,Barentsguovlu
http://urn.fi/URN:NBN:fi:au:lapponica:L162 ,Barentsin alue : yhteistyö ,Barentsguovlu : ovttasbargu
http://urn.fi/URN:NBN:fi:au:lapponica:L1170 ,Barentsinmeri ,Barentsáhpi
http://urn.fi/URN:NBN:fi:au:lapponica:L1171 ,Beaufortinmeri ,Beaufortmearra
http://urn.fi/URN:NBN:fi:au:lapponica:L165 ,Bidjovagge ,Biedjovággi (S)
http://urn.fi/URN:NBN:fi:au:lapponica:L167 ,Birtavarre ,Birtavárri (S)
http://urn.fi/URN:NBN:fi:au:lapponica:L168 ,bjarmit ,bjárpmat
http://urn.fi/URN:NBN:fi:au:lapponica:L170 ,duaali ,duála
http://urn.fi/URN:NBN:fi:au:lapponica:L172 ,duodji ,duodji
http://urn.fi/URN:NBN:fi:au:lapponica:L175 ,ekomatkailu ,ekoturisma
http://urn.fi/URN:NBN:fi:au:lapponica:L179 ,Elijärvi ,Elijärvi (S)
http://urn.fi/URN:NBN:fi:au:lapponica:L180 ,eläimet : palvonta ,eallit : bálvaleampi
http://urn.fi/URN:NBN:fi:au:lapponica:L184 ,eläinmaantiede ,ealligeografiija
http://urn.fi/URN:NBN:fi:au:lapponica:L185 ,eläinpuistot ,ealliidpárkkat
http://urn.fi/URN:NBN:fi:au:lapponica:L187 ,eläinurheilu ,ealliiguingilvaleapmi
http://urn.fi/URN:NBN:fi:au:lapponica:L18 ,enetsit ,enecat
http://urn.fi/URN:NBN:fi:au:lapponica:L190 ,enteet ,ovdasat
http://urn.fi/URN:NBN:fi:au:lapponica:L193 ,erakot ,oktooruhat
http://urn.fi/URN:NBN:fi:au:lapponica:L194 ,eräelämä ,meahccejohtin
http://urn.fi/URN:NBN:fi:au:lapponica:L195 ,eräkertomukset ,meahccejohtinmuitalusat
http://urn.fi/URN:NBN:fi:au:lapponica:L196 ,eräkirjallisuus ,meahccejohtingirjjálašvuohta
http://urn.fi/URN:NBN:fi:au:lapponica:L157 ,eräkämpät ,meahccegámppát
http://urn.fi/URN:NBN:fi:au:lapponica:L197 ,Erämaaliike ,Meahcceguovlolihkadus
http://urn.fi/URN:NBN:fi:au:lapponica:L198 ,erämaat ,meahcceguovllut
http://urn.fi/URN:NBN:fi:au:lapponica:L199 ,eräoppaat ,meahcceoahpisteaddjit
http://urn.fi/URN:NBN:fi:au:lapponica:L156 ,eräretkeily ,meahccevánddardeapmi
http://urn.fi/URN:NBN:fi:au:lapponica:L105 ,esihistoria ,ovdahistorjá
http://urn.fi/URN:NBN:fi:au:lapponica:L203 ,esikoislestadiolaisuus ,esikoislestadiolašvuohta
http://urn.fi/URN:NBN:fi:au:lapponica:L13 ,eskimokielet ,inuihtagielat
http://urn.fi/URN:NBN:fi:au:lapponica:L205 ,eskimokielet : Grönlanti ,inuihtagielat : Ruonáeana (Kalaallit Nunaat)
http://urn.fi/URN:NBN:fi:au:lapponica:L206 ,eskimot ,eskimot
http://urn.fi/URN:NBN:fi:au:lapponica:L1155 ,Etelämanner ,Lullinannán
http://urn.fi/URN:NBN:fi:au:lapponica:L99 ,etelänapa ,lullipola
http://urn.fi/URN:NBN:fi:au:lapponica:L207 ,eteläsaame ,lullisápmi
http://urn.fi/URN:NBN:fi:au:lapponica:L208 ,eteläsaamelaiset ,lullisámit
http://urn.fi/URN:NBN:fi:au:lapponica:L192 ,etiäiset ,ovdasaččat
http://urn.fi/URN:NBN:fi:au:lapponica:L209 ,etninen rock ,etnihkalaš rock
http://urn.fi/URN:NBN:fi:au:lapponica:L211 ,etninen syrjintä ,etnihkalaš vealaheapmi
http://urn.fi/URN:NBN:fi:au:lapponica:L212 ,etninen taide ,etnihkalaš dáidda
http://urn.fi/URN:NBN:fi:au:lapponica:L32 ,etniset ryhmät ,etnihkalaš joavkkut
http://urn.fi/URN:NBN:fi:au:lapponica:L213 ,etniset uskonnot ,etnihkalaš oskkut
http://urn.fi/URN:NBN:fi:au:lapponica:L33 ,etniset vähemmistöt ,etnihkalaš vehádagat
http://urn.fi/URN:NBN:fi:au:lapponica:L220 ,etnisyys ,etnihkalašvuohta
http://urn.fi/URN:NBN:fi:au:lapponica:L224 ,etnogeneesi ,etnogenesa
http://urn.fi/URN:NBN:fi:au:lapponica:L226 ,etnografia ,etnografiija
http://urn.fi/URN:NBN:fi:au:lapponica:L228 ,etnohistoria ,etnohistorjá
http://urn.fi/URN:NBN:fi:au:lapponica:L230 ,etnologia ,etnologiija
http://urn.fi/URN:NBN:fi:au:lapponica:L231 ,etnomusiikki ,etnomusihkka
http://urn.fi/URN:NBN:fi:au:lapponica:L232 ,etnomusikologia ,etnomusikologiija
http://urn.fi/URN:NBN:fi:au:lapponica:L235 ,etnopsykologia ,etnopsykologiija
http://urn.fi/URN:NBN:fi:au:lapponica:L236 ,evakko ,eváhkko
http://urn.fi/URN:NBN:fi:au:lapponica:L241 ,evakuointi ,evakueren
http://urn.fi/URN:NBN:fi:au:lapponica:L19 ,evenkit ,eveaŋggat
http://urn.fi/URN:NBN:fi:au:lapponica:L243 ,folklore KÄ kansanrunous ,folklore GE álbmotdikten
http://urn.fi/URN:NBN:fi:au:lapponica:L244 ,folklorismi ,folklorisma
http://urn.fi/URN:NBN:fi:au:lapponica:L246 ,folkloristiikka ,folkloristihkka
http://urn.fi/URN:NBN:fi:au:lapponica:L1156 ,Frans Joosefin maa ,Frans Jovsseha eana
http://urn.fi/URN:NBN:fi:au:lapponica:L247 ,freestyle ,freestyle
http://urn.fi/URN:NBN:fi:au:lapponica:L248 ,glasiaaligeologia ,glasiálageologiija
http://urn.fi/URN:NBN:fi:au:lapponica:L251 ,glasiologia ,glasiologiija
http://urn.fi/URN:NBN:fi:au:lapponica:L252 ,grönlannin kieli ,Ruonáeatnama giella
http://urn.fi/URN:NBN:fi:au:lapponica:L1172 ,Grönlanninmeri ,Ruonáeanamearra
http://urn.fi/URN:NBN:fi:au:lapponica:L1157 ,Grönlanti ,Ruonáeana (Kalaallit Nunaat)
http://urn.fi/URN:NBN:fi:au:lapponica:L253 ,grönlantilaiset ,ruonáeatnanlaččat
http://urn.fi/URN:NBN:fi:au:lapponica:L254 ,haahka ,hávda
http://urn.fi/URN:NBN:fi:au:lapponica:L56 ,hajautus ,háddjen
http://urn.fi/URN:NBN:fi:au:lapponica:L161 ,hakkuut ,čuohppamat
http://urn.fi/URN:NBN:fi:au:lapponica:L256 ,halla ,suoldni
http://urn.fi/URN:NBN:fi:au:lapponica:L259 ,haltijat ,háldit
http://urn.fi/URN:NBN:fi:au:lapponica:L262 ,hanhet ,čuotnjágat
http://urn.fi/URN:NBN:fi:au:lapponica:L1173 ,Hanti-Mansia ,Hanti-Mansiguovlu
http://urn.fi/URN:NBN:fi:au:lapponica:L266 ,hantin kieli ,hantigiella
http://urn.fi/URN:NBN:fi:au:lapponica:L20 ,hantit ,hantit
http://urn.fi/URN:NBN:fi:au:lapponica:L269 ,hapan laskeuma ,suvrra luoitin
http://urn.fi/URN:NBN:fi:au:lapponica:L270 ,happamoituminen ,suvrun
http://urn.fi/URN:NBN:fi:au:lapponica:L271 ,harjus ,hárri
http://urn.fi/URN:NBN:fi:au:lapponica:L89 ,haukat ,fállit
http://urn.fi/URN:NBN:fi:au:lapponica:L277 ,havumetsät ,goahccevuovddit
http://urn.fi/URN:NBN:fi:au:lapponica:L280 ,helmenpyynti ,bearalbivdu
http://urn.fi/URN:NBN:fi:au:lapponica:L282 ,helmikirjonta ,bearalherven
http://urn.fi/URN:NBN:fi:au:lapponica:L284 ,henkilönnimet ,olmmošnamat
http://urn.fi/URN:NBN:fi:au:lapponica:L286 ,herrnhutilaisuus ,herrnhutalašvuohta
http://urn.fi/URN:NBN:fi:au:lapponica:L288 ,herätysliikkeet ,morránanlihkadusat
http://urn.fi/URN:NBN:fi:au:lapponica:L290 ,hiihto ,čuoigan
http://urn.fi/URN:NBN:fi:au:lapponica:L293 ,hiihtohissit ,čuoiganhissat
http://urn.fi/URN:NBN:fi:au:lapponica:L294 ,hiihtokeskukset ,čuoiganguovddážat
http://urn.fi/URN:NBN:fi:au:lapponica:L296 ,hiihtoladut ,čuoiganláhtut
http://urn.fi/URN:NBN:fi:au:lapponica:L91 ,hiihtolajit ,čuoiganšlájat
http://urn.fi/URN:NBN:fi:au:lapponica:L297 ,hiihtosuunnistus ,čuoigandádjadeapmi
http://urn.fi/URN:NBN:fi:au:lapponica:L300 ,hiiripöllö ,sáhpánskuolfi
http://urn.fi/URN:NBN:fi:au:lapponica:L302 ,hilla ,luomi
http://urn.fi/URN:NBN:fi:au:lapponica:L306 ,himmelit ,himmelat
http://urn.fi/URN:NBN:fi:au:lapponica:L309 ,hopea ,silba
http://urn.fi/URN:NBN:fi:au:lapponica:L310 ,hopeatyöt ,silbaduojit
http://urn.fi/URN:NBN:fi:au:lapponica:L1158 ,Huippuvuoret ,Svalbárda
http://urn.fi/URN:NBN:fi:au:lapponica:L311 ,huippuvuortenpeura ,svalbárddagoddi
http://urn.fi/URN:NBN:fi:au:lapponica:L315 ,huurre ,bihci
http://urn.fi/URN:NBN:fi:au:lapponica:L318 ,hylkeenpyynti ,njuorjjobivdu
http://urn.fi/URN:NBN:fi:au:lapponica:L319 ,hylkeet ,njurjot
http://urn.fi/URN:NBN:fi:au:lapponica:L320 ,hyttyset ,
http://urn.fi/URN:NBN:fi:au:lapponica:L321 ,identiteetti ,identitehta
http://urn.fi/URN:NBN:fi:au:lapponica:L137 ,iglut ,iglut
http://urn.fi/URN:NBN:fi:au:lapponica:L323 ,ilman saastuminen ,áimmu nuoskun
http://urn.fi/URN:NBN:fi:au:lapponica:L324 ,ilmanlaatu ,áimmu kvalitehta
http://urn.fi/URN:NBN:fi:au:lapponica:L325 ,ilmansuojelu ,áimmusuodjaleami
http://urn.fi/URN:NBN:fi:au:lapponica:L326 ,ilmasto ,dálkkádat
http://urn.fi/URN:NBN:fi:au:lapponica:L328 ,ilmastonmuutokset ,dálkkádatnuppástusat
http://urn.fi/URN:NBN:fi:au:lapponica:L330 ,ilves ,albbas
http://urn.fi/URN:NBN:fi:au:lapponica:L331 ,inarinsaame ,anárašgiella
http://urn.fi/URN:NBN:fi:au:lapponica:L332 ,inarinsaamelaiset ,anáraččat
http://urn.fi/URN:NBN:fi:au:lapponica:L335 ,inughut ,inughut
http://urn.fi/URN:NBN:fi:au:lapponica:L16 ,inuitit ,inuihtat
http://urn.fi/URN:NBN:fi:au:lapponica:L337 ,isojako ,suorrajuohku
http://urn.fi/URN:NBN:fi:au:lapponica:L339 ,itsehallinto ,iešstivrejupmi
http://urn.fi/URN:NBN:fi:au:lapponica:L341 ,itsemäärääminen ,iešmearridanvuoigatvuohta
http://urn.fi/URN:NBN:fi:au:lapponica:L1174 ,Itä-Siperian meri ,Nuorta-Sibirjjá mearra
http://urn.fi/URN:NBN:fi:au:lapponica:L342 ,itäsaamelaiset ,nuortasámit
http://urn.fi/URN:NBN:fi:au:lapponica:L1175 ,Jakutia ,Jakuhttaguovlu
http://urn.fi/URN:NBN:fi:au:lapponica:L21 ,jakuutit ,jakuhtat (sahalaččat)
http://urn.fi/URN:NBN:fi:au:lapponica:L345 ,jalkineet ,gápmagat
http://urn.fi/URN:NBN:fi:au:lapponica:L1177 ,Jamalin Nenetsia ,Jamalnjárgga Njenecaguovlu
http://urn.fi/URN:NBN:fi:au:lapponica:L1179 ,Jamalin niemimaa ,Jamalnjárga
http://urn.fi/URN:NBN:fi:au:lapponica:L1159 ,Jan Mayen ,Jan Mayen
http://urn.fi/URN:NBN:fi:au:lapponica:L351 ,jatulintarhat ,jatulagárddit
http://urn.fi/URN:NBN:fi:au:lapponica:L353 ,jatulit ,jatulat
http://urn.fi/URN:NBN:fi:au:lapponica:L355 ,jeniseinsamojedit ,jeniseisamojedat
http://urn.fi/URN:NBN:fi:au:lapponica:L356 ,joiut ,luođit
http://urn.fi/URN:NBN:fi:au:lapponica:L361 ,jokisaamelaiset ,johkasámit
http://urn.fi/URN:NBN:fi:au:lapponica:L362 ,joppaus ,
http://urn.fi/URN:NBN:fi:au:lapponica:L363 ,joulu ,juovllat
http://urn.fi/URN:NBN:fi:au:lapponica:L364 ,jouluevankeliumi ,juovlaevangelium
http://urn.fi/URN:NBN:fi:au:lapponica:L365 ,joulukertomukset ,juovlamuitalusat
http://urn.fi/URN:NBN:fi:au:lapponica:L307 ,joulukoristeet ,juovlačiŋat
http://urn.fi/URN:NBN:fi:au:lapponica:L366 ,joulukortit ,juovlagoarttat
http://urn.fi/URN:NBN:fi:au:lapponica:L367 ,joulukuuset ,juovlaguosat
http://urn.fi/URN:NBN:fi:au:lapponica:L368 ,joululaulut ,juovlalávlagat
http://urn.fi/URN:NBN:fi:au:lapponica:L369 ,joululehdet ,juovlabláđit
http://urn.fi/URN:NBN:fi:au:lapponica:L370 ,joulunäytelmät ,juovlačájálmasat
http://urn.fi/URN:NBN:fi:au:lapponica:L372 ,joulupukit ,juovlastálut
http://urn.fi/URN:NBN:fi:au:lapponica:L373 ,joulurunot ,juovladivttat
http://urn.fi/URN:NBN:fi:au:lapponica:L374 ,joutsenet ,njuvččat
http://urn.fi/URN:NBN:fi:au:lapponica:L214 ,jumalat ,ipmilat
http://urn.fi/URN:NBN:fi:au:lapponica:L376 ,jurakkisamojedit ,juráhkkasamojedat
http://urn.fi/URN:NBN:fi:au:lapponica:L377 ,jutaminen ,johtin
http://urn.fi/URN:NBN:fi:au:lapponica:L381 ,juurityöt ,veaddeduojit
http://urn.fi/URN:NBN:fi:au:lapponica:L383 ,jäkälät ,jeahkálat
http://urn.fi/URN:NBN:fi:au:lapponica:L385 ,jälleenrakennus ,ođđasithuksendoaibma
http://urn.fi/URN:NBN:fi:au:lapponica:L388 ,jänkäkurppa ,uhcameahkástat
http://urn.fi/URN:NBN:fi:au:lapponica:L333 ,järvisaamelaiset ,jávresámit
http://urn.fi/URN:NBN:fi:au:lapponica:L389 ,jätkänkynttilä ,
http://urn.fi/URN:NBN:fi:au:lapponica:L391 ,jätkät ,jeatkkát
http://urn.fi/URN:NBN:fi:au:lapponica:L354 ,jättiläiset ,jiehtanasat
http://urn.fi/URN:NBN:fi:au:lapponica:L395 ,jää ,jiekŋa
http://urn.fi/URN:NBN:fi:au:lapponica:L397 ,jääkarhu ,jiekŋaguovža
http://urn.fi/URN:NBN:fi:au:lapponica:L249 ,jääkaudet ,jiekŋaáiggit
http://urn.fi/URN:NBN:fi:au:lapponica:L399 ,jääkausigeologia ,jiekŋaáigegeologiija
http://urn.fi/URN:NBN:fi:au:lapponica:L400 ,Jäämeren kysymys ,Jiekŋameara gažaldat
http://urn.fi/URN:NBN:fi:au:lapponica:L1180 ,Jäämeri ,Jiekŋamearra
http://urn.fi/URN:NBN:fi:au:lapponica:L401 ,jäänmurtajat ,jiekŋadoajárat
http://urn.fi/URN:NBN:fi:au:lapponica:L402 ,jäänveisto ,jiekŋačuollandáidu
http://urn.fi/URN:NBN:fi:au:lapponica:L405 ,jääpeite ,jiekŋagovččas
http://urn.fi/URN:NBN:fi:au:lapponica:L406 ,jääpurjehdus ,jieŋamielborjjasteapmi
http://urn.fi/URN:NBN:fi:au:lapponica:L407 ,jäätiköntutkimus ,jiehkkedutkan
http://urn.fi/URN:NBN:fi:au:lapponica:L408 ,jäätiköt ,jiehkit
http://urn.fi/URN:NBN:fi:au:lapponica:L409 ,jäätutkimus ,jiekŋadutkan
http://urn.fi/URN:NBN:fi:au:lapponica:L410 ,jäätyminen ,jiekŋun
http://urn.fi/URN:NBN:fi:au:lapponica:L411 ,jäävuoret ,jiekŋavárit
http://urn.fi/URN:NBN:fi:au:lapponica:L153 ,kaamos ,skábma
http://urn.fi/URN:NBN:fi:au:lapponica:L116 ,kaamosmasennus ,skábmašlundun
http://urn.fi/URN:NBN:fi:au:lapponica:L412 ,kaarnikka ,čáhppesmuorji
http://urn.fi/URN:NBN:fi:au:lapponica:L414 ,kaasunporaus ,gássabohkan
http://urn.fi/URN:NBN:fi:au:lapponica:L417 ,kainulaiset ,gáidnolaččat
http://urn.fi/URN:NBN:fi:au:lapponica:L106 ,kaivaukset ,roggamat
http://urn.fi/URN:NBN:fi:au:lapponica:L166 ,kaivokset ,ruvkket
http://urn.fi/URN:NBN:fi:au:lapponica:L435 ,kaivostoiminta ,ruvkedoaibma
http://urn.fi/URN:NBN:fi:au:lapponica:L436 ,kajakit ,kajáhkat
http://urn.fi/URN:NBN:fi:au:lapponica:L438 ,kaksikielisyys ,guvttegielalašvuohta
http://urn.fi/URN:NBN:fi:au:lapponica:L441 ,kalajumalat ,guolleipmilat
http://urn.fi/URN:NBN:fi:au:lapponica:L443 ,kalakannat ,guollenálit
http://urn.fi/URN:NBN:fi:au:lapponica:L445 ,kalanistutus ,guollegilvin
http://urn.fi/URN:NBN:fi:au:lapponica:L446 ,kalanviljely ,guollešaddadeapmi
http://urn.fi/URN:NBN:fi:au:lapponica:L447 ,kalaportaat ,guolleráhpat
http://urn.fi/URN:NBN:fi:au:lapponica:L334 ,kalastajasaamelaiset ,guolásteaddjisámit
http://urn.fi/URN:NBN:fi:au:lapponica:L448 ,kalastajat ,guolásteaddjit
http://urn.fi/URN:NBN:fi:au:lapponica:L86 ,kalastus ,guolástus
http://urn.fi/URN:NBN:fi:au:lapponica:L458 ,kalastuskunnat ,guolástangottit
http://urn.fi/URN:NBN:fi:au:lapponica:L459 ,kalastusmatkailu ,guolástanturisma
http://urn.fi/URN:NBN:fi:au:lapponica:L460 ,kalastusoikeus ,guolástanvuoigatvuohta
http://urn.fi/URN:NBN:fi:au:lapponica:L461 ,kalastuspaikat ,guolástanbáikkit
http://urn.fi/URN:NBN:fi:au:lapponica:L462 ,kalastusvälineet ,guolástanneavvut
http://urn.fi/URN:NBN:fi:au:lapponica:L272 ,kalat ,guolit
http://urn.fi/URN:NBN:fi:au:lapponica:L478 ,kalatalous ,guolledoallu
http://urn.fi/URN:NBN:fi:au:lapponica:L479 ,kalateollisuus ,guolleindustriija
http://urn.fi/URN:NBN:fi:au:lapponica:L480 ,kalatiet ,guollejohtolagat
http://urn.fi/URN:NBN:fi:au:lapponica:L481 ,kalavedet ,guollečázit
http://urn.fi/URN:NBN:fi:au:lapponica:L482 ,kalliokiipeily ,báktegavccodeapmi
http://urn.fi/URN:NBN:fi:au:lapponica:L484 ,kalliotaide ,báktedáidda
http://urn.fi/URN:NBN:fi:au:lapponica:L346 ,kallokkaat ,gállohat
http://urn.fi/URN:NBN:fi:au:lapponica:L138 ,kammit ,gámmet
http://urn.fi/URN:NBN:fi:au:lapponica:L437 ,kanootit ,kanohtat
http://urn.fi/URN:NBN:fi:au:lapponica:L485 ,kanoottiretkeily ,kanohttavánddardeapmi
http://urn.fi/URN:NBN:fi:au:lapponica:L163 ,kansainvälinen yhteistyö ,riikkaidgaskasaš ovttasbargu
http://urn.fi/URN:NBN:fi:au:lapponica:L222 ,kansallinen identiteetti ,čearddalaš identitehta
http://urn.fi/URN:NBN:fi:au:lapponica:L218 ,kansalliset vähemmistöt ,čearddalaš vehádagat
http://urn.fi/URN:NBN:fi:au:lapponica:L223 ,kansallisuus ,čearddalašvuohta
http://urn.fi/URN:NBN:fi:au:lapponica:L492 ,kansallisuusliikkeet ,čearddalašvuođalihkadusat
http://urn.fi/URN:NBN:fi:au:lapponica:L493 ,kansallisuuspolitiikka ,čearddalašvuođapolitihkka
http://urn.fi/URN:NBN:fi:au:lapponica:L495 ,kansanelämä ,álbmoteallin
http://urn.fi/URN:NBN:fi:au:lapponica:L358 ,kansanlaulut ,álbmotlávlagat
http://urn.fi/URN:NBN:fi:au:lapponica:L499 ,kansanlääkintä ,álbmotdálkun
http://urn.fi/URN:NBN:fi:au:lapponica:L503 ,kansanmusiikintutkimus ,álbmotmusihka dutkan
http://urn.fi/URN:NBN:fi:au:lapponica:L233 ,kansanmusiikki ,álbmotmusihkka
http://urn.fi/URN:NBN:fi:au:lapponica:L506 ,kansanmusiikki : inuitit ,álbmotmusihkka : inuihtat
http://urn.fi/URN:NBN:fi:au:lapponica:L357 ,kansanmusiikki : saamelaiset ,álbmotmusihkka : sámit
http://urn.fi/URN:NBN:fi:au:lapponica:L508 ,kansanopetus ,álbmotoahpahus
http://urn.fi/URN:NBN:fi:au:lapponica:L245 ,kansanperinne ,álbmotárbi
http://urn.fi/URN:NBN:fi:au:lapponica:L519 ,kansanpuvut : saamelaiset ,čeardabiktasat : sámit
http://urn.fi/URN:NBN:fi:au:lapponica:L521 ,kansanrunoudentutkimus ,álbmotdiktendutkan
http://urn.fi/URN:NBN:fi:au:lapponica:L511 ,kansanrunous ,álbmotdikten
http://urn.fi/URN:NBN:fi:au:lapponica:L522 ,kansansadut ,álbmotmáidnasat
http://urn.fi/URN:NBN:fi:au:lapponica:L514 ,kansantaide ,álbmotdáidda
http://urn.fi/URN:NBN:fi:au:lapponica:L524 ,kansantanssit : inuitit ,álbmotdánsumat : inuihtat
http://urn.fi/URN:NBN:fi:au:lapponica:L526 ,kansantarinat ,álbmotmuitalusat
http://urn.fi/URN:NBN:fi:au:lapponica:L496 ,kansantavat ,álbmotvierut
http://urn.fi/URN:NBN:fi:au:lapponica:L191 ,kansanusko ,álbmotosku
http://urn.fi/URN:NBN:fi:au:lapponica:L227 ,kansatiede ,álbmotdieđa
http://urn.fi/URN:NBN:fi:au:lapponica:L1181 ,Karanmeri ,Karanmearra
http://urn.fi/URN:NBN:fi:au:lapponica:L532 ,karhu ,guovža
http://urn.fi/URN:NBN:fi:au:lapponica:L181 ,karhukultti ,guovžakulta
http://urn.fi/URN:NBN:fi:au:lapponica:L398 ,karhut ,guovžžat
http://urn.fi/URN:NBN:fi:au:lapponica:L312 ,karibu ,karibu
http://urn.fi/URN:NBN:fi:au:lapponica:L534 ,karjalaiset ,gárjillaččat
http://urn.fi/URN:NBN:fi:au:lapponica:L1185 ,Karjalan tasavalta ,Gárjila dásseváldi
http://urn.fi/URN:NBN:fi:au:lapponica:L536 ,karsikot ,muitomuorat
http://urn.fi/URN:NBN:fi:au:lapponica:L539 ,kartat ,kárttat
http://urn.fi/URN:NBN:fi:au:lapponica:L329 ,kasvihuoneilmiö ,šaddovisteiđa
http://urn.fi/URN:NBN:fi:au:lapponica:L543 ,kasvillisuus ,šattolašvuohta
http://urn.fi/URN:NBN:fi:au:lapponica:L547 ,kasvimaantiede ,šaddogeografiija
http://urn.fi/URN:NBN:fi:au:lapponica:L548 ,kasvit ,šattut
http://urn.fi/URN:NBN:fi:au:lapponica:L509 ,katekeettalaitos ,katekehttavuogádat
http://urn.fi/URN:NBN:fi:au:lapponica:L552 ,katkaravut ,reahkat
http://urn.fi/URN:NBN:fi:au:lapponica:L553 ,kauppa ,gávpi
http://urn.fi/URN:NBN:fi:au:lapponica:L560 ,kauppatiet ,gávpejohtolagat
http://urn.fi/URN:NBN:fi:au:lapponica:L561 ,Kautokeinon kapina ,Guovdageainnu dáhpáhusat
http://urn.fi/URN:NBN:fi:au:lapponica:L564 ,kehdot ,geahtut
http://urn.fi/URN:NBN:fi:au:lapponica:L60 ,kehitysalueet ,ovddidanguovllut
http://urn.fi/URN:NBN:fi:au:lapponica:L566 ,kehitysalueluotot ,ovddidanguovloloanat
http://urn.fi/URN:NBN:fi:au:lapponica:L567 ,Keivitsa ,Kevitsa
http://urn.fi/URN:NBN:fi:au:lapponica:L568 ,kelirikko ,siivvuhisvuohta
http://urn.fi/URN:NBN:fi:au:lapponica:L570 ,kelkkailu ,gielkkástallan
http://urn.fi/URN:NBN:fi:au:lapponica:L572 ,kelo ,soarvi
http://urn.fi/URN:NBN:fi:au:lapponica:L574 ,kelonveisto ,soarvefearrandáidu
http://urn.fi/URN:NBN:fi:au:lapponica:L575 ,kelopuut ,soarvemuorat
http://urn.fi/URN:NBN:fi:au:lapponica:L576 ,keminsaamelaiset ,giemasámit
http://urn.fi/URN:NBN:fi:au:lapponica:L350 ,kenkäheinät ,gámasuoinnit
http://urn.fi/URN:NBN:fi:au:lapponica:L577 ,keräily ,čoakkildeapmi
http://urn.fi/URN:NBN:fi:au:lapponica:L579 ,keräilykulttuurit ,čoakkildankultuvrrat
http://urn.fi/URN:NBN:fi:au:lapponica:L580 ,keräkurmitsa ,láfol
http://urn.fi/URN:NBN:fi:au:lapponica:L154 ,keskiyön aurinko ,gaskaija beaivváš
http://urn.fi/URN:NBN:fi:au:lapponica:L177 ,kestävä kehitys ,bistevaš ovdáneapmi
http://urn.fi/URN:NBN:fi:au:lapponica:L581 ,kesämatkailu ,geasseturisma
http://urn.fi/URN:NBN:fi:au:lapponica:L583 ,Kevitsa ,Kevitsa
http://urn.fi/URN:NBN:fi:au:lapponica:L219 ,kielelliset vähemmistöt ,gielalaš vehádagat
http://urn.fi/URN:NBN:fi:au:lapponica:L129 ,kielenvaihto ,giellamolsun
http://urn.fi/URN:NBN:fi:au:lapponica:L584 ,kielikysymys ,giellagažaldat
http://urn.fi/URN:NBN:fi:au:lapponica:L585 ,kielimaantiede ,giellageografiija
http://urn.fi/URN:NBN:fi:au:lapponica:L586 ,kielipesät ,giellabeasit
http://urn.fi/URN:NBN:fi:au:lapponica:L588 ,kielipolitiikka ,giellapolitihkka
http://urn.fi/URN:NBN:fi:au:lapponica:L510 ,kiertokoulu ,gierdonskuvla
http://urn.fi/URN:NBN:fi:au:lapponica:L589 ,kiiruna ,giron
http://urn.fi/URN:NBN:fi:au:lapponica:L591 ,kildininsaame ,gielddasápmi
http://urn.fi/URN:NBN:fi:au:lapponica:L263 ,kiljuhanhi ,giljobaš
http://urn.fi/URN:NBN:fi:au:lapponica:L592 ,kirjallisuus : saamelaiset ,girjjálašvuohta : sámit
http://urn.fi/URN:NBN:fi:au:lapponica:L466 ,kirjolohi ,girjeluossa
http://urn.fi/URN:NBN:fi:au:lapponica:L283 ,kirjonta ,herven
http://urn.fi/URN:NBN:fi:au:lapponica:L593 ,kirkkotuvat ,girkostobut
http://urn.fi/URN:NBN:fi:au:lapponica:L594 ,Kirunavaara ,Gironvárri
http://urn.fi/URN:NBN:fi:au:lapponica:L595 ,kivikautiset kulttuurit ,geađgeáiggi kulttuvrrat
http://urn.fi/URN:NBN:fi:au:lapponica:L597 ,knihtikontrahdit ,knihttakontrávttat
http://urn.fi/URN:NBN:fi:au:lapponica:L139 ,kodat ,goađit
http://urn.fi/URN:NBN:fi:au:lapponica:L1186 ,Koillisväylä ,Nuortadavvimearrajohtolat
http://urn.fi/URN:NBN:fi:au:lapponica:L601 ,koira ,beana
http://urn.fi/URN:NBN:fi:au:lapponica:L609 ,koiravaljakot ,beanagessosat
http://urn.fi/URN:NBN:fi:au:lapponica:L610 ,koivu ,soahki
http://urn.fi/URN:NBN:fi:au:lapponica:L614 ,Kolosjoki ,Nihkkel
http://urn.fi/URN:NBN:fi:au:lapponica:L615 ,koltansaame ,nuortalašgiella
http://urn.fi/URN:NBN:fi:au:lapponica:L343 ,kolttasaamelaiset ,nuortalaččat
http://urn.fi/URN:NBN:fi:au:lapponica:L149 ,kolttatilat ,nuortalašdálut
http://urn.fi/URN:NBN:fi:au:lapponica:L1187 ,Komi ,Komi
http://urn.fi/URN:NBN:fi:au:lapponica:L617 ,komin kieli ,komigiella
http://urn.fi/URN:NBN:fi:au:lapponica:L22 ,komipermjakit ,komipermjakat
http://urn.fi/URN:NBN:fi:au:lapponica:L23 ,komit ,komit
http://urn.fi/URN:NBN:fi:au:lapponica:L596 ,Komsan kulttuuri ,Komsa-kultuvra
http://urn.fi/URN:NBN:fi:au:lapponica:L565 ,komsiot ,gietkamat
http://urn.fi/URN:NBN:fi:au:lapponica:L619 ,konekaivu ,mašiidnaroggan
http://urn.fi/URN:NBN:fi:au:lapponica:L289 ,Korpela-liike ,Korpela-lihkadus
http://urn.fi/URN:NBN:fi:au:lapponica:L620 ,korppi ,gáranas
http://urn.fi/URN:NBN:fi:au:lapponica:L621 ,korukivet ,hearvageađggit
http://urn.fi/URN:NBN:fi:au:lapponica:L622 ,koskenlasku ,guoikaluoitin
http://urn.fi/URN:NBN:fi:au:lapponica:L624 ,koskikara ,guoikgáhrit
http://urn.fi/URN:NBN:fi:au:lapponica:L625 ,kotakäräjät ,goahtegearregat
http://urn.fi/URN:NBN:fi:au:lapponica:L627 ,kotiseutukokoelmat ,ruovttuguovločoakkádagat
http://urn.fi/URN:NBN:fi:au:lapponica:L628 ,kotiseutukuvaukset,ruovttuguovlogovvideamit
http://urn.fi/URN:NBN:fi:au:lapponica:L629 ,kotiseutututkimus ,ruovttuguovlodutkan
http://urn.fi/URN:NBN:fi:au:lapponica:L630 ,kotiseututyö ,ruovttuguovlobargu
http://urn.fi/URN:NBN:fi:au:lapponica:L631 ,kotiseutuyhdistykset ,ruovttuguovloovttastusat
http://urn.fi/URN:NBN:fi:au:lapponica:L451 ,kotitarvekalastus ,ruovttudárbobivdu
http://urn.fi/URN:NBN:fi:au:lapponica:L632 ,kotkat ,goaskimat
http://urn.fi/URN:NBN:fi:au:lapponica:L635 ,kruununmetsätorpparit ,kruvnnameahccetoarpárat
http://urn.fi/URN:NBN:fi:au:lapponica:L637 ,kufittaret ,gufihttarat
http://urn.fi/URN:NBN:fi:au:lapponica:L638 ,kulkureitit ,johtolagat
http://urn.fi/URN:NBN:fi:au:lapponica:L640 ,kullanhuuhdonta ,golledoidin
http://urn.fi/URN:NBN:fi:au:lapponica:L641 ,kullankaivajat ,golleroggit
http://urn.fi/URN:NBN:fi:au:lapponica:L642 ,kullankaivu ,golleroggan
http://urn.fi/URN:NBN:fi:au:lapponica:L549 ,kullero ,boallorássi
http://urn.fi/URN:NBN:fi:au:lapponica:L643 ,kulta ,golli
http://urn.fi/URN:NBN:fi:au:lapponica:L182 ,kultit ,kulttat
http://urn.fi/URN:NBN:fi:au:lapponica:L322 ,kulttuuri-identiteetti ,kulturidentitehta
http://urn.fi/URN:NBN:fi:au:lapponica:L530 ,kulttuuriantropologia ,kulturantropologiija
http://urn.fi/URN:NBN:fi:au:lapponica:L645 ,kulttuuriekologia ,kulturekologiija
http://urn.fi/URN:NBN:fi:au:lapponica:L531 ,kulttuurihistoria ,kulturhistorjá
http://urn.fi/URN:NBN:fi:au:lapponica:L11 ,kulttuurikosketukset ,kulturguoskkahusat
http://urn.fi/URN:NBN:fi:au:lapponica:L647 ,kulttuurimaantiede ,kulturgeografiija
http://urn.fi/URN:NBN:fi:au:lapponica:L648 ,kulttuurimatkailu ,kulturturisma
http://urn.fi/URN:NBN:fi:au:lapponica:L646 ,kulttuurivaikutukset ,kultuváikkuhusat
http://urn.fi/URN:NBN:fi:au:lapponica:L649 ,kulttuuriympäristö ,kulturbiras
http://urn.fi/URN:NBN:fi:au:lapponica:L1189 ,Kuolan niemimaa ,Guoládatnjárga
http://urn.fi/URN:NBN:fi:au:lapponica:L8 ,kuolansaame ,guoládatsápmi
http://urn.fi/URN:NBN:fi:au:lapponica:L344 ,kuolansaamelaiset ,guoládatsámit
http://urn.fi/URN:NBN:fi:au:lapponica:L651 ,kuolansaamelaiset ,guoládatsápmelaččat
http://urn.fi/URN:NBN:fi:au:lapponica:L538 ,kuolema ,jápmin
http://urn.fi/URN:NBN:fi:au:lapponica:L653 ,kuukkeli ,guovssat
http://urn.fi/URN:NBN:fi:au:lapponica:L316 ,kuura ,bihci
http://urn.fi/URN:NBN:fi:au:lapponica:L654 ,kuusi ,guossa
http://urn.fi/URN:NBN:fi:au:lapponica:L403 ,kuvanveisto ,govvačuollandáidu
http://urn.fi/URN:NBN:fi:au:lapponica:L250 ,kvartäärigeologia ,kvartárageologiija
http://urn.fi/URN:NBN:fi:au:lapponica:L656 ,kveenin kieli ,kvenagiella
http://urn.fi/URN:NBN:fi:au:lapponica:L419 ,kveenit ,kvenat
http://urn.fi/URN:NBN:fi:au:lapponica:L659 ,kylmyys ,galmmasvuohta
http://urn.fi/URN:NBN:fi:au:lapponica:L122 ,kylmän ilmanalan tutkimus ,galbma áimmu dutkan
http://urn.fi/URN:NBN:fi:au:lapponica:L258 ,kylmänkestävyys ,galbmasagierdan
http://urn.fi/URN:NBN:fi:au:lapponica:L120 ,kylmätekniikka ,galbmateknihkka
http://urn.fi/URN:NBN:fi:au:lapponica:L661 ,kylmään sopeutuminen ,galbmasii vuoigáduvvan
http://urn.fi/URN:NBN:fi:au:lapponica:L662 ,kylähistoriikit ,gillehistorihkat
http://urn.fi/URN:NBN:fi:au:lapponica:L664 ,kyläsuunnittelu ,gilleplánen
http://urn.fi/URN:NBN:fi:au:lapponica:L665 ,kylät ,gilit
http://urn.fi/URN:NBN:fi:au:lapponica:L666 ,kylätoiminta ,gilledoibma
http://urn.fi/URN:NBN:fi:au:lapponica:L667 ,kylätutkimus ,gilledutkan
http://urn.fi/URN:NBN:fi:au:lapponica:L655 ,kynttiläkuusi ,ginttalguossa
http://urn.fi/URN:NBN:fi:au:lapponica:L668 ,kyytilaitos ,sáhtostanvuogádat
http://urn.fi/URN:NBN:fi:au:lapponica:L669 ,kämppäemännät ,gámpáeamidat
http://urn.fi/URN:NBN:fi:au:lapponica:L140 ,kämpät ,gámppát
http://urn.fi/URN:NBN:fi:au:lapponica:L671 ,käsiteollisuus ,giehtaduodjeindustriija
http://urn.fi/URN:NBN:fi:au:lapponica:L515 ,käsityöperinne ,giehtaduodjeárbi
http://urn.fi/URN:NBN:fi:au:lapponica:L382 ,käsityöt ,giehtaduojit
http://urn.fi/URN:NBN:fi:au:lapponica:L1161 ,Labrador ,Labrador
http://urn.fi/URN:NBN:fi:au:lapponica:L352 ,labyrintit ,labyrinttat
http://urn.fi/URN:NBN:fi:au:lapponica:L291 ,ladut ,láhtut
http://urn.fi/URN:NBN:fi:au:lapponica:L676 ,laivamatkailu ,dámpaturisma
http://urn.fi/URN:NBN:fi:au:lapponica:L677 ,lakimetsät ,alášvuovddit
http://urn.fi/URN:NBN:fi:au:lapponica:L305 ,lakka ,
http://urn.fi/URN:NBN:fi:au:lapponica:L678 ,langat ,árpput
http://urn.fi/URN:NBN:fi:au:lapponica:L680 ,lapin kieli ,
http://urn.fi/URN:NBN:fi:au:lapponica:L681 ,Lapin sota ,Lappi soahti
http://urn.fi/URN:NBN:fi:au:lapponica:L682 ,lapinkirvinen ,sieđgacivkkán
http://urn.fi/URN:NBN:fi:au:lapponica:L602 ,lapinkoirat ,sámebeatnagat
http://urn.fi/URN:NBN:fi:au:lapponica:L683 ,lapinkylät (hist.) ,sámesiiddat (hist.)
http://urn.fi/URN:NBN:fi:au:lapponica:L686 ,lapinkäynti (hist.) ,sámejohtin (hist.)
http://urn.fi/URN:NBN:fi:au:lapponica:L690 ,lapinlehmä ,sámegussa
http://urn.fi/URN:NBN:fi:au:lapponica:L692 ,lapinmyyrä ,dábálaš sáhpán
http://urn.fi/URN:NBN:fi:au:lapponica:L603 ,lapinporokoira ,sámeboazobeana
http://urn.fi/URN:NBN:fi:au:lapponica:L520 ,lapinpuvut ,sámegávttit
http://urn.fi/URN:NBN:fi:au:lapponica:L694 ,lapinpöllö ,ránesskuolfi
http://urn.fi/URN:NBN:fi:au:lapponica:L695 ,lappalaiset ,lappalaččat
http://urn.fi/URN:NBN:fi:au:lapponica:L696 ,lappalaiset (hist.) ,lappalaččat (hist.)
http://urn.fi/URN:NBN:fi:au:lapponica:L697 ,lappalaiskodisilli ,lappekodisilla
http://urn.fi/URN:NBN:fi:au:lapponica:L50 ,lappilaisuus ,lappilašvuohta
http://urn.fi/URN:NBN:fi:au:lapponica:L700 ,lappologit (hist.) ,lappologat (hist.)
http://urn.fi/URN:NBN:fi:au:lapponica:L703 ,lapsikauppa ,mánnágávpi
http://urn.fi/URN:NBN:fi:au:lapponica:L1182 ,Laptevinmeri ,Laptevmearra
http://urn.fi/URN:NBN:fi:au:lapponica:L44 ,laskettelu ,čierastallan
http://urn.fi/URN:NBN:fi:au:lapponica:L375 ,laulujoutsen ,njukča
http://urn.fi/URN:NBN:fi:au:lapponica:L691 ,lehmät ,gusat
http://urn.fi/URN:NBN:fi:au:lapponica:L204 ,lestadiolaisuus ,lestadiolašvuohta
http://urn.fi/URN:NBN:fi:au:lapponica:L359 ,leuddit ,leuddet
http://urn.fi/URN:NBN:fi:au:lapponica:L704 ,liikutukset ,lihkahusat
http://urn.fi/URN:NBN:fi:au:lapponica:L88 ,linnut ,lottit
http://urn.fi/URN:NBN:fi:au:lapponica:L720 ,lintuvuoret ,loddevárit
http://urn.fi/URN:NBN:fi:au:lapponica:L467 ,lohi ,luossa
http://urn.fi/URN:NBN:fi:au:lapponica:L273 ,lohikalat ,luossaguolit
http://urn.fi/URN:NBN:fi:au:lapponica:L464 ,lohipadot ,luossabuođut
http://urn.fi/URN:NBN:fi:au:lapponica:L721 ,Lokka ,Lokka (P)
http://urn.fi/URN:NBN:fi:au:lapponica:L722 ,luistelu ,luisten
http://urn.fi/URN:NBN:fi:au:lapponica:L404 ,lumenveisto ,muohtačuollandáidu
http://urn.fi/URN:NBN:fi:au:lapponica:L317 ,lumi ,muohta
http://urn.fi/URN:NBN:fi:au:lapponica:L347 ,lumikengät ,muohtagápmagat
http://urn.fi/URN:NBN:fi:au:lapponica:L724 ,lumilautailu ,muohtafiellostallan
http://urn.fi/URN:NBN:fi:au:lapponica:L725 ,lumilinnat ,muohtalatnit
http://urn.fi/URN:NBN:fi:au:lapponica:L726 ,lumimajat ,muohtavisožat
http://urn.fi/URN:NBN:fi:au:lapponica:L727 ,lumipeite ,muohtagovččas
http://urn.fi/URN:NBN:fi:au:lapponica:L728 ,lumipeite : puut ,muohtagovččas : muorat
http://urn.fi/URN:NBN:fi:au:lapponica:L730 ,lumirakentaminen ,muohtahuksen
http://urn.fi/URN:NBN:fi:au:lapponica:L732 ,lumivyöryt ,uđđasat
http://urn.fi/URN:NBN:fi:au:lapponica:L733 ,luonnonmaantiede ,luonddugeografiija
http://urn.fi/URN:NBN:fi:au:lapponica:L304 ,luonnonmarjat ,luonddumuorjjit
http://urn.fi/URN:NBN:fi:au:lapponica:L736 ,luonnonmetsät ,luondduvuovddit
http://urn.fi/URN:NBN:fi:au:lapponica:L737 ,luonnonmukainen metsänhoito ,ekologalaš vuovdedikšun
http://urn.fi/URN:NBN:fi:au:lapponica:L183 ,luonnonpalvonta ,luonddubálvaleapmi
http://urn.fi/URN:NBN:fi:au:lapponica:L500 ,luonnonparannus ,luonddudálkun
http://urn.fi/URN:NBN:fi:au:lapponica:L491 ,luonnonpuistot ,luonddumeahcit
http://urn.fi/URN:NBN:fi:au:lapponica:L739 ,luonnonsuojelu ,luonddusuodjaleapmi
http://urn.fi/URN:NBN:fi:au:lapponica:L490 ,luonnonsuojelualueet ,luonddusuodjalanguovllut
http://urn.fi/URN:NBN:fi:au:lapponica:L742 ,luonnonvarat ,luondduriggodagat
http://urn.fi/URN:NBN:fi:au:lapponica:L743 ,luontaiselinkeinot ,luondduealáhusat
http://urn.fi/URN:NBN:fi:au:lapponica:L616 ,luontaiselinkeinotilat ,luondduealáhusdálut
http://urn.fi/URN:NBN:fi:au:lapponica:L744 ,luontoistalous ,luonddudoallu
http://urn.fi/URN:NBN:fi:au:lapponica:L745 ,luontokeskukset ,luondduguovddážat
http://urn.fi/URN:NBN:fi:au:lapponica:L178 ,luontomatkailu ,luondduturisma
http://urn.fi/URN:NBN:fi:au:lapponica:L746 ,luontonimet ,luonddunamat
http://urn.fi/URN:NBN:fi:au:lapponica:L748 ,luontopolut ,luonddubálgát
http://urn.fi/URN:NBN:fi:au:lapponica:L751 ,Luossavaara ,Luossavárri (S)
http://urn.fi/URN:NBN:fi:au:lapponica:L752 ,luostarit ,kloastarat
http://urn.fi/URN:NBN:fi:au:lapponica:L1191 ,Luoteisväylä ,Oarjedavvimearrajohtolat
http://urn.fi/URN:NBN:fi:au:lapponica:L755 ,luotot ,loanat
http://urn.fi/URN:NBN:fi:au:lapponica:L756 ,luulajansaame ,julevsápmi
http://urn.fi/URN:NBN:fi:au:lapponica:L757 ,luulajansaamelaiset ,julevsámit
http://urn.fi/URN:NBN:fi:au:lapponica:L672 ,luutyöt ,dákteduojit
http://urn.fi/URN:NBN:fi:au:lapponica:L758 ,lähetystyö ,vuolggahusbargu
http://urn.fi/URN:NBN:fi:au:lapponica:L759 ,lähialueet ,lagasguovllut
http://urn.fi/URN:NBN:fi:au:lapponica:L760 ,lähialueyhteistyö ,lagasguovloovttasbargu
http://urn.fi/URN:NBN:fi:au:lapponica:L761 ,läskikapina ,spiinnebuoidestuibmi
http://urn.fi/URN:NBN:fi:au:lapponica:L501 ,lääkekasvit ,dálkkasšattut
http://urn.fi/URN:NBN:fi:au:lapponica:L118 ,lääketiede ,dálkkasdieđa
http://urn.fi/URN:NBN:fi:au:lapponica:L64 ,lääninhallinto ,leanahálddahus
http://urn.fi/URN:NBN:fi:au:lapponica:L78 ,lääninsuunnittelu ,leanaplánen
http://urn.fi/URN:NBN:fi:au:lapponica:L763 ,läänintaiteilijat ,leanadáiddárat
http://urn.fi/URN:NBN:fi:au:lapponica:L61 ,läänit ,leanat
http://urn.fi/URN:NBN:fi:au:lapponica:L261 ,maahiset ,ulddat
http://urn.fi/URN:NBN:fi:au:lapponica:L505 ,maailmanmusiikki ,máilmmimusihkka
http://urn.fi/URN:NBN:fi:au:lapponica:L415 ,maakaasu ,eanagássa
http://urn.fi/URN:NBN:fi:au:lapponica:L633 ,maakotka ,goaskin
http://urn.fi/URN:NBN:fi:au:lapponica:L764 ,maakunnan liitot ,eanagottilihtut
http://urn.fi/URN:NBN:fi:au:lapponica:L62 ,maakunnat ,eanagottit
http://urn.fi/URN:NBN:fi:au:lapponica:L765 ,maakuntaeläimet ,eanagoddeeallit
http://urn.fi/URN:NBN:fi:au:lapponica:L65 ,maakuntahallinto ,eanagottihálddahus
http://urn.fi/URN:NBN:fi:au:lapponica:L340 ,maakuntaitsehallinto ,eanagoddeiešstivrejupmi
http://urn.fi/URN:NBN:fi:au:lapponica:L550 ,maakuntakasvit ,eanagoddešattut
http://urn.fi/URN:NBN:fi:au:lapponica:L70 ,maakuntakirjastot ,eanagoddegirjerájut
http://urn.fi/URN:NBN:fi:au:lapponica:L71 ,maakuntakokoelmat ,eanagoddečoakkáldagat
http://urn.fi/URN:NBN:fi:au:lapponica:L766 ,maakuntamuseot ,eanagoddemuseat
http://urn.fi/URN:NBN:fi:au:lapponica:L767 ,maanalainen toiminta ,suollemasdoaibma
http://urn.fi/URN:NBN:fi:au:lapponica:L338 ,maanjako ,eanajuohku
http://urn.fi/URN:NBN:fi:au:lapponica:L771 ,maankäyttö ,eanageavaheapmi
http://urn.fi/URN:NBN:fi:au:lapponica:L598 ,maanomistus ,eanaoamastus
http://urn.fi/URN:NBN:fi:au:lapponica:L773 ,maaoikeus ,eanariekti
http://urn.fi/URN:NBN:fi:au:lapponica:L774 ,maastoajoneuvot ,meahccefievrrut
http://urn.fi/URN:NBN:fi:au:lapponica:L777 ,maastohiihto ,meahccečuoigan
http://urn.fi/URN:NBN:fi:au:lapponica:L540 ,maastokartat ,eanadatkárttat
http://urn.fi/URN:NBN:fi:au:lapponica:L778 ,maastoliikenne ,meahccejohtalus
http://urn.fi/URN:NBN:fi:au:lapponica:L779 ,maatilamatkailu ,eanadálloturisma
http://urn.fi/URN:NBN:fi:au:lapponica:L528 ,magia ,magiija
http://urn.fi/URN:NBN:fi:au:lapponica:L554 ,majamieslaitos ,orohatfállanvuogádat
http://urn.fi/URN:NBN:fi:au:lapponica:L782 ,makuupussit ,oađđinseahkat
http://urn.fi/URN:NBN:fi:au:lapponica:L784 ,malmiesiintymät ,málbmagávdnosat
http://urn.fi/URN:NBN:fi:au:lapponica:L785 ,malminetsintä ,málbmaohcan
http://urn.fi/URN:NBN:fi:au:lapponica:L786 ,malmit ,málmmat
http://urn.fi/URN:NBN:fi:au:lapponica:L787 ,malmivarat ,málbmariggodagat
http://urn.fi/URN:NBN:fi:au:lapponica:L788 ,mannerjalusta ,nannánjuolgi
http://urn.fi/URN:NBN:fi:au:lapponica:L396 ,mannerjää ,nannánjiekŋa
http://urn.fi/URN:NBN:fi:au:lapponica:L789 ,mansin kieli ,mansigiella
http://urn.fi/URN:NBN:fi:au:lapponica:L24 ,mansit ,mansit
http://urn.fi/URN:NBN:fi:au:lapponica:L790 ,marjanpoiminta ,murjen
http://urn.fi/URN:NBN:fi:au:lapponica:L303 ,marjat ,muorjjit
http://urn.fi/URN:NBN:fi:au:lapponica:L559 ,markkinat ,márkanat
http://urn.fi/URN:NBN:fi:au:lapponica:L791 ,matkailijat ,turisttat
http://urn.fi/URN:NBN:fi:au:lapponica:L176 ,matkailu ,turisma
http://urn.fi/URN:NBN:fi:au:lapponica:L792 ,matkailualueet ,turismaguovllut
http://urn.fi/URN:NBN:fi:au:lapponica:L541 ,matkailukartat ,turismakárttat
http://urn.fi/URN:NBN:fi:au:lapponica:L295 ,matkailukeskukset ,turismaguovddážat
http://urn.fi/URN:NBN:fi:au:lapponica:L793 ,matkailukohteet ,turismačuozáhagat
http://urn.fi/URN:NBN:fi:au:lapponica:L794 ,matkailureitit ,turismajohtolagat
http://urn.fi/URN:NBN:fi:au:lapponica:L795 ,matkakertomukset ,mátkemuitalusat
http://urn.fi/URN:NBN:fi:au:lapponica:L796 ,matkamuistot ,mátkemuittut
http://urn.fi/URN:NBN:fi:au:lapponica:L797 ,matkaoppaat ,mátkeoahpistangirjjit
http://urn.fi/URN:NBN:fi:au:lapponica:L798 ,melontaretkeily ,meallunvánddardeapmi
http://urn.fi/URN:NBN:fi:au:lapponica:L452 ,merikalastus ,mearrabivdu
http://urn.fi/URN:NBN:fi:au:lapponica:L634 ,merikotka ,mearragoaskin
http://urn.fi/URN:NBN:fi:au:lapponica:L449 ,merisaamelaiset ,mearrasámit
http://urn.fi/URN:NBN:fi:au:lapponica:L799 ,merkkikapulat ,
http://urn.fi/URN:NBN:fi:au:lapponica:L801 ,merkkipiirit ,mearkabiret
http://urn.fi/URN:NBN:fi:au:lapponica:L804 ,merkkitulet ,
http://urn.fi/URN:NBN:fi:au:lapponica:L806 ,meteorologia ,meteorologiija
http://urn.fi/URN:NBN:fi:au:lapponica:L807 ,metsien moninaiskäyttö ,vuvddiid lotnolasatnu
http://urn.fi/URN:NBN:fi:au:lapponica:L808 ,metsurit ,
http://urn.fi/URN:NBN:fi:au:lapponica:L809 ,metsäekologia ,vuovdeekologiija
http://urn.fi/URN:NBN:fi:au:lapponica:L810 ,metsähallinto ,vuovdehálddahus
http://urn.fi/URN:NBN:fi:au:lapponica:L264 ,metsähanhi ,čuonja
http://urn.fi/URN:NBN:fi:au:lapponica:L768 ,metsäkaartilaiset ,meahccegardisttat
http://urn.fi/URN:NBN:fi:au:lapponica:L712 ,metsäkanat ,eanalottit
http://urn.fi/URN:NBN:fi:au:lapponica:L544 ,metsäkasvillisuus ,vuovdešattolašvuohta
http://urn.fi/URN:NBN:fi:au:lapponica:L812 ,metsäkoneet ,vuovdemašiinnat
http://urn.fi/URN:NBN:fi:au:lapponica:L816 ,metsäkuolemat ,vuovdejápmimat
http://urn.fi/URN:NBN:fi:au:lapponica:L817 ,metsäkämpät ,meahccegámppát
http://urn.fi/URN:NBN:fi:au:lapponica:L818 ,metsänarviointi ,vuovdeárvvoštallan
http://urn.fi/URN:NBN:fi:au:lapponica:L819 ,metsänhakkuut ,vuovddečuohppamat
http://urn.fi/URN:NBN:fi:au:lapponica:L738 ,metsänhoito ,vuovdedikšun
http://urn.fi/URN:NBN:fi:au:lapponica:L822 ,metsänjalostus ,vuovdeovddosdikšun
http://urn.fi/URN:NBN:fi:au:lapponica:L823 ,metsänomistus ,vuovdeoamastus
http://urn.fi/URN:NBN:fi:au:lapponica:L824 ,metsänparannus ,vuovdebuorideapmi
http://urn.fi/URN:NBN:fi:au:lapponica:L825 ,metsänraja ,vuovdeorda
http://urn.fi/URN:NBN:fi:au:lapponica:L826 ,metsäntutkimus ,vuovdedutkan
http://urn.fi/URN:NBN:fi:au:lapponica:L827 ,metsänuudistus ,vuovdeođasmahttin
http://urn.fi/URN:NBN:fi:au:lapponica:L828 ,metsänviljely ,vuovdešaddadeapmi
http://urn.fi/URN:NBN:fi:au:lapponica:L829 ,metsäpalot ,maehccebuollimat
http://urn.fi/URN:NBN:fi:au:lapponica:L830 ,metsäpeura ,vuovdegoddi
http://urn.fi/URN:NBN:fi:au:lapponica:L831 ,metsäpolitiikka ,vuovdepolitihkka
http://urn.fi/URN:NBN:fi:au:lapponica:L832 ,metsäsaamelaiset ,vuovdesámit
http://urn.fi/URN:NBN:fi:au:lapponica:L93 ,metsästys ,meahccebivdu
http://urn.fi/URN:NBN:fi:au:lapponica:L836 ,metsästysoikeus ,meahccebivdovuoigatvuohta
http://urn.fi/URN:NBN:fi:au:lapponica:L837 ,metsästäjät ,meahccebivdit
http://urn.fi/URN:NBN:fi:au:lapponica:L838 ,metsäsuunnittelu ,vuovdeplánen
http://urn.fi/URN:NBN:fi:au:lapponica:L278 ,metsät ,vuovddit
http://urn.fi/URN:NBN:fi:au:lapponica:L578 ,metsät : monikäyttö ,vuovddit : lotnolasatnu
http://urn.fi/URN:NBN:fi:au:lapponica:L842 ,metsätalous ,vuovdedoallu
http://urn.fi/URN:NBN:fi:au:lapponica:L815 ,metsäteknologia ,vuovdeteknologiija
http://urn.fi/URN:NBN:fi:au:lapponica:L843 ,metsäteollisuus ,vuovdeindustriija
http://urn.fi/URN:NBN:fi:au:lapponica:L844 ,metsätiet ,meahccegeainnut
http://urn.fi/URN:NBN:fi:au:lapponica:L845 ,metsätuhot ,vuovderoasut
http://urn.fi/URN:NBN:fi:au:lapponica:L670 ,metsätyö ,vuovdebargu
http://urn.fi/URN:NBN:fi:au:lapponica:L848 ,metsätyömieskodit ,vuovdebargiidruovttut
http://urn.fi/URN:NBN:fi:au:lapponica:L392 ,metsätyöntekijät ,vuovdebargit
http://urn.fi/URN:NBN:fi:au:lapponica:L851 ,metsävarat ,vuovderiggodagat
http://urn.fi/URN:NBN:fi:au:lapponica:L852 ,metsävauriot ,vuovdevahágat
http://urn.fi/URN:NBN:fi:au:lapponica:L853 ,meän kieli ,meängiella
http://urn.fi/URN:NBN:fi:au:lapponica:L439 ,monikielisyys ,máŋggagielalašvuohta
http://urn.fi/URN:NBN:fi:au:lapponica:L855 ,monikulttuurisuus ,máŋggakultuvrralašvuohta
http://urn.fi/URN:NBN:fi:au:lapponica:L813 ,monitoimikoneet ,máŋggadoaimmamašiinnat
http://urn.fi/URN:NBN:fi:au:lapponica:L775 ,moottorikelkat ,mohtorgielkkát
http://urn.fi/URN:NBN:fi:au:lapponica:L571 ,moottorikelkkailu ,mohtorgielkkástallan
http://urn.fi/URN:NBN:fi:au:lapponica:L856 ,moottorikelkkareitit ,mohtorgielkájohtolagat
http://urn.fi/URN:NBN:fi:au:lapponica:L814 ,moottorisahat ,mohtorsahát
http://urn.fi/URN:NBN:fi:au:lapponica:L468 ,muikku ,máivi
http://urn.fi/URN:NBN:fi:au:lapponica:L103 ,muinaishaudat ,dološhávddit
http://urn.fi/URN:NBN:fi:au:lapponica:L104 ,muinaisjäännökset ,dološbázahusat
http://urn.fi/URN:NBN:fi:au:lapponica:L418 ,muinaiskansat ,dološálbmogat
http://urn.fi/URN:NBN:fi:au:lapponica:L229 ,muistitieto ,muitodiehtu
http://urn.fi/URN:NBN:fi:au:lapponica:L1190 ,Murmanskin alue ,Murmánskka guovlu
http://urn.fi/URN:NBN:fi:au:lapponica:L858 ,mursu ,morša
http://urn.fi/URN:NBN:fi:au:lapponica:L859 ,murteet ,suopmanat
http://urn.fi/URN:NBN:fi:au:lapponica:L861 ,murtomaahiihto ,seahkalaseanačuoigan
http://urn.fi/URN:NBN:fi:au:lapponica:L862 ,musiikkiantropologia ,musihkkaantropologiija
http://urn.fi/URN:NBN:fi:au:lapponica:L863 ,musiikkietnologia ,musihkkeetnologiija
http://urn.fi/URN:NBN:fi:au:lapponica:L533 ,mustakarhu ,čáhppesguovža
http://urn.fi/URN:NBN:fi:au:lapponica:L864 ,Mustavaara ,Mustavaara (Y)
http://urn.fi/URN:NBN:fi:au:lapponica:L734 ,mustikka ,sarrit
http://urn.fi/URN:NBN:fi:au:lapponica:L865 ,Muurmannin legioona ,Murmánna legiovdna
http://urn.fi/URN:NBN:fi:au:lapponica:L866 ,Muurmannin rata ,Murmánna ruovdegeaidnu
http://urn.fi/URN:NBN:fi:au:lapponica:L867 ,muurmanninnorjalaiset ,murmánnadážat
http://urn.fi/URN:NBN:fi:au:lapponica:L652 ,muurmanninsuomalaiset ,murmánnasuopmelaččat
http://urn.fi/URN:NBN:fi:au:lapponica:L274 ,muuttohaukka ,bárbmofálli
http://urn.fi/URN:NBN:fi:au:lapponica:L868 ,muuttoliike ,fárrenlihkadus
http://urn.fi/URN:NBN:fi:au:lapponica:L871 ,myrskyt ,riđut
http://urn.fi/URN:NBN:fi:au:lapponica:L846 ,myrskytuhot ,riđđoroasut
http://urn.fi/URN:NBN:fi:au:lapponica:L872 ,myskihärkä ,muskavuoksá
http://urn.fi/URN:NBN:fi:au:lapponica:L215 ,mytologia ,mytologiija
http://urn.fi/URN:NBN:fi:au:lapponica:L693 ,myyrät ,muolddahat
http://urn.fi/URN:NBN:fi:au:lapponica:L873 ,myytit ,myhtat
http://urn.fi/URN:NBN:fi:au:lapponica:L298 ,mäkihyppy ,sabetnjuiken
http://urn.fi/URN:NBN:fi:au:lapponica:L776 ,mönkijät ,njealjejuvllagat
http://urn.fi/URN:NBN:fi:au:lapponica:L877 ,naali ,njálla
http://urn.fi/URN:NBN:fi:au:lapponica:L525 ,naamiotanssi ,máskadánsun
http://urn.fi/URN:NBN:fi:au:lapponica:L384 ,naava ,lahppu
http://urn.fi/URN:NBN:fi:au:lapponica:L673 ,nahkatyöt ,náhkkeduojit
http://urn.fi/URN:NBN:fi:au:lapponica:L469 ,nahkiainen ,náhkkeguolli
http://urn.fi/URN:NBN:fi:au:lapponica:L96 ,napa-alueet ,polaguovllut
http://urn.fi/URN:NBN:fi:au:lapponica:L878 ,napapiirit ,poláragierddut
http://urn.fi/URN:NBN:fi:au:lapponica:L879 ,naparetket ,polamátkkit
http://urn.fi/URN:NBN:fi:au:lapponica:L674 ,nauhat ,báttit
http://urn.fi/URN:NBN:fi:au:lapponica:L1178 ,Nenetsia ,Njenecaguovlu
http://urn.fi/URN:NBN:fi:au:lapponica:L882 ,nenetsin kieli ,njenecagiella
http://urn.fi/URN:NBN:fi:au:lapponica:L25 ,nenetsit ,njenecat
http://urn.fi/URN:NBN:fi:au:lapponica:L26 ,nganasanit ,nganasánat
http://urn.fi/URN:NBN:fi:au:lapponica:L470 ,nieriä ,rávdu
http://urn.fi/URN:NBN:fi:au:lapponica:L884 ,nikkeli ,nihkkel
http://urn.fi/URN:NBN:fi:au:lapponica:L285 ,nimistöntutkimus ,namaiddutkan
http://urn.fi/URN:NBN:fi:au:lapponica:L885 ,nippu-uitto ,gihppogolgadeapmi
http://urn.fi/URN:NBN:fi:au:lapponica:L887 ,noidat ,noaiddit
http://urn.fi/URN:NBN:fi:au:lapponica:L890 ,noitarummut ,goavdásat
http://urn.fi/URN:NBN:fi:au:lapponica:L891 ,noitavainot ,noaideváinnut
http://urn.fi/URN:NBN:fi:au:lapponica:L781 ,noituus ,noaidivuohta
http://urn.fi/URN:NBN:fi:au:lapponica:L892 ,nomadit ,nomádat
http://urn.fi/URN:NBN:fi:au:lapponica:L130 ,norjalaistaminen ,dáruiduhttin
http://urn.fi/URN:NBN:fi:au:lapponica:L1183 ,Norjanmeri ,Norggamearra
http://urn.fi/URN:NBN:fi:au:lapponica:L658 ,norjansuomalaiset ,norggasuopmelaččat
http://urn.fi/URN:NBN:fi:au:lapponica:L1162 ,Northwest territories ,Nortwest territories
http://urn.fi/URN:NBN:fi:au:lapponica:L1163 ,Nunavut ,Nunavut
http://urn.fi/URN:NBN:fi:au:lapponica:L453 ,nuottakalastus ,nuohttebivdu
http://urn.fi/URN:NBN:fi:au:lapponica:L348 ,nutukkaat ,nuvttohat
http://urn.fi/URN:NBN:fi:au:lapponica:L268 ,obinugrilaiset kansat ,obugralaš álbmogat
http://urn.fi/URN:NBN:fi:au:lapponica:L267 ,obinugrilaiset kielet ,obugralaš gielat
http://urn.fi/URN:NBN:fi:au:lapponica:L200 ,ohjelmapalvelut ,prográmmabálvalusat
http://urn.fi/URN:NBN:fi:au:lapponica:L894 ,oikeushistoria ,riektehistorjá
http://urn.fi/URN:NBN:fi:au:lapponica:L626 ,oikeuslaitos ,riektelágádus
http://urn.fi/URN:NBN:fi:au:lapponica:L895 ,oikeusolot ,riektedilálašvuođat
http://urn.fi/URN:NBN:fi:au:lapponica:L308 ,olkityöt ,oalgaduojit
http://urn.fi/URN:NBN:fi:au:lapponica:L897 ,omakustanteet ,iešgoasttideamit
http://urn.fi/URN:NBN:fi:au:lapponica:L142 ,oppilasasuntolat ,oahppiidásodagat
http://urn.fi/URN:NBN:fi:au:lapponica:L899 ,ornamentiikka ,ornamentihkka
http://urn.fi/URN:NBN:fi:au:lapponica:L900 ,ortodoksinen kirkko ,ortodoksalaš girku
http://urn.fi/URN:NBN:fi:au:lapponica:L901 ,ostjakin kieli ,ostjáhkagiella
http://urn.fi/URN:NBN:fi:au:lapponica:L902 ,ostjakit ,ostjáhkat
http://urn.fi/URN:NBN:fi:au:lapponica:L903 ,ostjakkisamojedit ,ostjáhkkasamojedat
http://urn.fi/URN:NBN:fi:au:lapponica:L904 ,otsoni ,otsona
http://urn.fi/URN:NBN:fi:au:lapponica:L905 ,otsonikato ,otsonajávku
http://urn.fi/URN:NBN:fi:au:lapponica:L906 ,Ounasjoki-liike ,Ovnnesjohka-lihkadus (S)
http://urn.fi/URN:NBN:fi:au:lapponica:L907 ,Pahtavaara ,Pahtavaara (S)
http://urn.fi/URN:NBN:fi:au:lapponica:L908 ,paikallisbibliografiat ,báikkálašbibliografiijat
http://urn.fi/URN:NBN:fi:au:lapponica:L909 ,paikallishallinto ,báikkálašhálddahus
http://urn.fi/URN:NBN:fi:au:lapponica:L910 ,paikallishistoria ,báikkálašhistorjá
http://urn.fi/URN:NBN:fi:au:lapponica:L663 ,paikallishistoriat ,báikkálašhistorjját
http://urn.fi/URN:NBN:fi:au:lapponica:L911 ,paikalliskokoelmat ,báikkálaščoakkáldagat
http://urn.fi/URN:NBN:fi:au:lapponica:L912 ,paikalliskulttuuri ,báikkálaškultuvra
http://urn.fi/URN:NBN:fi:au:lapponica:L747 ,paikannimet ,báikenamat
http://urn.fi/URN:NBN:fi:au:lapponica:L913 ,paimentolaiset ,guođoheaddjit
http://urn.fi/URN:NBN:fi:au:lapponica:L915 ,paimentolaiskulttuurit ,guođoheaddjikultuvrrat
http://urn.fi/URN:NBN:fi:au:lapponica:L916 ,pakkanen ,buolaš
http://urn.fi/URN:NBN:fi:au:lapponica:L917 ,pakolaiset ,báhtareaddjit
http://urn.fi/URN:NBN:fi:au:lapponica:L919 ,paleltumat ,galbmonat
http://urn.fi/URN:NBN:fi:au:lapponica:L802 ,paliskunnat ,bálgosat
http://urn.fi/URN:NBN:fi:au:lapponica:L920 ,Palosalmen metsätyömieskoti ,Palosalmi vuovdebargiidruoktu (Y)
http://urn.fi/URN:NBN:fi:au:lapponica:L921 ,palsasuot ,balsajeakkit
http://urn.fi/URN:NBN:fi:au:lapponica:L869 ,paluumuutto ,ruovttoluottafárren
http://urn.fi/URN:NBN:fi:au:lapponica:L502 ,parantajat ,guvhllárat
http://urn.fi/URN:NBN:fi:au:lapponica:L769 ,partisaanit ,partisánat
http://urn.fi/URN:NBN:fi:au:lapponica:L881 ,paulat ,vuoddagat
http://urn.fi/URN:NBN:fi:au:lapponica:L924 ,pedot ,spiret
http://urn.fi/URN:NBN:fi:au:lapponica:L925 ,peikot ,stálut
http://urn.fi/URN:NBN:fi:au:lapponica:L504 ,pelimannimusiikki ,pelimánnamusihkka
http://urn.fi/URN:NBN:fi:au:lapponica:L454 ,perhokalastus ,dolgevuoggabivdu
http://urn.fi/URN:NBN:fi:au:lapponica:L926 ,perhonsidonta ,dolgevuoggačatnan
http://urn.fi/URN:NBN:fi:au:lapponica:L465 ,perhot ,dolgevuokkat
http://urn.fi/URN:NBN:fi:au:lapponica:L927 ,periferiat ,periferiijat
http://urn.fi/URN:NBN:fi:au:lapponica:L497 ,perimätieto ,árbediehtu
http://urn.fi/URN:NBN:fi:au:lapponica:L234 ,perinnemusiikki ,árbevirolaš musihkka
http://urn.fi/URN:NBN:fi:au:lapponica:L931 ,perinneruoat ,árbevierroborramušat
http://urn.fi/URN:NBN:fi:au:lapponica:L932 ,perinnetieteet ,árbevierrodiehtagat
http://urn.fi/URN:NBN:fi:au:lapponica:L618 ,permiläiset kansat ,permalaš álbmogat
http://urn.fi/URN:NBN:fi:au:lapponica:L1188 ,Permin Komi ,Perma Komi
http://urn.fi/URN:NBN:fi:au:lapponica:L860 ,peräpohjalaismurteet ,peräpohjalašsuopmanat
http://urn.fi/URN:NBN:fi:au:lapponica:L51 ,peräpohjalaisuus ,peräpohjalašvuohta
http://urn.fi/URN:NBN:fi:au:lapponica:L934 ,peskit ,beaskkat
http://urn.fi/URN:NBN:fi:au:lapponica:L5 ,petoeläimet ,boraspiret
http://urn.fi/URN:NBN:fi:au:lapponica:L713 ,petolinnut ,boralottit
http://urn.fi/URN:NBN:fi:au:lapponica:L937 ,petovahingot ,spirevahágat
http://urn.fi/URN:NBN:fi:au:lapponica:L938 ,petsamolaiset ,beahcánlaččat
http://urn.fi/URN:NBN:fi:au:lapponica:L939 ,Petsamon luostari ,Beahcáma kloasttar (Y)
http://urn.fi/URN:NBN:fi:au:lapponica:L705 ,peuralaisuus ,peuralašvuohta
http://urn.fi/URN:NBN:fi:au:lapponica:L940 ,peuranpyynti ,
http://urn.fi/URN:NBN:fi:au:lapponica:L313 ,peurat ,gottit
http://urn.fi/URN:NBN:fi:au:lapponica:L942 ,pidginkielet ,pidgigielat
http://urn.fi/URN:NBN:fi:au:lapponica:L275 ,piekana ,boaimmáš
http://urn.fi/URN:NBN:fi:au:lapponica:L287 ,pietismi ,pietisma
http://urn.fi/URN:NBN:fi:au:lapponica:L66 ,piirihallinto ,birehálddahus
http://urn.fi/URN:NBN:fi:au:lapponica:L945 ,piitimensaame ,biŧonsápmi
http://urn.fi/URN:NBN:fi:au:lapponica:L946 ,pikkuesikoiset ,pikkuesikoislaččat
http://urn.fi/URN:NBN:fi:au:lapponica:L800 ,pirkat ,
http://urn.fi/URN:NBN:fi:au:lapponica:L420 ,pirkkalaiset ,birkelaččat
http://urn.fi/URN:NBN:fi:au:lapponica:L947 ,pitäjänhistoriat ,suohkanhistorjját
http://urn.fi/URN:NBN:fi:au:lapponica:L948 ,pitäjät (vain hist.) ,suohkanat (dušše hist.)
http://urn.fi/URN:NBN:fi:au:lapponica:L1192 ,Pohjoinen jäämeri ,Davvi jiekŋamearra
http://urn.fi/URN:NBN:fi:au:lapponica:L486 ,pohjoinen ulottuvuus ,davvidimenšuvdna
http://urn.fi/URN:NBN:fi:au:lapponica:L950 ,pohjoiset kansat (Venäjä) ,davviálbmogat (Ruošša)
http://urn.fi/URN:NBN:fi:au:lapponica:L1169 ,Pohjoiskalotti ,Davvikalohtta
http://urn.fi/URN:NBN:fi:au:lapponica:L164 ,Pohjoiskalotti : yhteistyö ,Davvikalohtta : ovttasbargu
http://urn.fi/URN:NBN:fi:au:lapponica:L951 ,pohjoiskalottikonferenssit ,davvikalohttakonfereanssat
http://urn.fi/URN:NBN:fi:au:lapponica:L487 ,pohjoismainen yhteistyö ,davviriikalaš ovttasbargu
http://urn.fi/URN:NBN:fi:au:lapponica:L113 ,pohjoisnapa ,davvipola
http://urn.fi/URN:NBN:fi:au:lapponica:L952 ,pohjoissaame ,davvisápmi
http://urn.fi/URN:NBN:fi:au:lapponica:L953 ,poikkinainti ,rastánáitin
http://urn.fi/URN:NBN:fi:au:lapponica:L336 ,polaarieskimot ,polárinuihtat
http://urn.fi/URN:NBN:fi:au:lapponica:L123 ,polaaritutkimus ,polárdutkan
http://urn.fi/URN:NBN:fi:au:lapponica:L955 ,Poljarnyje Zori ,Poljarnyje Zori (Y)
http://urn.fi/URN:NBN:fi:au:lapponica:L555 ,pomorikauppa ,pomorgávpi
http://urn.fi/URN:NBN:fi:au:lapponica:L958 ,pomorit ,pomorat
http://urn.fi/URN:NBN:fi:au:lapponica:L314 ,poro ,boazu
http://urn.fi/URN:NBN:fi:au:lapponica:L960 ,poro : kuolleisuus ,boazu : jámut
http://urn.fi/URN:NBN:fi:au:lapponica:L962 ,poro : kuormaus ,boazu : noađuheapmi
http://urn.fi/URN:NBN:fi:au:lapponica:L964 ,poro : lypsy ,boazu : bahčin
http://urn.fi/URN:NBN:fi:au:lapponica:L966 ,poro : sarvet ,boazu : čoarvvit
http://urn.fi/URN:NBN:fi:au:lapponica:L967 ,poro : vasat ,boazu : miesit
http://urn.fi/URN:NBN:fi:au:lapponica:L969 ,poro : vasonta ,boazu : guottet
http://urn.fi/URN:NBN:fi:au:lapponica:L970 ,poroaidat ,boazoáiddit
http://urn.fi/URN:NBN:fi:au:lapponica:L971 ,poroerotus ,rátkin
http://urn.fi/URN:NBN:fi:au:lapponica:L188 ,porokilpailut ,boazogilvovuodjimat
http://urn.fi/URN:NBN:fi:au:lapponica:L604 ,porokoirat ,boazobeatnagat
http://urn.fi/URN:NBN:fi:au:lapponica:L975 ,porolaidunsopimukset ,boazoguohtoneanasoahpamušat
http://urn.fi/URN:NBN:fi:au:lapponica:L976 ,poromerkit ,boazomearkkat
http://urn.fi/URN:NBN:fi:au:lapponica:L977 ,poromiehet ,badjeolbmot
http://urn.fi/URN:NBN:fi:au:lapponica:L979 ,poromäärät ,boazologut
http://urn.fi/URN:NBN:fi:au:lapponica:L978 ,poronhoitajat ,boazodoallit
http://urn.fi/URN:NBN:fi:au:lapponica:L803 ,poronhoito ,boazodoallu
http://urn.fi/URN:NBN:fi:au:lapponica:L981 ,poronhoito (oppiaine) ,boazodoallu (oahppaávnnas)
http://urn.fi/URN:NBN:fi:au:lapponica:L982 ,poronhoito : laitumet ,boazodoallu : guohtoneatnamat
http://urn.fi/URN:NBN:fi:au:lapponica:L378 ,poronhoito : paimentolaiset ,boazodoallu : guođoheadjjit
http://urn.fi/URN:NBN:fi:au:lapponica:L983 ,poronhoito : tarhaus ,boazodoallu : gárdun
http://urn.fi/URN:NBN:fi:au:lapponica:L972 ,poronhoito : teurastus ,boazodoallu : njuovvan
http://urn.fi/URN:NBN:fi:au:lapponica:L984 ,poronhoito : vasanmerkintä ,boazudoallu : miessemearkun
http://urn.fi/URN:NBN:fi:au:lapponica:L986 ,poronhoito-oikeus ,boazodoallovuoigatvuohta
http://urn.fi/URN:NBN:fi:au:lapponica:L985 ,poronhoitoalue ,boazodoalloguovlu
http://urn.fi/URN:NBN:fi:au:lapponica:L987 ,poronjalostus ,boazonállašuhttin
http://urn.fi/URN:NBN:fi:au:lapponica:L988 ,poronliha ,bohccobiergu
http://urn.fi/URN:NBN:fi:au:lapponica:L965 ,poronmaito ,bohccomielki
http://urn.fi/URN:NBN:fi:au:lapponica:L989 ,poronnahka ,bohcconáhkki
http://urn.fi/URN:NBN:fi:au:lapponica:L990 ,porontalja ,bohccoduollji
http://urn.fi/URN:NBN:fi:au:lapponica:L991 ,poronturkis ,bohccodorkkas
http://urn.fi/URN:NBN:fi:au:lapponica:L379 ,poropaimentolaisuus ,badjedilli
http://urn.fi/URN:NBN:fi:au:lapponica:L992 ,porosaamelaiset ,boazosámit
http://urn.fi/URN:NBN:fi:au:lapponica:L994 ,porotalous ,boazoekonomiija
http://urn.fi/URN:NBN:fi:au:lapponica:L780 ,porotilamatkailu ,boazodálloturisma
http://urn.fi/URN:NBN:fi:au:lapponica:L150 ,porotilat ,boazodálut
http://urn.fi/URN:NBN:fi:au:lapponica:L995 ,porotutkimus ,boazodutkan
http://urn.fi/URN:NBN:fi:au:lapponica:L961 ,porovahingot ,boazovahágat
http://urn.fi/URN:NBN:fi:au:lapponica:L996 ,porovarkaudet ,boazosuolavuođat
http://urn.fi/URN:NBN:fi:au:lapponica:L997 ,Porttipahta ,Poartabákti
http://urn.fi/URN:NBN:fi:au:lapponica:L42 ,pujottelu ,skirvehallan
http://urn.fi/URN:NBN:fi:au:lapponica:L2 ,pulkat ,bulkorat
http://urn.fi/URN:NBN:fi:au:lapponica:L440 ,puolikielisyys ,beallegielalašvuohta
http://urn.fi/URN:NBN:fi:au:lapponica:L735 ,puolukka ,jokŋá
http://urn.fi/URN:NBN:fi:au:lapponica:L611 ,puulajit ,muorrašlájat
http://urn.fi/URN:NBN:fi:au:lapponica:L998 ,puunjalostusteollisuus ,muorraovddosdikšunindustriija
http://urn.fi/URN:NBN:fi:au:lapponica:L255 ,puunkorjuu ,muorrarádjan
http://urn.fi/URN:NBN:fi:au:lapponica:L999 ,puuraja ,orda
http://urn.fi/URN:NBN:fi:au:lapponica:L573 ,puutavara ,muorramateriála
http://urn.fi/URN:NBN:fi:au:lapponica:L675 ,puutyöt ,muorraduojit
http://urn.fi/URN:NBN:fi:au:lapponica:L537 ,pyhät paikat ,bassi báikkit
http://urn.fi/URN:NBN:fi:au:lapponica:L1000 ,pyydykset ,bivdosat
http://urn.fi/URN:NBN:fi:au:lapponica:L94 ,pyynti ,bivdu
http://urn.fi/URN:NBN:fi:au:lapponica:L127 ,pyyntikulttuurit ,bivdokultuvrrat
http://urn.fi/URN:NBN:fi:au:lapponica:L1004 ,pyyntikuopat ,bivdorokkit
http://urn.fi/URN:NBN:fi:au:lapponica:L450 ,pyyntimiehet ,bivddárat
http://urn.fi/URN:NBN:fi:au:lapponica:L463 ,pyyntivälineet ,bivdoneavvut
http://urn.fi/URN:NBN:fi:au:lapponica:L301 ,pöllöt ,skuolffit
http://urn.fi/URN:NBN:fi:au:lapponica:L1005 ,Raajärvi ,Raajärvi (Y)
http://urn.fi/URN:NBN:fi:au:lapponica:L1006 ,raanut ,ránut
http://urn.fi/URN:NBN:fi:au:lapponica:L1007 ,radioaktiivinen laskeuma ,radioaktiivvalaš luoitin
http://urn.fi/URN:NBN:fi:au:lapponica:L1008 ,radioaktiivinen säteily ,radioaktiivvalaš suonjardeapmi
http://urn.fi/URN:NBN:fi:au:lapponica:L1009 ,radioaktiivisuus ,radioaktiivvalašvuohta
http://urn.fi/URN:NBN:fi:au:lapponica:L1010 ,rahdinajo ,fráktavuodjin
http://urn.fi/URN:NBN:fi:au:lapponica:L556 ,rajakauppa ,rádjegávpi
http://urn.fi/URN:NBN:fi:au:lapponica:L54 ,rajakuntayhteistyö ,rádjegielddaid ovttasbargu
http://urn.fi/URN:NBN:fi:au:lapponica:L1012 ,rajaliikenne ,rádjejohtalus
http://urn.fi/URN:NBN:fi:au:lapponica:L1013 ,rajanylityspaikat ,rádjerasttildanbáikkit
http://urn.fi/URN:NBN:fi:au:lapponica:L928 ,rajaseudut ,rádjeguovllut
http://urn.fi/URN:NBN:fi:au:lapponica:L1014 ,rajaseututyö ,rádjeguovlobargu
http://urn.fi/URN:NBN:fi:au:lapponica:L1015 ,rajat ,rájit
http://urn.fi/URN:NBN:fi:au:lapponica:L1016 ,rajavartiostot ,rádjegozihanbáikkit
http://urn.fi/URN:NBN:fi:au:lapponica:L1017 ,rajavesistöt ,rádječázádagat
http://urn.fi/URN:NBN:fi:au:lapponica:L516 ,rakennusperinne ,huksenárbi
http://urn.fi/URN:NBN:fi:au:lapponica:L1018 ,rakennussuojelu ,vistesuodjalepmi
http://urn.fi/URN:NBN:fi:au:lapponica:L390 ,rakovalkea ,
http://urn.fi/URN:NBN:fi:au:lapponica:L1019 ,Ranuan eläinpuisto ,Ranua ealliidpárka (Y)
http://urn.fi/URN:NBN:fi:au:lapponica:L1020 ,rasismi ,rasisma
http://urn.fi/URN:NBN:fi:au:lapponica:L1023 ,raskasmetallit ,lossametállat
http://urn.fi/URN:NBN:fi:au:lapponica:L706 ,rauhansanalaisuus ,Ráfi Sáni lestadiolašvuohta
http://urn.fi/URN:NBN:fi:au:lapponica:L1025 ,Rautuvaara ,Rautuvaara (Y)
http://urn.fi/URN:NBN:fi:au:lapponica:L3 ,reet ,reagat
http://urn.fi/URN:NBN:fi:au:lapponica:L52 ,regionalismi ,regionalisma
http://urn.fi/URN:NBN:fi:au:lapponica:L605 ,rekikoirat ,reahkabeatnagat
http://urn.fi/URN:NBN:fi:au:lapponica:L1026 ,reput ,rehpot
http://urn.fi/URN:NBN:fi:au:lapponica:L201 ,retkeily ,vánddardeapmi
http://urn.fi/URN:NBN:fi:au:lapponica:L1028 ,retkeilyalueet ,vánddardanguovllut
http://urn.fi/URN:NBN:fi:au:lapponica:L158 ,retkeilymajat ,vánddardanstobut
http://urn.fi/URN:NBN:fi:au:lapponica:L749 ,retkeilyreitit ,vánddardanjohtolagat
http://urn.fi/URN:NBN:fi:au:lapponica:L783 ,retkeilyvarusteet ,vánddardanbiergasat
http://urn.fi/URN:NBN:fi:au:lapponica:L1030 ,revontulet ,guovssahasat
http://urn.fi/URN:NBN:fi:au:lapponica:L590 ,riekko ,rievssat
http://urn.fi/URN:NBN:fi:au:lapponica:L1031 ,riista ,meahcivallji
http://urn.fi/URN:NBN:fi:au:lapponica:L1032 ,riistaeläimet ,fuođđut
http://urn.fi/URN:NBN:fi:au:lapponica:L444 ,riistakannat ,fuođđonálit
http://urn.fi/URN:NBN:fi:au:lapponica:L714 ,riistalinnut ,fuođđolottit
http://urn.fi/URN:NBN:fi:au:lapponica:L833 ,riistanhoito ,fuođđodikšun
http://urn.fi/URN:NBN:fi:au:lapponica:L1027 ,rinkat ,rápmalávkkat
http://urn.fi/URN:NBN:fi:au:lapponica:L644 ,rituaalit ,rituálat
http://urn.fi/URN:NBN:fi:au:lapponica:L210 ,rock ,rock
http://urn.fi/URN:NBN:fi:au:lapponica:L1022 ,rotusyrjintä ,nállevealaheapmi
http://urn.fi/URN:NBN:fi:au:lapponica:L1034 ,routa ,duollu
http://urn.fi/URN:NBN:fi:au:lapponica:L569 ,routavauriot ,duollovahágat
http://urn.fi/URN:NBN:fi:au:lapponica:L1035 ,Rovala ,Rovala (Y)
http://urn.fi/URN:NBN:fi:au:lapponica:L1037 ,Ruijan suomalaiset ,Finnmárkku suopmelaččat
http://urn.fi/URN:NBN:fi:au:lapponica:L471 ,ruijanpallas ,bálddis
http://urn.fi/URN:NBN:fi:au:lapponica:L498 ,rumpulaulut ,goavddeslávlagat
http://urn.fi/URN:NBN:fi:au:lapponica:L507 ,rumputanssi ,goavddesdánsun
http://urn.fi/URN:NBN:fi:au:lapponica:L517 ,ruokaperinne ,borramušárbi
http://urn.fi/URN:NBN:fi:au:lapponica:L715 ,ruokit ,hálkkat
http://urn.fi/URN:NBN:fi:au:lapponica:L131 ,ruotsalaistaminen ,ruoŧaiduhttin
http://urn.fi/URN:NBN:fi:au:lapponica:L606 ,ruotsinlapinkoira ,ruoŧasámebeana
http://urn.fi/URN:NBN:fi:au:lapponica:L1039 ,ruotsinsuomalaiset ,ruoŧasuopmelaččat
http://urn.fi/URN:NBN:fi:au:lapponica:L600 ,ruotujakolaitos ,ruohttojuohkovuogádat
http://urn.fi/URN:NBN:fi:au:lapponica:L1041 ,ruotusotilaat ,ruohttosoalddáhat
http://urn.fi/URN:NBN:fi:au:lapponica:L1042 ,ruotutorpat ,ruohttotoarppát
http://urn.fi/URN:NBN:fi:au:lapponica:L1043 ,ruska ,ruški
http://urn.fi/URN:NBN:fi:au:lapponica:L1044 ,ruskeakarhu ,ruškesguoža
http://urn.fi/URN:NBN:fi:au:lapponica:L944 ,russenorsk ,russenorsk
http://urn.fi/URN:NBN:fi:au:lapponica:L457 ,saaliit ,sállašat
http://urn.fi/URN:NBN:fi:au:lapponica:L27 ,saamelaiset ,sámit
http://urn.fi/URN:NBN:fi:au:lapponica:L1045 ,saamelaiskonferenssit ,sámekonfereanssat
http://urn.fi/URN:NBN:fi:au:lapponica:L1046 ,saamelaiskylät ,sámegilit
http://urn.fi/URN:NBN:fi:au:lapponica:L1047 ,saamelaiskysymys ,sámegažaldat
http://urn.fi/URN:NBN:fi:au:lapponica:L46 ,saamelaisliike ,sámelihkadus
http://urn.fi/URN:NBN:fi:au:lapponica:L221 ,saamelaisuus ,sápmelašvuohta
http://urn.fi/URN:NBN:fi:au:lapponica:L7 ,saamen kieli ,sámegiella
http://urn.fi/URN:NBN:fi:au:lapponica:L360 ,saamenkielinen kirjallisuus ,sámegielat girjjálašvuohta
http://urn.fi/URN:NBN:fi:au:lapponica:L707 ,saarnaajat ,sárdnealbmát
http://urn.fi/URN:NBN:fi:au:lapponica:L1050 ,saastuminen ,nuoskun
http://urn.fi/URN:NBN:fi:au:lapponica:L1053 ,Saattopora ,Saattopora (Y)
http://urn.fi/URN:NBN:fi:au:lapponica:L1176 ,Saha ,Saha
http://urn.fi/URN:NBN:fi:au:lapponica:L876 ,saivo ,sáiva
http://urn.fi/URN:NBN:fi:au:lapponica:L1055 ,salakuljetus ,suollemasbivdu
http://urn.fi/URN:NBN:fi:au:lapponica:L834 ,salametsästys ,
http://urn.fi/URN:NBN:fi:au:lapponica:L762 ,Sallan kapina ,Salla stuibmi
http://urn.fi/URN:NBN:fi:au:lapponica:L888 ,samaanit ,šamánat
http://urn.fi/URN:NBN:fi:au:lapponica:L216 ,samanismi ,šamanisma
http://urn.fi/URN:NBN:fi:au:lapponica:L883 ,samojedikielet ,samojedagielat
http://urn.fi/URN:NBN:fi:au:lapponica:L28 ,samojedit ,samojedat
http://urn.fi/URN:NBN:fi:au:lapponica:L847 ,savotat ,savohtat
http://urn.fi/URN:NBN:fi:au:lapponica:L442 ,seidat ,sieiddit
http://urn.fi/URN:NBN:fi:au:lapponica:L472 ,seiti ,sáidi
http://urn.fi/URN:NBN:fi:au:lapponica:L943 ,sekakielet ,seahkalasgielat
http://urn.fi/URN:NBN:fi:au:lapponica:L29 ,selkupit ,selkupat
http://urn.fi/URN:NBN:fi:au:lapponica:L1036 ,setlementtiliike ,setlemeantalihkadus
http://urn.fi/URN:NBN:fi:au:lapponica:L1058 ,seurat (uskonnolliset tilaisuudet) ,čoakkálmasat (kristtalaš dilálašvuođat)
http://urn.fi/URN:NBN:fi:au:lapponica:L1059 ,seutukaavoitus ,eanaguovllu lávvaplánen
http://urn.fi/URN:NBN:fi:au:lapponica:L79 ,seutusuunnittelu ,eanaguovlluplánen
http://urn.fi/URN:NBN:fi:au:lapponica:L1060 ,shamaanit ,šhamánat
http://urn.fi/URN:NBN:fi:au:lapponica:L1061 ,shamanismi ,šhamanisma
http://urn.fi/URN:NBN:fi:au:lapponica:L684 ,siidat ,siiddat
http://urn.fi/URN:NBN:fi:au:lapponica:L473 ,siika ,čuovža
http://urn.fi/URN:NBN:fi:au:lapponica:L918 ,siirtolaiset ,sirdolaččat
http://urn.fi/URN:NBN:fi:au:lapponica:L870 ,siirtolaisuus ,sirdolašvuohta
http://urn.fi/URN:NBN:fi:au:lapponica:L1063 ,siirtotyömaat ,sirdobargoeatnamat
http://urn.fi/URN:NBN:fi:au:lapponica:L240 ,siirtoväki ,sirdoveahka
http://urn.fi/URN:NBN:fi:au:lapponica:L1064 ,siita ,siida
http://urn.fi/URN:NBN:fi:au:lapponica:L75 ,sijainninohjaus ,sajádatstivren
http://urn.fi/URN:NBN:fi:au:lapponica:L281 ,simpukat ,skálžžut
http://urn.fi/URN:NBN:fi:au:lapponica:L1167 ,Siperia ,Sibirjá
http://urn.fi/URN:NBN:fi:au:lapponica:L607 ,siperianhusky ,sibirjjáhusky
http://urn.fi/URN:NBN:fi:au:lapponica:L923 ,sissit ,meahccesoalddáhat
http://urn.fi/URN:NBN:fi:au:lapponica:L772 ,Skattefjällsmålet ,Vearroduottarášši (Skattefjällsmålet)
http://urn.fi/URN:NBN:fi:au:lapponica:L740 ,soidensuojelu ,jekkiidsuodjaleapmi
http://urn.fi/URN:NBN:fi:au:lapponica:L1066 ,soistuminen ,jeaggiluvvan
http://urn.fi/URN:NBN:fi:au:lapponica:L1067 ,Sokli ,Sokli (S)
http://urn.fi/URN:NBN:fi:au:lapponica:L1068 ,Solovetskin luostari ,Solovecka kloasttar (S)
http://urn.fi/URN:NBN:fi:au:lapponica:L135 ,sopeutuminen ,vuogáiduvvan
http://urn.fi/URN:NBN:fi:au:lapponica:L875 ,sopulit ,goddesáhpánat
http://urn.fi/URN:NBN:fi:au:lapponica:L1069 ,sotaretket ,soahtemátkkit
http://urn.fi/URN:NBN:fi:au:lapponica:L599 ,sotaväenotto ,soahtevehkiiváldin
http://urn.fi/URN:NBN:fi:au:lapponica:L1040 ,sotilastorpat ,soalddáttorppát
http://urn.fi/URN:NBN:fi:au:lapponica:L394 ,staalot ,stálut
http://urn.fi/URN:NBN:fi:au:lapponica:L114 ,subarktinen alue ,subarktalaš guovlu
http://urn.fi/URN:NBN:fi:au:lapponica:L292 ,sukset ,sabehat
http://urn.fi/URN:NBN:fi:au:lapponica:L1070 ,Sulitjelma ,Suličealbma (S)
http://urn.fi/URN:NBN:fi:au:lapponica:L839 ,suojametsät ,suodjevuovddit
http://urn.fi/URN:NBN:fi:au:lapponica:L545 ,suokasvillisuus ,jeaggešattolašvuohta
http://urn.fi/URN:NBN:fi:au:lapponica:L893 ,suomalais-ugrilaiset kansat ,suomaugralaš álbmogat
http://urn.fi/URN:NBN:fi:au:lapponica:L1071 ,suomalaiset : Kuolan niemimaa ,suopmelaččat : Guoládatnjárga
http://urn.fi/URN:NBN:fi:au:lapponica:L1072 ,suomalaiset : Ruija ,suopmelaččat : Finnmárku
http://urn.fi/URN:NBN:fi:au:lapponica:L1073 ,suomalaiset : Tornionjokilaakso (Ruotsi) ,suopmelaččat : Duortnoseanuleahki (Ruoŧŧa)
http://urn.fi/URN:NBN:fi:au:lapponica:L132 ,suomalaistaminen ,suomaiduhttin
http://urn.fi/URN:NBN:fi:au:lapponica:L657 ,suomen kieli : Ruija ,suomagiella : Finnmárku
http://urn.fi/URN:NBN:fi:au:lapponica:L854 ,suomen kieli : Tornionjokilaakso (Ruotsi) ,suomagiella : Duortnoseanuleahki (Ruoŧŧa)
http://urn.fi/URN:NBN:fi:au:lapponica:L608 ,suomenlapinkoira ,suomasámebeana
http://urn.fi/URN:NBN:fi:au:lapponica:L1075 ,suomuurain ,
http://urn.fi/URN:NBN:fi:au:lapponica:L679 ,suonilanka ,suotna
http://urn.fi/URN:NBN:fi:au:lapponica:L980 ,suopungit ,suohpanat
http://urn.fi/URN:NBN:fi:au:lapponica:L716 ,suopöllö ,loađgu
http://urn.fi/URN:NBN:fi:au:lapponica:L922 ,suot ,jeakkit
http://urn.fi/URN:NBN:fi:au:lapponica:L936 ,susi ,gumpe
http://urn.fi/URN:NBN:fi:au:lapponica:L513 ,suullinen perinne ,njálmmalálaš árbi
http://urn.fi/URN:NBN:fi:au:lapponica:L708 ,suviseurat ,geassečoakkálmasat
http://urn.fi/URN:NBN:fi:au:lapponica:L1021 ,syrjintä ,vealaheapmi
http://urn.fi/URN:NBN:fi:au:lapponica:L1077 ,syrjintä : etniset ryhmät ,vealaheapmi : etnihkalaš joavkkut
http://urn.fi/URN:NBN:fi:au:lapponica:L929 ,syrjäseudut ,boaittobealeguovllut
http://urn.fi/URN:NBN:fi:au:lapponica:L1078 ,syrjäänin kieli ,syrjäänagiella
http://urn.fi/URN:NBN:fi:au:lapponica:L1079 ,syrjäänit ,syrjäänat
http://urn.fi/URN:NBN:fi:au:lapponica:L43 ,syöksylasku ,gahčahatčierastepmi
http://urn.fi/URN:NBN:fi:au:lapponica:L1080 ,sähköistys ,šleađgadeapmi
http://urn.fi/URN:NBN:fi:au:lapponica:L1081 ,sähköntuotanto ,šleađgabuvttadus
http://urn.fi/URN:NBN:fi:au:lapponica:L1082 ,sähkövoimalat ,šleađgafápmorusttegat
http://urn.fi/URN:NBN:fi:au:lapponica:L349 ,säpikkäät ,gálssohat
http://urn.fi/URN:NBN:fi:au:lapponica:L327 ,sää ,dálki
http://urn.fi/URN:NBN:fi:au:lapponica:L1083 ,säähavainnot ,dálkeáiccastagat
http://urn.fi/URN:NBN:fi:au:lapponica:L257 ,sääilmiöt ,dálkeihtagat
http://urn.fi/URN:NBN:fi:au:lapponica:L1084 ,säänennustus ,dálkeeinnostus
http://urn.fi/URN:NBN:fi:au:lapponica:L1085 ,sääsket ,
http://urn.fi/URN:NBN:fi:au:lapponica:L523 ,taidekäsityö ,dáiddaduodji
http://urn.fi/URN:NBN:fi:au:lapponica:L279 ,taiga ,taiga
http://urn.fi/URN:NBN:fi:au:lapponica:L1086 ,taikausko ,diidaosku
http://urn.fi/URN:NBN:fi:au:lapponica:L474 ,taimen ,dápmot
http://urn.fi/URN:NBN:fi:au:lapponica:L1193 ,Taimyr ,Taimyr
http://urn.fi/URN:NBN:fi:au:lapponica:L1194 ,Taimyrin niemimaa ,Taimyrnjárga
http://urn.fi/URN:NBN:fi:au:lapponica:L963 ,takkaporot ,noađđehearggit
http://urn.fi/URN:NBN:fi:au:lapponica:L660 ,talvehtiminen ,dálvádeapmi
http://urn.fi/URN:NBN:fi:au:lapponica:L723 ,talvi ,dálvi
http://urn.fi/URN:NBN:fi:au:lapponica:L1088 ,talvikaupungit ,dálvegávpogat
http://urn.fi/URN:NBN:fi:au:lapponica:L1090 ,talvikunnossapito ,dálvebajásdoallan
http://urn.fi/URN:NBN:fi:au:lapponica:L685 ,talvikylät ,dálvesiiddat
http://urn.fi/URN:NBN:fi:au:lapponica:L582 ,talvimatkailu ,dálveturisma
http://urn.fi/URN:NBN:fi:au:lapponica:L1091 ,talvimerenkulku ,dálvemearrajohtin
http://urn.fi/URN:NBN:fi:au:lapponica:L731 ,talvirakentaminen ,dálvehuksen
http://urn.fi/URN:NBN:fi:au:lapponica:L1087 ,talviuni ,dálvenagir
http://urn.fi/URN:NBN:fi:au:lapponica:L41 ,talviurheilu ,dálvevalástallan
http://urn.fi/URN:NBN:fi:au:lapponica:L133 ,tanskalaistaminen ,dánskkaiduhttin
http://urn.fi/URN:NBN:fi:au:lapponica:L874 ,taruolennot ,máinnassivdnádusat
http://urn.fi/URN:NBN:fi:au:lapponica:L1011 ,tavaraliikenne ,gálvojohtalus
http://urn.fi/URN:NBN:fi:au:lapponica:L1092 ,tavgit (tavgisamojedit) ,tavgit (tavgisamojedat)
http://urn.fi/URN:NBN:fi:au:lapponica:L82 ,teatteri ,teáhter
http://urn.fi/URN:NBN:fi:au:lapponica:L1093 ,tekniikka ,teknihkka
http://urn.fi/URN:NBN:fi:au:lapponica:L39 ,tekoaltaat ,dahkuáldát
http://urn.fi/URN:NBN:fi:au:lapponica:L1029 ,teltat ,tealttát
http://urn.fi/URN:NBN:fi:au:lapponica:L557 ,tervakauppa ,bihkkagávpi
http://urn.fi/URN:NBN:fi:au:lapponica:L1094 ,tervanpoltto ,bihkkaboaldin
http://urn.fi/URN:NBN:fi:au:lapponica:L371 ,tiernapojat ,tierdnabártnit
http://urn.fi/URN:NBN:fi:au:lapponica:L639 ,tiet ,geainnut
http://urn.fi/URN:NBN:fi:au:lapponica:L889 ,tietäjät ,diehttit
http://urn.fi/URN:NBN:fi:au:lapponica:L1095 ,tontut ,donttot
http://urn.fi/URN:NBN:fi:au:lapponica:L1096 ,topografiset kartat ,topográfalaš kárttat
http://urn.fi/URN:NBN:fi:au:lapponica:L1195 ,Tornion Lappi ,Durtnosa Sápmi
http://urn.fi/URN:NBN:fi:au:lapponica:L1196 ,Tornionlaakso ,
http://urn.fi/URN:NBN:fi:au:lapponica:L1074 ,tornionlaaksolaiset (Ruotsi) ,Duortnoseanuleagi ássit (Ruoŧŧa)
http://urn.fi/URN:NBN:fi:au:lapponica:L636 ,torpparit ,toarpárat
http://urn.fi/URN:NBN:fi:au:lapponica:L805 ,totot ,
http://urn.fi/URN:NBN:fi:au:lapponica:L455 ,troolikalastus ,trolábivdu
http://urn.fi/URN:NBN:fi:au:lapponica:L1197 ,Tsuktsia ,Čukčaguovlu
http://urn.fi/URN:NBN:fi:au:lapponica:L1184 ,Tsuktsienmeri ,Čukčaidmearra
http://urn.fi/URN:NBN:fi:au:lapponica:L30 ,tsuktsit ,čukčat
http://urn.fi/URN:NBN:fi:au:lapponica:L1097 ,tsuudit ,čuđit
http://urn.fi/URN:NBN:fi:au:lapponica:L1099 ,tukkikämpät ,vuovdebargiidgámppát
http://urn.fi/URN:NBN:fi:au:lapponica:L1100 ,tukkilaiselokuvat ,dimbbargolgadanealligovat
http://urn.fi/URN:NBN:fi:au:lapponica:L393 ,tukkilaiset ,dimbbargolgadeaddjit
http://urn.fi/URN:NBN:fi:au:lapponica:L623 ,tukkilaiskisat ,dimbariinluoitingilvu
http://urn.fi/URN:NBN:fi:au:lapponica:L1101 ,tundra ,duottar
http://urn.fi/URN:NBN:fi:au:lapponica:L265 ,tundrahanhi ,stuorragiljobaš
http://urn.fi/URN:NBN:fi:au:lapponica:L1102 ,tunguusit ,tungusat
http://urn.fi/URN:NBN:fi:au:lapponica:L276 ,tunturihaukka ,rievssatfálli
http://urn.fi/URN:NBN:fi:au:lapponica:L546 ,tunturikasvillisuus ,duottaršattolašvuohta
http://urn.fi/URN:NBN:fi:au:lapponica:L612 ,tunturikoivu ,lageš
http://urn.fi/URN:NBN:fi:au:lapponica:L1103 ,tunturimittari ,lastamáhtu
http://urn.fi/URN:NBN:fi:au:lapponica:L941 ,tunturipeura ,duottargoddi
http://urn.fi/URN:NBN:fi:au:lapponica:L717 ,tunturipöllö ,jievjaskuolfi
http://urn.fi/URN:NBN:fi:au:lapponica:L1104 ,tunturisaame ,duottarsápmi
http://urn.fi/URN:NBN:fi:au:lapponica:L993 ,tunturisaamelaiset ,duottarsámit
http://urn.fi/URN:NBN:fi:au:lapponica:L1105 ,tunturit ,duottarat
http://urn.fi/URN:NBN:fi:au:lapponica:L159 ,tunturituvat ,duottarstobut
http://urn.fi/URN:NBN:fi:au:lapponica:L1107 ,tunturivaellus ,duottarvádjoleampi
http://urn.fi/URN:NBN:fi:au:lapponica:L110 ,tuolit ,stuolut
http://urn.fi/URN:NBN:fi:au:lapponica:L650 ,turjansaame ,darjjesápmi
http://urn.fi/URN:NBN:fi:au:lapponica:L935 ,turkit ,dorkkat
http://urn.fi/URN:NBN:fi:au:lapponica:L475 ,turska ,dorski
http://urn.fi/URN:NBN:fi:au:lapponica:L1108 ,turvevoimalat ,lavdnjefápmorusttegat
http://urn.fi/URN:NBN:fi:au:lapponica:L702 ,tutkijat (ei-saamelaiset) ,dutkit (eai-sámit)
http://urn.fi/URN:NBN:fi:au:lapponica:L1111 ,tutkimusasemat ,dutkanstašuvnnat
http://urn.fi/URN:NBN:fi:au:lapponica:L1112 ,tutkimusmatkailijat ,dutkanmátkkálččat
http://urn.fi/URN:NBN:fi:au:lapponica:L880 ,tutkimusmatkat ,dutkanmátkkit
http://urn.fi/URN:NBN:fi:au:lapponica:L1113 ,tutkimusretkikunnat ,dutkanekspedišuvnnat
http://urn.fi/URN:NBN:fi:au:lapponica:L1114 ,tutkimustyö ,dutkanbargu
http://urn.fi/URN:NBN:fi:au:lapponica:L1115 ,tuulivoimalat ,bieggafápmorusttegat
http://urn.fi/URN:NBN:fi:au:lapponica:L729 ,tykky ,ritni
http://urn.fi/URN:NBN:fi:au:lapponica:L1116 ,työkeskusliike ,bargoguovddášlihkadus
http://urn.fi/URN:NBN:fi:au:lapponica:L898 ,työtuvat (Norrbotten) ,bargostobut (Norrbotten)
http://urn.fi/URN:NBN:fi:au:lapponica:L518 ,työväenperinne ,bargiidluohkáárbi
http://urn.fi/URN:NBN:fi:au:lapponica:L1117 ,tähtitiede ,nástedieđa
http://urn.fi/URN:NBN:fi:au:lapponica:L1033 ,uhraaminen ,oaffaruššan
http://urn.fi/URN:NBN:fi:au:lapponica:L857 ,uhripaikat ,oaffarbáikkit
http://urn.fi/URN:NBN:fi:au:lapponica:L886 ,uitto ,dimbbargolgadeapmi
http://urn.fi/URN:NBN:fi:au:lapponica:L1118 ,uittoyhdistykset ,dimbbargolgadanovttastusat
http://urn.fi/URN:NBN:fi:au:lapponica:L1119 ,UK-puisto ,UK-álbmotmeahcci
http://urn.fi/URN:NBN:fi:au:lapponica:L542 ,ulkoilukartat ,olgolihkadankárttat
http://urn.fi/URN:NBN:fi:au:lapponica:L750 ,ulkoilureitit ,olgolihkadanjohtolagat
http://urn.fi/URN:NBN:fi:au:lapponica:L558 ,ulkomaankauppa ,olgoriikkagávpi
http://urn.fi/URN:NBN:fi:au:lapponica:L1056 ,uralilaiset kansat ,urálalaš álbmogat
http://urn.fi/URN:NBN:fi:au:lapponica:L1120 ,urheilukalastus ,
http://urn.fi/URN:NBN:fi:au:lapponica:L835 ,urheilumetsästys ,lustameahccebivdu
http://urn.fi/URN:NBN:fi:au:lapponica:L1121 ,Urho Kekkosen kansallispuisto ,Urho Kekkonena álbmotmeahcci
http://urn.fi/URN:NBN:fi:au:lapponica:L529 ,uskomukset ,jáhkut
http://urn.fi/URN:NBN:fi:au:lapponica:L1122 ,uskonnot ,oskkut
http://urn.fi/URN:NBN:fi:au:lapponica:L933 ,uskontotiede ,oskodieđa
http://urn.fi/URN:NBN:fi:au:lapponica:L144 ,uudisasukkaat ,ođđaássit
http://urn.fi/URN:NBN:fi:au:lapponica:L145 ,uudistilat ,ođđadálut
http://urn.fi/URN:NBN:fi:au:lapponica:L1049 ,uumajansaame ,ubmisápmi
http://urn.fi/URN:NBN:fi:au:lapponica:L718 ,uunilinnut ,rievssatcizážat
http://urn.fi/URN:NBN:fi:au:lapponica:L709 ,uusiheräys ,ođđamorráneapmi
http://urn.fi/URN:NBN:fi:au:lapponica:L1106 ,vaarat ,várit
http://urn.fi/URN:NBN:fi:au:lapponica:L202 ,vaellus ,vádjoleapmi
http://urn.fi/URN:NBN:fi:au:lapponica:L477 ,vaelluskalat ,vádjolusguolit
http://urn.fi/URN:NBN:fi:au:lapponica:L1098 ,vainolaiset ,dorrádallit
http://urn.fi/URN:NBN:fi:au:lapponica:L527 ,vainolaistarinat ,čuhtemuitalusat
http://urn.fi/URN:NBN:fi:au:lapponica:L613 ,vaivaiskoivu ,skierri
http://urn.fi/URN:NBN:fi:au:lapponica:L1123 ,valaanpyynti ,fálesbivdu
http://urn.fi/URN:NBN:fi:au:lapponica:L1124 ,valaat ,fállát
http://urn.fi/URN:NBN:fi:au:lapponica:L189 ,valjakkourheilu ,geasusvalástallan
http://urn.fi/URN:NBN:fi:au:lapponica:L1125 ,valtionmaat ,stáhtaeatnamat
http://urn.fi/URN:NBN:fi:au:lapponica:L840 ,valtionmetsät ,stáhtavuovddit
http://urn.fi/URN:NBN:fi:au:lapponica:L841 ,vanhat metsät ,boares vuovddit
http://urn.fi/URN:NBN:fi:au:lapponica:L710 ,vanhoillislestadiolaisuus ,vanhoillislestadiolašvuohta
http://urn.fi/URN:NBN:fi:au:lapponica:L413 ,variksenmarja ,čáhppesmuorji
http://urn.fi/URN:NBN:fi:au:lapponica:L973 ,vasanmerkintä ,miessemearkun
http://urn.fi/URN:NBN:fi:au:lapponica:L968 ,vasat ,miesit
http://urn.fi/URN:NBN:fi:au:lapponica:L1126 ,vasonta ,guottet
http://urn.fi/URN:NBN:fi:au:lapponica:L770 ,vastarintaliikkeet ,vuostálastinlihkadusat
http://urn.fi/URN:NBN:fi:au:lapponica:L134 ,venäläistäminen ,ruoššaiduhttin
http://urn.fi/URN:NBN:fi:au:lapponica:L688 ,verotus ,vearuheapmi
http://urn.fi/URN:NBN:fi:au:lapponica:L1051 ,vesien saastuminen ,čáziidnuoskun
http://urn.fi/URN:NBN:fi:au:lapponica:L1127 ,vesiensuojelu ,čáziidsuodjaleapmi
http://urn.fi/URN:NBN:fi:au:lapponica:L1128 ,vesioikeus ,čáhceriekti
http://urn.fi/URN:NBN:fi:au:lapponica:L1129 ,vesirakennus ,čáhcehuksenbarggut
http://urn.fi/URN:NBN:fi:au:lapponica:L35 ,vesistöjen säännöstely ,čázádagaid dulvadeapmi
http://urn.fi/URN:NBN:fi:au:lapponica:L1130 ,vesistöt ,čázádagat
http://urn.fi/URN:NBN:fi:au:lapponica:L1131 ,vesivoima ,čáhcefápmu
http://urn.fi/URN:NBN:fi:au:lapponica:L1132 ,vesivoimalat ,čáhcefápmorusttegat
http://urn.fi/URN:NBN:fi:au:lapponica:L1198 ,Vienanmeri ,Vilgesmearra
http://urn.fi/URN:NBN:fi:au:lapponica:L689 ,viikinkiretket ,vikiŋŋamátkkit
http://urn.fi/URN:NBN:fi:au:lapponica:L719 ,viklot ,čovžot
http://urn.fi/URN:NBN:fi:au:lapponica:L476 ,villakuore ,šákša
http://urn.fi/URN:NBN:fi:au:lapponica:L456 ,virkistyskalastus ,lustaguolastus
http://urn.fi/URN:NBN:fi:au:lapponica:L1133 ,vogulin kieli ,vogulagiella
http://urn.fi/URN:NBN:fi:au:lapponica:L1134 ,vogulit ,vogulat
http://urn.fi/URN:NBN:fi:au:lapponica:L1135 ,voimalaitokset ,fápmorusttegat
http://urn.fi/URN:NBN:fi:au:lapponica:L1109 ,voimalat ,
http://urn.fi/URN:NBN:fi:au:lapponica:L483 ,vuorikiipeily ,várregavccodeapmi
http://urn.fi/URN:NBN:fi:au:lapponica:L1136 ,Vuotos ,Vuotos (P)
http://urn.fi/URN:NBN:fi:au:lapponica:L380 ,vuotuismuutto ,jahkodatjohtin
http://urn.fi/URN:NBN:fi:au:lapponica:L242 ,väestönsiirrot ,álbmotsirdimat
http://urn.fi/URN:NBN:fi:au:lapponica:L494 ,vähemmistöpolitiikka ,vehádatpolitihkka
http://urn.fi/URN:NBN:fi:au:lapponica:L217 ,vähemmistöt ,vehádagat
http://urn.fi/URN:NBN:fi:au:lapponica:L551 ,väinönputki ,boska
http://urn.fi/URN:NBN:fi:au:lapponica:L67 ,väliportaan hallinto ,gaskaceahki hálddahus
http://urn.fi/URN:NBN:fi:au:lapponica:L1137 ,ydinjätteet ,váimmusbázahusat
http://urn.fi/URN:NBN:fi:au:lapponica:L1138 ,ydinkokeet ,váimmusvearjogeahččaleamit
http://urn.fi/URN:NBN:fi:au:lapponica:L956 ,ydinvoimalat ,váimmusfápmorusttegat
http://urn.fi/URN:NBN:fi:au:lapponica:L299 ,yhdistetty hiihto ,čuoigan- ja njuikengilvu
http://urn.fi/URN:NBN:fi:au:lapponica:L1140 ,yhteisalueet ,oktasašguovllut
http://urn.fi/URN:NBN:fi:au:lapponica:L488 ,yhteisyritykset ,oktasašfitnodagat
http://urn.fi/URN:NBN:fi:au:lapponica:L260 ,yliluonnolliset olennot ,badjellunddolaš sivdnádusat
http://urn.fi/URN:NBN:fi:au:lapponica:L1141 ,ympäristöhaitat ,birasheađuštusat
http://urn.fi/URN:NBN:fi:au:lapponica:L1142 ,ympäristökysymykset ,birasgažaldagat
http://urn.fi/URN:NBN:fi:au:lapponica:L1143 ,ympäristöliikkeet ,biraslihkadusat
http://urn.fi/URN:NBN:fi:au:lapponica:L1024 ,ympäristömyrkyt ,birasmirkkot
http://urn.fi/URN:NBN:fi:au:lapponica:L1052 ,ympäristön saastuminen ,birasnuoskun
http://urn.fi/URN:NBN:fi:au:lapponica:L1144 ,ympäristön tila ,birrasa dilli
http://urn.fi/URN:NBN:fi:au:lapponica:L741 ,ympäristönsuojelu ,birassuodjaleapmi
http://urn.fi/URN:NBN:fi:au:lapponica:L1145 ,ympäristöongelmat ,birasváttisvuođat
http://urn.fi/URN:NBN:fi:au:lapponica:L1146 ,ympäristöonnettomuudet ,biraslihkohisvuođat
http://urn.fi/URN:NBN:fi:au:lapponica:L1147 ,ympäristöpolitiikka ,biraspolitihkka
http://urn.fi/URN:NBN:fi:au:lapponica:L1148 ,ympäristövahingot ,birasvahágat
http://urn.fi/URN:NBN:fi:au:lapponica:L1149 ,ympäristövaikutukset ,birasváikkuhusat
http://urn.fi/URN:NBN:fi:au:lapponica:L1150 ,ympäristövauriot ,
http://urn.fi/URN:NBN:fi:au:lapponica:L1164 ,Yukon ,Yukon
http://urn.fi/URN:NBN:fi:au:lapponica:L1151 ,öljynetsintä ,oljoohcan
http://urn.fi/URN:NBN:fi:au:lapponica:L416 ,öljynporaus ,oljobohkan
http://urn.fi/URN:NBN:fi:au:lapponica:L1152 ,öljyvarat ,oljoriggodagat
